horizon,size,mode,a,b,corr,agree_active,both_flat,redundant
long,2,all,all(ma_crossover+bb_breakout),all(ma_crossover+keltner),0.9009195775601812,0.8442367601246106,False,True
long,2,all,all(ma_crossover+bb_reversion),all(ma_crossover+zscore),0.9999999999999999,1.0,False,True
long,2,all,all(macd+bb_breakout),all(macd+keltner),0.8512805175264253,0.794392523364486,False,True
long,2,all,all(macd+bb_reversion),all(macd+zscore),1.0,1.0,False,True
long,2,all,all(ma_ribbon+bb_breakout),all(ma_ribbon+keltner),0.8730586999920662,0.7610789980732178,False,True
long,2,all,all(ma_ribbon+bb_reversion),all(ma_ribbon+zscore),0.9999999999999999,1.0,False,True
long,2,all,all(ichimoku+bb_breakout),all(ichimoku+keltner),0.9118806195569623,0.8670212765957447,False,True
long,2,all,all(ichimoku+bb_reversion),all(ichimoku+zscore),,,True,True
long,2,all,all(ts_momentum+bb_breakout),all(ts_momentum+keltner),0.8755090764065959,0.8084507042253521,False,True
long,2,all,all(ts_momentum+bb_reversion),all(ts_momentum+zscore),1.0,1.0,False,True
long,2,all,all(dual_momentum+bb_breakout),all(dual_momentum+keltner),0.8387784954368285,0.782608695652174,False,True
long,2,all,all(dual_momentum+bb_reversion),all(dual_momentum+zscore),1.0,1.0,False,True
long,2,all,all(sma_regime+bb_breakout),all(sma_regime+keltner),0.8676523240884847,0.8039702233250621,False,True
long,2,all,all(sma_regime+bb_reversion),all(sma_regime+zscore),,,True,True
long,2,all,all(adx_trend+bb_breakout),all(adx_trend+keltner),0.9823761738416805,0.9683544303797469,False,True
long,2,all,all(adx_trend+bb_reversion),all(adx_trend+zscore),,,True,True
long,2,all,all(hurst_switch+bb_breakout),all(hurst_switch+keltner),0.9882583627044853,0.9772727272727273,False,True
long,2,all,all(hurst_switch+bb_reversion),all(hurst_switch+zscore),1.0,1.0,False,True
long,2,all,all(vol_regime+bb_breakout),all(vol_regime+keltner),0.843136975931705,0.7480314960629921,False,True
long,2,all,all(vol_regime+bb_reversion),all(vol_regime+zscore),,,True,True
long,2,all,all(breakout+bb_breakout),all(breakout+keltner),0.9247357730630029,0.8902439024390244,False,True
long,2,all,all(breakout+bb_reversion),all(breakout+zscore),,,True,True
long,2,all,all(bb_breakout+rsi),all(keltner+rsi),,0.0,False,False
long,2,all,all(bb_breakout+stochastic),all(keltner+stochastic),,,True,True
long,2,all,all(bb_breakout+bb_reversion),all(bb_breakout+zscore),,,True,True
long,2,all,all(bb_breakout+bb_reversion),all(keltner+bb_reversion),,,True,True
long,2,all,all(bb_breakout+bb_reversion),all(keltner+zscore),,,True,True
long,2,all,all(bb_breakout+zscore),all(keltner+bb_reversion),,,True,True
long,2,all,all(bb_breakout+zscore),all(keltner+zscore),,,True,True
long,2,all,all(keltner+bb_reversion),all(keltner+zscore),,,True,True
long,2,all,all(bb_breakout+vwap_reversion),all(keltner+vwap_reversion),,,True,True
long,2,all,all(bb_breakout+ou_reversion),all(keltner+ou_reversion),,0.0,False,False
long,2,all,all(bb_breakout+obv_trend),all(keltner+obv_trend),0.8310344839357425,0.7811244979919679,False,True
long,2,all,all(rsi+bb_reversion),all(rsi+zscore),0.9999999999999999,1.0,False,True
long,2,all,all(stochastic+bb_reversion),all(stochastic+zscore),1.0,1.0,False,True
long,2,all,all(bb_reversion+vwap_reversion),all(zscore+vwap_reversion),1.0,1.0,False,True
long,2,all,all(bb_reversion+ou_reversion),all(zscore+ou_reversion),0.9999999999999999,1.0,False,True
long,2,all,all(bb_reversion+obv_trend),all(zscore+obv_trend),1.0,1.0,False,True
long,2,any,any(ma_crossover+bb_breakout),any(ma_crossover+keltner),0.9029455372093986,0.9105322763306908,False,True
long,2,any,any(ma_crossover+bb_reversion),any(ma_crossover+zscore),1.0,1.0,False,True
long,2,any,any(macd+bb_breakout),any(macd+keltner),0.9475718997731792,0.958627648839556,False,True
long,2,any,any(macd+bb_reversion),any(macd+zscore),1.0,1.0,False,True
long,2,any,any(ma_ribbon+bb_breakout),any(ma_ribbon+keltner),0.9374529172878764,0.9960474308300395,False,True
long,2,any,any(ma_ribbon+bb_reversion),any(ma_ribbon+zscore),1.0,1.0,False,True
long,2,any,any(ichimoku+bb_breakout),any(ichimoku+keltner),0.8985603079927068,0.8841642228739003,False,True
long,2,any,any(ichimoku+bb_reversion),any(ichimoku+zscore),1.0,1.0,False,True
long,2,any,any(ts_momentum+bb_breakout),any(ts_momentum+keltner),0.9261499538615603,0.9298043728423475,False,True
long,2,any,any(ts_momentum+bb_reversion),any(ts_momentum+zscore),0.9999999999999999,1.0,False,True
long,2,any,any(dual_momentum+bb_breakout),any(dual_momentum+keltner),0.9644806169600696,0.9657210401891253,False,True
long,2,any,any(dual_momentum+bb_reversion),any(dual_momentum+zscore),0.9999999999999999,1.0,False,True
long,2,any,any(sma_regime+bb_breakout),any(sma_regime+keltner),0.9399336710369902,0.9355670103092784,False,True
long,2,any,any(sma_regime+bb_reversion),any(sma_regime+zscore),0.9999999999999999,1.0,False,True
long,2,any,any(adx_trend+bb_breakout),any(adx_trend+keltner),0.8142024174262322,0.7651515151515151,False,True
long,2,any,any(adx_trend+bb_reversion),any(adx_trend+zscore),1.0,1.0,False,True
long,2,any,any(hurst_switch+bb_breakout),any(hurst_switch+keltner),0.8105043224382222,0.7634011090573013,False,True
long,2,any,any(hurst_switch+bb_reversion),any(hurst_switch+zscore),1.0,1.0,False,True
long,2,any,any(vol_regime+bb_breakout),any(vol_regime+keltner),0.9164825586497145,0.9012158054711246,False,True
long,2,any,any(vol_regime+bb_reversion),any(vol_regime+zscore),1.0,1.0,False,True
long,2,any,any(breakout+bb_breakout),any(breakout+keltner),0.8915474272004766,0.8705701078582434,False,True
long,2,any,any(breakout+bb_reversion),any(breakout+zscore),1.0,1.0,False,True
long,2,any,any(bb_breakout+rsi),any(keltner+rsi),0.8531428068550919,0.873538788522848,False,True
long,2,any,any(bb_breakout+stochastic),any(keltner+stochastic),0.8195468685777638,0.8887931034482759,False,True
long,2,any,any(bb_breakout+bb_reversion),any(bb_breakout+zscore),0.9999999999999999,1.0,False,True
long,2,any,any(bb_breakout+bb_reversion),any(keltner+bb_reversion),0.8367624200241662,0.8729064039408867,False,True
long,2,any,any(bb_breakout+bb_reversion),any(keltner+zscore),0.8367624200241662,0.8729064039408867,False,True
long,2,any,any(bb_breakout+zscore),any(keltner+bb_reversion),0.8367624200241662,0.8729064039408867,False,True
long,2,any,any(bb_breakout+zscore),any(keltner+zscore),0.8367624200241662,0.8729064039408867,False,True
long,2,any,any(keltner+bb_reversion),any(keltner+zscore),0.9999999999999999,1.0,False,True
long,2,any,any(bb_breakout+vwap_reversion),any(keltner+vwap_reversion),0.7792853006537298,0.9013761467889908,False,True
long,2,any,any(bb_breakout+ou_reversion),any(keltner+ou_reversion),0.8363170441855358,0.8137108792846498,False,True
long,2,any,any(bb_breakout+obv_trend),any(keltner+obv_trend),0.9754949889006986,0.9763593380614657,False,True
long,2,any,any(rsi+bb_reversion),any(rsi+zscore),0.9999999999999999,1.0,False,True
long,2,any,any(stochastic+bb_reversion),any(stochastic+zscore),0.9999999999999999,1.0,False,True
long,2,any,any(bb_reversion+vwap_reversion),any(zscore+vwap_reversion),1.0,1.0,False,True
long,2,any,any(bb_reversion+ou_reversion),any(zscore+ou_reversion),1.0,1.0,False,True
long,2,any,any(bb_reversion+obv_trend),any(zscore+obv_trend),0.9999999999999999,1.0,False,True
long,2,vote,vote(ma_crossover+bb_breakout),vote(ma_crossover+keltner),0.9318778047669029,0.9105322763306908,False,True
long,2,vote,vote(ma_crossover+bb_reversion),vote(ma_crossover+zscore),1.0,1.0,False,True
long,2,vote,vote(macd+bb_breakout),vote(macd+keltner),0.9354701636527751,0.958627648839556,False,True
long,2,vote,vote(macd+bb_reversion),vote(macd+zscore),1.0,1.0,False,True
long,2,vote,vote(ma_ribbon+bb_breakout),vote(ma_ribbon+keltner),0.9209658151325555,0.9960474308300395,False,True
long,2,vote,vote(ma_ribbon+bb_reversion),vote(ma_ribbon+zscore),1.0,1.0,False,True
long,2,vote,vote(ichimoku+bb_breakout),vote(ichimoku+keltner),0.9414655675491809,0.8841642228739003,False,True
long,2,vote,vote(ichimoku+bb_reversion),vote(ichimoku+zscore),1.0,1.0,False,True
long,2,vote,vote(ts_momentum+bb_breakout),vote(ts_momentum+keltner),0.9357590530760486,0.9298043728423475,False,True
long,2,vote,vote(ts_momentum+bb_reversion),vote(ts_momentum+zscore),1.0,1.0,False,True
long,2,vote,vote(dual_momentum+bb_breakout),vote(dual_momentum+keltner),0.9425982549435223,0.9657210401891253,False,True
long,2,vote,vote(dual_momentum+bb_reversion),vote(dual_momentum+zscore),0.9999999999999998,1.0,False,True
long,2,vote,vote(sma_regime+bb_breakout),vote(sma_regime+keltner),0.9421600818219499,0.9355670103092784,False,True
long,2,vote,vote(sma_regime+bb_reversion),vote(sma_regime+zscore),0.9999999999999999,1.0,False,True
long,2,vote,vote(adx_trend+bb_breakout),vote(adx_trend+keltner),0.9073765766239995,0.7651515151515151,False,True
long,2,vote,vote(adx_trend+bb_reversion),vote(adx_trend+zscore),1.0,1.0,False,True
long,2,vote,vote(hurst_switch+bb_breakout),vote(hurst_switch+keltner),0.854034816094952,0.7634011090573013,False,True
long,2,vote,vote(hurst_switch+bb_reversion),vote(hurst_switch+zscore),1.0,1.0,False,True
long,2,vote,vote(vol_regime+bb_breakout),vote(vol_regime+keltner),0.9263589116227671,0.9012158054711246,False,True
long,2,vote,vote(vol_regime+bb_reversion),vote(vol_regime+zscore),1.0,1.0,False,True
long,2,vote,vote(breakout+bb_breakout),vote(breakout+keltner),0.9448636714888912,0.8705701078582434,False,True
long,2,vote,vote(breakout+bb_reversion),vote(breakout+zscore),1.0,1.0,False,True
long,2,vote,vote(bb_breakout+rsi),vote(keltner+rsi),0.844334824633049,0.873538788522848,False,True
long,2,vote,vote(bb_breakout+stochastic),vote(keltner+stochastic),0.8195468685777638,0.8887931034482759,False,True
long,2,vote,vote(bb_breakout+bb_reversion),vote(bb_breakout+zscore),0.9999999999999999,1.0,False,True
long,2,vote,vote(bb_breakout+bb_reversion),vote(keltner+bb_reversion),0.8367624200241662,0.8729064039408867,False,True
long,2,vote,vote(bb_breakout+bb_reversion),vote(keltner+zscore),0.8367624200241662,0.8729064039408867,False,True
long,2,vote,vote(bb_breakout+zscore),vote(keltner+bb_reversion),0.8367624200241662,0.8729064039408867,False,True
long,2,vote,vote(bb_breakout+zscore),vote(keltner+zscore),0.8367624200241662,0.8729064039408867,False,True
long,2,vote,vote(keltner+bb_reversion),vote(keltner+zscore),0.9999999999999999,1.0,False,True
long,2,vote,vote(bb_breakout+vwap_reversion),vote(keltner+vwap_reversion),0.7792853006537298,0.9013761467889908,False,True
long,2,vote,vote(bb_breakout+ou_reversion),vote(keltner+ou_reversion),0.8328583069899644,0.8137108792846498,False,True
long,2,vote,vote(bb_breakout+obv_trend),vote(keltner+obv_trend),0.9444594455905126,0.9763593380614657,False,True
long,2,vote,vote(rsi+bb_reversion),vote(rsi+zscore),1.0,1.0,False,True
long,2,vote,vote(stochastic+bb_reversion),vote(stochastic+zscore),1.0,1.0,False,True
long,2,vote,vote(bb_reversion+vwap_reversion),vote(zscore+vwap_reversion),0.9999999999999999,1.0,False,True
long,2,vote,vote(bb_reversion+ou_reversion),vote(zscore+ou_reversion),1.0,1.0,False,True
long,2,vote,vote(bb_reversion+obv_trend),vote(zscore+obv_trend),0.9999999999999999,1.0,False,True
long,3,all,all(ma_crossover+macd+bb_breakout),all(ma_crossover+macd+keltner),0.9244107722886821,0.8745098039215686,False,True
long,3,all,all(ma_crossover+macd+bb_reversion),all(ma_crossover+macd+zscore),,,True,True
long,3,all,all(ma_crossover+ma_ribbon+bb_breakout),all(ma_crossover+ma_ribbon+keltner),0.9292608467992628,0.8442367601246106,False,True
long,3,all,all(ma_crossover+ma_ribbon+bb_reversion),all(ma_crossover+ma_ribbon+zscore),0.9999999999999999,1.0,False,True
long,3,all,all(ma_crossover+ichimoku+bb_breakout),all(ma_crossover+ichimoku+keltner),0.9171076447078814,0.8685897435897436,False,True
long,3,all,all(ma_crossover+ichimoku+bb_reversion),all(ma_crossover+ichimoku+zscore),,,True,True
long,3,all,all(ma_crossover+ts_momentum+bb_breakout),all(ma_crossover+ts_momentum+keltner),0.8990839127763025,0.8383838383838383,False,True
long,3,all,all(ma_crossover+ts_momentum+bb_reversion),all(ma_crossover+ts_momentum+zscore),1.0,1.0,False,True
long,3,all,all(ma_crossover+dual_momentum+bb_breakout),all(ma_crossover+dual_momentum+keltner),0.9057924801332886,0.8475177304964538,False,True
long,3,all,all(ma_crossover+dual_momentum+bb_reversion),all(ma_crossover+dual_momentum+zscore),,,True,True
long,3,all,all(ma_crossover+sma_regime+bb_breakout),all(ma_crossover+sma_regime+keltner),0.9009195775601812,0.8442367601246106,False,True
long,3,all,all(ma_crossover+sma_regime+bb_reversion),all(ma_crossover+sma_regime+zscore),,,True,True
long,3,all,all(ma_crossover+adx_trend+bb_breakout),all(ma_crossover+adx_trend+keltner),0.9958132060496767,0.9923076923076923,False,True
long,3,all,all(ma_crossover+adx_trend+bb_reversion),all(ma_crossover+adx_trend+zscore),,,True,True
long,3,all,all(ma_crossover+hurst_switch+bb_breakout),all(ma_crossover+hurst_switch+keltner),0.9999999999999998,1.0,False,True
long,3,all,all(ma_crossover+hurst_switch+bb_reversion),all(ma_crossover+hurst_switch+zscore),0.9999999999999999,1.0,False,True
long,3,all,all(ma_crossover+vol_regime+bb_breakout),all(ma_crossover+vol_regime+keltner),0.8947118867327508,0.8223350253807107,False,True
long,3,all,all(ma_crossover+vol_regime+bb_reversion),all(ma_crossover+vol_regime+zscore),,,True,True
long,3,all,all(ma_crossover+breakout+bb_breakout),all(ma_crossover+breakout+keltner),0.9747439517502963,0.9581749049429658,False,True
long,3,all,all(ma_crossover+breakout+bb_reversion),all(ma_crossover+breakout+zscore),,,True,True
long,3,all,all(ma_crossover+bb_breakout+rsi),all(ma_crossover+keltner+rsi),,,True,True
long,3,all,all(ma_crossover+bb_breakout+stochastic),all(ma_crossover+keltner+stochastic),,,True,True
long,3,all,all(ma_crossover+bb_breakout+bb_reversion),all(ma_crossover+bb_breakout+zscore),,,True,True
long,3,all,all(ma_crossover+bb_breakout+bb_reversion),all(ma_crossover+keltner+bb_reversion),,,True,True
long,3,all,all(ma_crossover+bb_breakout+bb_reversion),all(ma_crossover+keltner+zscore),,,True,True
long,3,all,all(ma_crossover+bb_breakout+zscore),all(ma_crossover+keltner+bb_reversion),,,True,True
long,3,all,all(ma_crossover+bb_breakout+zscore),all(ma_crossover+keltner+zscore),,,True,True
long,3,all,all(ma_crossover+keltner+bb_reversion),all(ma_crossover+keltner+zscore),,,True,True
long,3,all,all(ma_crossover+bb_breakout+vwap_reversion),all(ma_crossover+keltner+vwap_reversion),,,True,True
long,3,all,all(ma_crossover+bb_breakout+ou_reversion),all(ma_crossover+keltner+ou_reversion),,,True,True
long,3,all,all(ma_crossover+bb_breakout+obv_trend),all(ma_crossover+keltner+obv_trend),0.9307515776825703,0.8888888888888888,False,True
long,3,all,all(ma_crossover+rsi+bb_reversion),all(ma_crossover+rsi+zscore),1.0,1.0,False,True
long,3,all,all(ma_crossover+stochastic+bb_reversion),all(ma_crossover+stochastic+zscore),0.9999999999999999,1.0,False,True
long,3,all,all(ma_crossover+bb_reversion+vwap_reversion),all(ma_crossover+zscore+vwap_reversion),0.9999999999999999,1.0,False,True
long,3,all,all(ma_crossover+bb_reversion+ou_reversion),all(ma_crossover+zscore+ou_reversion),1.0,1.0,False,True
long,3,all,all(ma_crossover+bb_reversion+obv_trend),all(ma_crossover+zscore+obv_trend),1.0,1.0,False,True
long,3,all,all(macd+ma_ribbon+bb_breakout),all(macd+ma_ribbon+keltner),0.9344429143582892,0.8023809523809524,False,True
long,3,all,all(macd+ma_ribbon+bb_reversion),all(macd+ma_ribbon+zscore),1.0,1.0,False,True
long,3,all,all(macd+ichimoku+bb_breakout),all(macd+ichimoku+keltner),0.9362832684746042,0.8976897689768977,False,True
long,3,all,all(macd+ichimoku+bb_reversion),all(macd+ichimoku+zscore),,,True,True
long,3,all,all(macd+ts_momentum+bb_breakout),all(macd+ts_momentum+keltner),0.8924971797812375,0.8271186440677966,False,True
long,3,all,all(macd+ts_momentum+bb_reversion),all(macd+ts_momentum+zscore),0.9999999999999998,1.0,False,True
long,3,all,all(macd+dual_momentum+bb_breakout),all(macd+dual_momentum+keltner),0.8545253763562798,0.7971360381861575,False,True
long,3,all,all(macd+dual_momentum+bb_reversion),all(macd+dual_momentum+zscore),1.0,1.0,False,True
long,3,all,all(macd+sma_regime+bb_breakout),all(macd+sma_regime+keltner),0.8826969724497573,0.8168168168168168,False,True
long,3,all,all(macd+sma_regime+bb_reversion),all(macd+sma_regime+zscore),,,True,True
long,3,all,all(macd+adx_trend+bb_breakout),all(macd+adx_trend+keltner),0.9824297194917122,0.967741935483871,False,True
long,3,all,all(macd+adx_trend+bb_reversion),all(macd+adx_trend+zscore),,,True,True
long,3,all,all(macd+hurst_switch+bb_breakout),all(macd+hurst_switch+keltner),0.9853007713702886,0.9714285714285714,False,True
long,3,all,all(macd+hurst_switch+bb_reversion),all(macd+hurst_switch+zscore),1.0,1.0,False,True
long,3,all,all(macd+vol_regime+bb_breakout),all(macd+vol_regime+keltner),0.8417793825650588,0.7383177570093458,False,True
long,3,all,all(macd+vol_regime+bb_reversion),all(macd+vol_regime+zscore),,,True,True
long,3,all,all(macd+breakout+bb_breakout),all(macd+breakout+keltner),0.9764466313214308,0.9623824451410659,False,True
long,3,all,all(macd+breakout+bb_reversion),all(macd+breakout+zscore),,,True,True
long,3,all,all(macd+bb_breakout+rsi),all(macd+keltner+rsi),,0.0,False,False
long,3,all,all(macd+bb_breakout+stochastic),all(macd+keltner+stochastic),,,True,True
long,3,all,all(macd+bb_breakout+bb_reversion),all(macd+bb_breakout+zscore),,,True,True
long,3,all,all(macd+bb_breakout+bb_reversion),all(macd+keltner+bb_reversion),,,True,True
long,3,all,all(macd+bb_breakout+bb_reversion),all(macd+keltner+zscore),,,True,True
long,3,all,all(macd+bb_breakout+zscore),all(macd+keltner+bb_reversion),,,True,True
long,3,all,all(macd+bb_breakout+zscore),all(macd+keltner+zscore),,,True,True
long,3,all,all(macd+keltner+bb_reversion),all(macd+keltner+zscore),,,True,True
long,3,all,all(macd+bb_breakout+vwap_reversion),all(macd+keltner+vwap_reversion),,,True,True
long,3,all,all(macd+bb_breakout+ou_reversion),all(macd+keltner+ou_reversion),,0.0,False,False
long,3,all,all(macd+bb_breakout+obv_trend),all(macd+keltner+obv_trend),0.8790769691694379,0.8283582089552238,False,True
long,3,all,all(macd+rsi+bb_reversion),all(macd+rsi+zscore),1.0,1.0,False,True
long,3,all,all(macd+stochastic+bb_reversion),all(macd+stochastic+zscore),0.9999999999999999,1.0,False,True
long,3,all,all(macd+bb_reversion+vwap_reversion),all(macd+zscore+vwap_reversion),0.9999999999999999,1.0,False,True
long,3,all,all(macd+bb_reversion+ou_reversion),all(macd+zscore+ou_reversion),1.0,1.0,False,True
long,3,all,all(macd+bb_reversion+obv_trend),all(macd+zscore+obv_trend),1.0,1.0,False,True
long,3,all,all(ma_ribbon+ichimoku+bb_breakout),all(ma_ribbon+ichimoku+keltner),0.9291348387929691,0.8670212765957447,False,True
long,3,all,all(ma_ribbon+ichimoku+bb_reversion),all(ma_ribbon+ichimoku+zscore),,,True,True
long,3,all,all(ma_ribbon+ts_momentum+bb_breakout),all(ma_ribbon+ts_momentum+keltner),0.9271557316188125,0.8107344632768362,False,True
long,3,all,all(ma_ribbon+ts_momentum+bb_reversion),all(ma_ribbon+ts_momentum+zscore),1.0,1.0,False,True
long,3,all,all(ma_ribbon+dual_momentum+bb_breakout),all(ma_ribbon+dual_momentum+keltner),0.9135269401917946,0.7898230088495575,False,True
long,3,all,all(ma_ribbon+dual_momentum+bb_reversion),all(ma_ribbon+dual_momentum+zscore),1.0,1.0,False,True
long,3,all,all(ma_ribbon+sma_regime+bb_breakout),all(ma_ribbon+sma_regime+keltner),0.9221802027407271,0.8059701492537313,False,True
long,3,all,all(ma_ribbon+sma_regime+bb_reversion),all(ma_ribbon+sma_regime+zscore),,,True,True
long,3,all,all(ma_ribbon+adx_trend+bb_breakout),all(ma_ribbon+adx_trend+keltner),0.997580763397175,0.9934640522875817,False,True
long,3,all,all(ma_ribbon+adx_trend+bb_reversion),all(ma_ribbon+adx_trend+zscore),,,True,True
long,3,all,all(ma_ribbon+hurst_switch+bb_breakout),all(ma_ribbon+hurst_switch+keltner),1.0,1.0,False,True
long,3,all,all(ma_ribbon+hurst_switch+bb_reversion),all(ma_ribbon+hurst_switch+zscore),1.0,1.0,False,True
long,3,all,all(ma_ribbon+vol_regime+bb_breakout),all(ma_ribbon+vol_regime+keltner),0.9241154238795927,0.7509881422924901,False,True
long,3,all,all(ma_ribbon+vol_regime+bb_reversion),all(ma_ribbon+vol_regime+zscore),,,True,True
long,3,all,all(ma_ribbon+breakout+bb_breakout),all(ma_ribbon+breakout+keltner),0.931412420784276,0.8899755501222494,False,True
long,3,all,all(ma_ribbon+breakout+bb_reversion),all(ma_ribbon+breakout+zscore),,,True,True
long,3,all,all(ma_ribbon+bb_breakout+rsi),all(ma_ribbon+keltner+rsi),,0.0,False,False
long,3,all,all(ma_ribbon+bb_breakout+stochastic),all(ma_ribbon+keltner+stochastic),,,True,True
long,3,all,all(ma_ribbon+bb_breakout+bb_reversion),all(ma_ribbon+bb_breakout+zscore),,,True,True
long,3,all,all(ma_ribbon+bb_breakout+bb_reversion),all(ma_ribbon+keltner+bb_reversion),,,True,True
long,3,all,all(ma_ribbon+bb_breakout+bb_reversion),all(ma_ribbon+keltner+zscore),,,True,True
long,3,all,all(ma_ribbon+bb_breakout+zscore),all(ma_ribbon+keltner+bb_reversion),,,True,True
long,3,all,all(ma_ribbon+bb_breakout+zscore),all(ma_ribbon+keltner+zscore),,,True,True
long,3,all,all(ma_ribbon+keltner+bb_reversion),all(ma_ribbon+keltner+zscore),,,True,True
long,3,all,all(ma_ribbon+bb_breakout+vwap_reversion),all(ma_ribbon+keltner+vwap_reversion),,,True,True
long,3,all,all(ma_ribbon+bb_breakout+ou_reversion),all(ma_ribbon+keltner+ou_reversion),,0.0,False,False
long,3,all,all(ma_ribbon+bb_breakout+obv_trend),all(ma_ribbon+keltner+obv_trend),0.8885269242987117,0.7881873727087576,False,True
long,3,all,all(ma_ribbon+rsi+bb_reversion),all(ma_ribbon+rsi+zscore),1.0,1.0,False,True
long,3,all,all(ma_ribbon+stochastic+bb_reversion),all(ma_ribbon+stochastic+zscore),0.9999999999999999,1.0,False,True
long,3,all,all(ma_ribbon+bb_reversion+vwap_reversion),all(ma_ribbon+zscore+vwap_reversion),1.0,1.0,False,True
long,3,all,all(ma_ribbon+bb_reversion+ou_reversion),all(ma_ribbon+zscore+ou_reversion),1.0,1.0,False,True
long,3,all,all(ma_ribbon+bb_reversion+obv_trend),all(ma_ribbon+zscore+obv_trend),1.0,1.0,False,True
long,3,all,all(ichimoku+ts_momentum+bb_breakout),all(ichimoku+ts_momentum+keltner),0.9221018485998834,0.8761904761904762,False,True
long,3,all,all(ichimoku+ts_momentum+bb_reversion),all(ichimoku+ts_momentum+zscore),,,True,True
long,3,all,all(ichimoku+dual_momentum+bb_breakout),all(ichimoku+dual_momentum+keltner),0.9197500049333974,0.8746268656716418,False,True
long,3,all,all(ichimoku+dual_momentum+bb_reversion),all(ichimoku+dual_momentum+zscore),,,True,True
long,3,all,all(ichimoku+sma_regime+bb_breakout),all(ichimoku+sma_regime+keltner),0.9130475338117098,0.8679245283018868,False,True
long,3,all,all(ichimoku+sma_regime+bb_reversion),all(ichimoku+sma_regime+zscore),,,True,True
long,3,all,all(ichimoku+adx_trend+bb_breakout),all(ichimoku+adx_trend+keltner),0.996086618818138,0.9928571428571429,False,True
long,3,all,all(ichimoku+adx_trend+bb_reversion),all(ichimoku+adx_trend+zscore),,,True,True
long,3,all,all(ichimoku+hurst_switch+bb_breakout),all(ichimoku+hurst_switch+keltner),0.9999999999999998,1.0,False,True
long,3,all,all(ichimoku+hurst_switch+bb_reversion),all(ichimoku+hurst_switch+zscore),,,True,True
long,3,all,all(ichimoku+vol_regime+bb_breakout),all(ichimoku+vol_regime+keltner),0.9079304910879652,0.8468468468468469,False,True
long,3,all,all(ichimoku+vol_regime+bb_reversion),all(ichimoku+vol_regime+zscore),,,True,True
long,3,all,all(ichimoku+breakout+bb_breakout),all(ichimoku+breakout+keltner),0.97416607769074,0.9589905362776026,False,True
long,3,all,all(ichimoku+breakout+bb_reversion),all(ichimoku+breakout+zscore),,,True,True
long,3,all,all(ichimoku+bb_breakout+rsi),all(ichimoku+keltner+rsi),,,True,True
long,3,all,all(ichimoku+bb_breakout+stochastic),all(ichimoku+keltner+stochastic),,,True,True
long,3,all,all(ichimoku+bb_breakout+bb_reversion),all(ichimoku+bb_breakout+zscore),,,True,True
long,3,all,all(ichimoku+bb_breakout+bb_reversion),all(ichimoku+keltner+bb_reversion),,,True,True
long,3,all,all(ichimoku+bb_breakout+bb_reversion),all(ichimoku+keltner+zscore),,,True,True
long,3,all,all(ichimoku+bb_breakout+zscore),all(ichimoku+keltner+bb_reversion),,,True,True
long,3,all,all(ichimoku+bb_breakout+zscore),all(ichimoku+keltner+zscore),,,True,True
long,3,all,all(ichimoku+keltner+bb_reversion),all(ichimoku+keltner+zscore),,,True,True
long,3,all,all(ichimoku+bb_breakout+vwap_reversion),all(ichimoku+keltner+vwap_reversion),,,True,True
long,3,all,all(ichimoku+bb_breakout+ou_reversion),all(ichimoku+keltner+ou_reversion),,,True,True
long,3,all,all(ichimoku+bb_breakout+obv_trend),all(ichimoku+keltner+obv_trend),0.9236169166127512,0.8833333333333333,False,True
long,3,all,all(ichimoku+rsi+bb_reversion),all(ichimoku+rsi+zscore),,,True,True
long,3,all,all(ichimoku+stochastic+bb_reversion),all(ichimoku+stochastic+zscore),,,True,True
long,3,all,all(ichimoku+bb_reversion+vwap_reversion),all(ichimoku+zscore+vwap_reversion),,,True,True
long,3,all,all(ichimoku+bb_reversion+ou_reversion),all(ichimoku+zscore+ou_reversion),,,True,True
long,3,all,all(ichimoku+bb_reversion+obv_trend),all(ichimoku+zscore+obv_trend),,,True,True
long,3,all,all(ts_momentum+dual_momentum+bb_breakout),all(ts_momentum+dual_momentum+keltner),0.8766654358278237,0.8067484662576687,False,True
long,3,all,all(ts_momentum+dual_momentum+bb_reversion),all(ts_momentum+dual_momentum+zscore),0.9999999999999998,1.0,False,True
long,3,all,all(ts_momentum+sma_regime+bb_breakout),all(ts_momentum+sma_regime+keltner),0.8729425813819134,0.8034682080924855,False,True
long,3,all,all(ts_momentum+sma_regime+bb_reversion),all(ts_momentum+sma_regime+zscore),,,True,True
long,3,all,all(ts_momentum+adx_trend+bb_breakout),all(ts_momentum+adx_trend+keltner),1.0,1.0,False,True
long,3,all,all(ts_momentum+adx_trend+bb_reversion),all(ts_momentum+adx_trend+zscore),,,True,True
long,3,all,all(ts_momentum+hurst_switch+bb_breakout),all(ts_momentum+hurst_switch+keltner),0.9871093445227652,0.975,False,True
long,3,all,all(ts_momentum+hurst_switch+bb_reversion),all(ts_momentum+hurst_switch+zscore),0.9999999999999999,1.0,False,True
long,3,all,all(ts_momentum+vol_regime+bb_breakout),all(ts_momentum+vol_regime+keltner),0.84307079241095,0.7389162561576355,False,True
long,3,all,all(ts_momentum+vol_regime+bb_reversion),all(ts_momentum+vol_regime+zscore),,,True,True
long,3,all,all(ts_momentum+breakout+bb_breakout),all(ts_momentum+breakout+keltner),0.9803880511365699,0.967741935483871,False,True
long,3,all,all(ts_momentum+breakout+bb_reversion),all(ts_momentum+breakout+zscore),,,True,True
long,3,all,all(ts_momentum+bb_breakout+rsi),all(ts_momentum+keltner+rsi),,,True,True
long,3,all,all(ts_momentum+bb_breakout+stochastic),all(ts_momentum+keltner+stochastic),,,True,True
long,3,all,all(ts_momentum+bb_breakout+bb_reversion),all(ts_momentum+bb_breakout+zscore),,,True,True
long,3,all,all(ts_momentum+bb_breakout+bb_reversion),all(ts_momentum+keltner+bb_reversion),,,True,True
long,3,all,all(ts_momentum+bb_breakout+bb_reversion),all(ts_momentum+keltner+zscore),,,True,True
long,3,all,all(ts_momentum+bb_breakout+zscore),all(ts_momentum+keltner+bb_reversion),,,True,True
long,3,all,all(ts_momentum+bb_breakout+zscore),all(ts_momentum+keltner+zscore),,,True,True
long,3,all,all(ts_momentum+keltner+bb_reversion),all(ts_momentum+keltner+zscore),,,True,True
long,3,all,all(ts_momentum+bb_breakout+vwap_reversion),all(ts_momentum+keltner+vwap_reversion),,,True,True
long,3,all,all(ts_momentum+bb_breakout+ou_reversion),all(ts_momentum+keltner+ou_reversion),,,True,True
long,3,all,all(ts_momentum+bb_breakout+obv_trend),all(ts_momentum+keltner+obv_trend),0.9017399253682662,0.8459214501510574,False,True
long,3,all,all(ts_momentum+rsi+bb_reversion),all(ts_momentum+rsi+zscore),1.0,1.0,False,True
long,3,all,all(ts_momentum+stochastic+bb_reversion),all(ts_momentum+stochastic+zscore),1.0,1.0,False,True
long,3,all,all(ts_momentum+bb_reversion+vwap_reversion),all(ts_momentum+zscore+vwap_reversion),1.0,1.0,False,True
long,3,all,all(ts_momentum+bb_reversion+ou_reversion),all(ts_momentum+zscore+ou_reversion),0.9999999999999999,1.0,False,True
long,3,all,all(ts_momentum+bb_reversion+obv_trend),all(ts_momentum+zscore+obv_trend),1.0,1.0,False,True
long,3,all,all(dual_momentum+sma_regime+bb_breakout),all(dual_momentum+sma_regime+keltner),0.8701711091866863,0.8021978021978022,False,True
long,3,all,all(dual_momentum+sma_regime+bb_reversion),all(dual_momentum+sma_regime+zscore),,,True,True
long,3,all,all(dual_momentum+adx_trend+bb_breakout),all(dual_momentum+adx_trend+keltner),0.9843868839704276,0.9716312056737588,False,True
long,3,all,all(dual_momentum+adx_trend+bb_reversion),all(dual_momentum+adx_trend+zscore),,,True,True
long,3,all,all(dual_momentum+hurst_switch+bb_breakout),all(dual_momentum+hurst_switch+keltner),0.9857029861457862,0.9722222222222222,False,True
long,3,all,all(dual_momentum+hurst_switch+bb_reversion),all(dual_momentum+hurst_switch+zscore),,,True,True
long,3,all,all(dual_momentum+vol_regime+bb_breakout),all(dual_momentum+vol_regime+keltner),0.8324651696815908,0.7268722466960352,False,True
long,3,all,all(dual_momentum+vol_regime+bb_reversion),all(dual_momentum+vol_regime+zscore),,,True,True
long,3,all,all(dual_momentum+breakout+bb_breakout),all(dual_momentum+breakout+keltner),0.9700862915318836,0.9533527696793003,False,True
long,3,all,all(dual_momentum+breakout+bb_reversion),all(dual_momentum+breakout+zscore),,,True,True
long,3,all,all(dual_momentum+bb_breakout+rsi),all(dual_momentum+keltner+rsi),,0.0,False,False
long,3,all,all(dual_momentum+bb_breakout+stochastic),all(dual_momentum+keltner+stochastic),,,True,True
long,3,all,all(dual_momentum+bb_breakout+bb_reversion),all(dual_momentum+bb_breakout+zscore),,,True,True
long,3,all,all(dual_momentum+bb_breakout+bb_reversion),all(dual_momentum+keltner+bb_reversion),,,True,True
long,3,all,all(dual_momentum+bb_breakout+bb_reversion),all(dual_momentum+keltner+zscore),,,True,True
long,3,all,all(dual_momentum+bb_breakout+zscore),all(dual_momentum+keltner+bb_reversion),,,True,True
long,3,all,all(dual_momentum+bb_breakout+zscore),all(dual_momentum+keltner+zscore),,,True,True
long,3,all,all(dual_momentum+keltner+bb_reversion),all(dual_momentum+keltner+zscore),,,True,True
long,3,all,all(dual_momentum+bb_breakout+vwap_reversion),all(dual_momentum+keltner+vwap_reversion),,,True,True
long,3,all,all(dual_momentum+bb_breakout+ou_reversion),all(dual_momentum+keltner+ou_reversion),,0.0,False,False
long,3,all,all(dual_momentum+bb_breakout+obv_trend),all(dual_momentum+keltner+obv_trend),0.8649678904244883,0.8133640552995391,False,True
long,3,all,all(dual_momentum+rsi+bb_reversion),all(dual_momentum+rsi+zscore),1.0,1.0,False,True
long,3,all,all(dual_momentum+stochastic+bb_reversion),all(dual_momentum+stochastic+zscore),1.0,1.0,False,True
long,3,all,all(dual_momentum+bb_reversion+vwap_reversion),all(dual_momentum+zscore+vwap_reversion),0.9999999999999999,1.0,False,True
long,3,all,all(dual_momentum+bb_reversion+ou_reversion),all(dual_momentum+zscore+ou_reversion),0.9999999999999999,1.0,False,True
long,3,all,all(dual_momentum+bb_reversion+obv_trend),all(dual_momentum+zscore+obv_trend),1.0,1.0,False,True
long,3,all,all(sma_regime+adx_trend+bb_breakout),all(sma_regime+adx_trend+keltner),0.996086618818138,0.9928571428571429,False,True
long,3,all,all(sma_regime+adx_trend+bb_reversion),all(sma_regime+adx_trend+zscore),,,True,True
long,3,all,all(sma_regime+hurst_switch+bb_breakout),all(sma_regime+hurst_switch+keltner),0.9882583627044853,0.9772727272727273,False,True
long,3,all,all(sma_regime+hurst_switch+bb_reversion),all(sma_regime+hurst_switch+zscore),,,True,True
long,3,all,all(sma_regime+vol_regime+bb_breakout),all(sma_regime+vol_regime+keltner),0.843136975931705,0.7480314960629921,False,True
long,3,all,all(sma_regime+vol_regime+bb_reversion),all(sma_regime+vol_regime+zscore),,,True,True
long,3,all,all(sma_regime+breakout+bb_breakout),all(sma_regime+breakout+keltner),0.9759716087414799,0.9616613418530351,False,True
long,3,all,all(sma_regime+breakout+bb_reversion),all(sma_regime+breakout+zscore),,,True,True
long,3,all,all(sma_regime+bb_breakout+rsi),all(sma_regime+keltner+rsi),,,True,True
long,3,all,all(sma_regime+bb_breakout+stochastic),all(sma_regime+keltner+stochastic),,,True,True
long,3,all,all(sma_regime+bb_breakout+bb_reversion),all(sma_regime+bb_breakout+zscore),,,True,True
long,3,all,all(sma_regime+bb_breakout+bb_reversion),all(sma_regime+keltner+bb_reversion),,,True,True
long,3,all,all(sma_regime+bb_breakout+bb_reversion),all(sma_regime+keltner+zscore),,,True,True
long,3,all,all(sma_regime+bb_breakout+zscore),all(sma_regime+keltner+bb_reversion),,,True,True
long,3,all,all(sma_regime+bb_breakout+zscore),all(sma_regime+keltner+zscore),,,True,True
long,3,all,all(sma_regime+keltner+bb_reversion),all(sma_regime+keltner+zscore),,,True,True
long,3,all,all(sma_regime+bb_breakout+vwap_reversion),all(sma_regime+keltner+vwap_reversion),,,True,True
long,3,all,all(sma_regime+bb_breakout+ou_reversion),all(sma_regime+keltner+ou_reversion),,,True,True
long,3,all,all(sma_regime+bb_breakout+obv_trend),all(sma_regime+keltner+obv_trend),0.8912763813928162,0.8359788359788359,False,True
long,3,all,all(sma_regime+rsi+bb_reversion),all(sma_regime+rsi+zscore),,,True,True
long,3,all,all(sma_regime+stochastic+bb_reversion),all(sma_regime+stochastic+zscore),,,True,True
long,3,all,all(sma_regime+bb_reversion+vwap_reversion),all(sma_regime+zscore+vwap_reversion),,,True,True
long,3,all,all(sma_regime+bb_reversion+ou_reversion),all(sma_regime+zscore+ou_reversion),,,True,True
long,3,all,all(sma_regime+bb_reversion+obv_trend),all(sma_regime+zscore+obv_trend),,,True,True
long,3,all,all(adx_trend+hurst_switch+bb_breakout),all(adx_trend+hurst_switch+keltner),0.9999999999999998,1.0,False,True
long,3,all,all(adx_trend+hurst_switch+bb_reversion),all(adx_trend+hurst_switch+zscore),,,True,True
long,3,all,all(adx_trend+vol_regime+bb_breakout),all(adx_trend+vol_regime+keltner),0.9857029861457862,0.9722222222222222,False,True
long,3,all,all(adx_trend+vol_regime+bb_reversion),all(adx_trend+vol_regime+zscore),,,True,True
long,3,all,all(adx_trend+breakout+bb_breakout),all(adx_trend+breakout+keltner),0.9964091018259472,0.9935064935064936,False,True
long,3,all,all(adx_trend+breakout+bb_reversion),all(adx_trend+breakout+zscore),,,True,True
long,3,all,all(adx_trend+bb_breakout+rsi),all(adx_trend+keltner+rsi),,0.0,False,False
long,3,all,all(adx_trend+bb_breakout+stochastic),all(adx_trend+keltner+stochastic),,,True,True
long,3,all,all(adx_trend+bb_breakout+bb_reversion),all(adx_trend+bb_breakout+zscore),,,True,True
long,3,all,all(adx_trend+bb_breakout+bb_reversion),all(adx_trend+keltner+bb_reversion),,,True,True
long,3,all,all(adx_trend+bb_breakout+bb_reversion),all(adx_trend+keltner+zscore),,,True,True
long,3,all,all(adx_trend+bb_breakout+zscore),all(adx_trend+keltner+bb_reversion),,,True,True
long,3,all,all(adx_trend+bb_breakout+zscore),all(adx_trend+keltner+zscore),,,True,True
long,3,all,all(adx_trend+keltner+bb_reversion),all(adx_trend+keltner+zscore),,,True,True
long,3,all,all(adx_trend+bb_breakout+vwap_reversion),all(adx_trend+keltner+vwap_reversion),,,True,True
long,3,all,all(adx_trend+bb_breakout+ou_reversion),all(adx_trend+keltner+ou_reversion),,,True,True
long,3,all,all(adx_trend+bb_breakout+obv_trend),all(adx_trend+keltner+obv_trend),0.9823761738416805,0.9683544303797469,False,True
long,3,all,all(adx_trend+rsi+bb_reversion),all(adx_trend+rsi+zscore),,,True,True
long,3,all,all(adx_trend+stochastic+bb_reversion),all(adx_trend+stochastic+zscore),,,True,True
long,3,all,all(adx_trend+bb_reversion+vwap_reversion),all(adx_trend+zscore+vwap_reversion),,,True,True
long,3,all,all(adx_trend+bb_reversion+ou_reversion),all(adx_trend+zscore+ou_reversion),,,True,True
long,3,all,all(adx_trend+bb_reversion+obv_trend),all(adx_trend+zscore+obv_trend),,,True,True
long,3,all,all(hurst_switch+vol_regime+bb_breakout),all(hurst_switch+vol_regime+keltner),0.9571302771468914,0.9166666666666666,False,True
long,3,all,all(hurst_switch+vol_regime+bb_reversion),all(hurst_switch+vol_regime+zscore),,,True,True
long,3,all,all(hurst_switch+breakout+bb_breakout),all(hurst_switch+breakout+keltner),0.9999999999999998,1.0,False,True
long,3,all,all(hurst_switch+breakout+bb_reversion),all(hurst_switch+breakout+zscore),,,True,True
long,3,all,all(hurst_switch+bb_breakout+rsi),all(hurst_switch+keltner+rsi),,,True,True
long,3,all,all(hurst_switch+bb_breakout+stochastic),all(hurst_switch+keltner+stochastic),,,True,True
long,3,all,all(hurst_switch+bb_breakout+bb_reversion),all(hurst_switch+bb_breakout+zscore),,,True,True
long,3,all,all(hurst_switch+bb_breakout+bb_reversion),all(hurst_switch+keltner+bb_reversion),,,True,True
long,3,all,all(hurst_switch+bb_breakout+bb_reversion),all(hurst_switch+keltner+zscore),,,True,True
long,3,all,all(hurst_switch+bb_breakout+zscore),all(hurst_switch+keltner+bb_reversion),,,True,True
long,3,all,all(hurst_switch+bb_breakout+zscore),all(hurst_switch+keltner+zscore),,,True,True
long,3,all,all(hurst_switch+keltner+bb_reversion),all(hurst_switch+keltner+zscore),,,True,True
long,3,all,all(hurst_switch+bb_breakout+vwap_reversion),all(hurst_switch+keltner+vwap_reversion),,,True,True
long,3,all,all(hurst_switch+bb_breakout+ou_reversion),all(hurst_switch+keltner+ou_reversion),,,True,True
long,3,all,all(hurst_switch+bb_breakout+obv_trend),all(hurst_switch+keltner+obv_trend),0.9882583627044853,0.9772727272727273,False,True
long,3,all,all(hurst_switch+rsi+bb_reversion),all(hurst_switch+rsi+zscore),0.9999999999999999,1.0,False,True
long,3,all,all(hurst_switch+stochastic+bb_reversion),all(hurst_switch+stochastic+zscore),1.0,1.0,False,True
long,3,all,all(hurst_switch+bb_reversion+vwap_reversion),all(hurst_switch+zscore+vwap_reversion),1.0,1.0,False,True
long,3,all,all(hurst_switch+bb_reversion+ou_reversion),all(hurst_switch+zscore+ou_reversion),0.9999999999999999,1.0,False,True
long,3,all,all(hurst_switch+bb_reversion+obv_trend),all(hurst_switch+zscore+obv_trend),,,True,True
long,3,all,all(vol_regime+breakout+bb_breakout),all(vol_regime+breakout+keltner),0.9877018899429819,0.9783783783783784,False,True
long,3,all,all(vol_regime+breakout+bb_reversion),all(vol_regime+breakout+zscore),,,True,True
long,3,all,all(vol_regime+bb_breakout+rsi),all(vol_regime+keltner+rsi),,,True,True
long,3,all,all(vol_regime+bb_breakout+stochastic),all(vol_regime+keltner+stochastic),,,True,True
long,3,all,all(vol_regime+bb_breakout+bb_reversion),all(vol_regime+bb_breakout+zscore),,,True,True
long,3,all,all(vol_regime+bb_breakout+bb_reversion),all(vol_regime+keltner+bb_reversion),,,True,True
long,3,all,all(vol_regime+bb_breakout+bb_reversion),all(vol_regime+keltner+zscore),,,True,True
long,3,all,all(vol_regime+bb_breakout+zscore),all(vol_regime+keltner+bb_reversion),,,True,True
long,3,all,all(vol_regime+bb_breakout+zscore),all(vol_regime+keltner+zscore),,,True,True
long,3,all,all(vol_regime+keltner+bb_reversion),all(vol_regime+keltner+zscore),,,True,True
long,3,all,all(vol_regime+bb_breakout+vwap_reversion),all(vol_regime+keltner+vwap_reversion),,,True,True
long,3,all,all(vol_regime+bb_breakout+ou_reversion),all(vol_regime+keltner+ou_reversion),,,True,True
long,3,all,all(vol_regime+bb_breakout+obv_trend),all(vol_regime+keltner+obv_trend),0.877410604670388,0.7991452991452992,False,True
long,3,all,all(vol_regime+rsi+bb_reversion),all(vol_regime+rsi+zscore),,,True,True
long,3,all,all(vol_regime+stochastic+bb_reversion),all(vol_regime+stochastic+zscore),,,True,True
long,3,all,all(vol_regime+bb_reversion+vwap_reversion),all(vol_regime+zscore+vwap_reversion),,,True,True
long,3,all,all(vol_regime+bb_reversion+ou_reversion),all(vol_regime+zscore+ou_reversion),,,True,True
long,3,all,all(vol_regime+bb_reversion+obv_trend),all(vol_regime+zscore+obv_trend),,,True,True
long,3,all,all(breakout+bb_breakout+rsi),all(breakout+keltner+rsi),,,True,True
long,3,all,all(breakout+bb_breakout+stochastic),all(breakout+keltner+stochastic),,,True,True
long,3,all,all(breakout+bb_breakout+bb_reversion),all(breakout+bb_breakout+zscore),,,True,True
long,3,all,all(breakout+bb_breakout+bb_reversion),all(breakout+keltner+bb_reversion),,,True,True
long,3,all,all(breakout+bb_breakout+bb_reversion),all(breakout+keltner+zscore),,,True,True
long,3,all,all(breakout+bb_breakout+zscore),all(breakout+keltner+bb_reversion),,,True,True
long,3,all,all(breakout+bb_breakout+zscore),all(breakout+keltner+zscore),,,True,True
long,3,all,all(breakout+keltner+bb_reversion),all(breakout+keltner+zscore),,,True,True
long,3,all,all(breakout+bb_breakout+vwap_reversion),all(breakout+keltner+vwap_reversion),,,True,True
long,3,all,all(breakout+bb_breakout+ou_reversion),all(breakout+keltner+ou_reversion),,0.0,False,False
long,3,all,all(breakout+bb_breakout+obv_trend),all(breakout+keltner+obv_trend),0.925902919420502,0.8916256157635468,False,True
long,3,all,all(breakout+rsi+bb_reversion),all(breakout+rsi+zscore),,,True,True
long,3,all,all(breakout+stochastic+bb_reversion),all(breakout+stochastic+zscore),,,True,True
long,3,all,all(breakout+bb_reversion+vwap_reversion),all(breakout+zscore+vwap_reversion),,,True,True
long,3,all,all(breakout+bb_reversion+ou_reversion),all(breakout+zscore+ou_reversion),,,True,True
long,3,all,all(breakout+bb_reversion+obv_trend),all(breakout+zscore+obv_trend),,,True,True
long,3,all,all(bb_breakout+rsi+stochastic),all(keltner+rsi+stochastic),,,True,True
long,3,all,all(bb_breakout+rsi+bb_reversion),all(bb_breakout+rsi+zscore),,,True,True
long,3,all,all(bb_breakout+rsi+bb_reversion),all(keltner+rsi+bb_reversion),,,True,True
long,3,all,all(bb_breakout+rsi+bb_reversion),all(keltner+rsi+zscore),,,True,True
long,3,all,all(bb_breakout+rsi+zscore),all(keltner+rsi+bb_reversion),,,True,True
long,3,all,all(bb_breakout+rsi+zscore),all(keltner+rsi+zscore),,,True,True
long,3,all,all(keltner+rsi+bb_reversion),all(keltner+rsi+zscore),,,True,True
long,3,all,all(bb_breakout+rsi+vwap_reversion),all(keltner+rsi+vwap_reversion),,,True,True
long,3,all,all(bb_breakout+rsi+ou_reversion),all(keltner+rsi+ou_reversion),,,True,True
long,3,all,all(bb_breakout+rsi+obv_trend),all(keltner+rsi+obv_trend),,0.0,False,False
long,3,all,all(bb_breakout+stochastic+bb_reversion),all(bb_breakout+stochastic+zscore),,,True,True
long,3,all,all(bb_breakout+stochastic+bb_reversion),all(keltner+stochastic+bb_reversion),,,True,True
long,3,all,all(bb_breakout+stochastic+bb_reversion),all(keltner+stochastic+zscore),,,True,True
long,3,all,all(bb_breakout+stochastic+zscore),all(keltner+stochastic+bb_reversion),,,True,True
long,3,all,all(bb_breakout+stochastic+zscore),all(keltner+stochastic+zscore),,,True,True
long,3,all,all(keltner+stochastic+bb_reversion),all(keltner+stochastic+zscore),,,True,True
long,3,all,all(bb_breakout+stochastic+vwap_reversion),all(keltner+stochastic+vwap_reversion),,,True,True
long,3,all,all(bb_breakout+stochastic+ou_reversion),all(keltner+stochastic+ou_reversion),,,True,True
long,3,all,all(bb_breakout+stochastic+obv_trend),all(keltner+stochastic+obv_trend),,,True,True
long,3,all,all(bb_breakout+bb_reversion+vwap_reversion),all(bb_breakout+zscore+vwap_reversion),,,True,True
long,3,all,all(bb_breakout+bb_reversion+vwap_reversion),all(keltner+bb_reversion+vwap_reversion),,,True,True
long,3,all,all(bb_breakout+bb_reversion+vwap_reversion),all(keltner+zscore+vwap_reversion),,,True,True
long,3,all,all(bb_breakout+zscore+vwap_reversion),all(keltner+bb_reversion+vwap_reversion),,,True,True
long,3,all,all(bb_breakout+zscore+vwap_reversion),all(keltner+zscore+vwap_reversion),,,True,True
long,3,all,all(keltner+bb_reversion+vwap_reversion),all(keltner+zscore+vwap_reversion),,,True,True
long,3,all,all(bb_breakout+bb_reversion+ou_reversion),all(bb_breakout+zscore+ou_reversion),,,True,True
long,3,all,all(bb_breakout+bb_reversion+ou_reversion),all(keltner+bb_reversion+ou_reversion),,,True,True
long,3,all,all(bb_breakout+bb_reversion+ou_reversion),all(keltner+zscore+ou_reversion),,,True,True
long,3,all,all(bb_breakout+zscore+ou_reversion),all(keltner+bb_reversion+ou_reversion),,,True,True
long,3,all,all(bb_breakout+zscore+ou_reversion),all(keltner+zscore+ou_reversion),,,True,True
long,3,all,all(keltner+bb_reversion+ou_reversion),all(keltner+zscore+ou_reversion),,,True,True
long,3,all,all(bb_breakout+bb_reversion+obv_trend),all(bb_breakout+zscore+obv_trend),,,True,True
long,3,all,all(bb_breakout+bb_reversion+obv_trend),all(keltner+bb_reversion+obv_trend),,,True,True
long,3,all,all(bb_breakout+bb_reversion+obv_trend),all(keltner+zscore+obv_trend),,,True,True
long,3,all,all(bb_breakout+zscore+obv_trend),all(keltner+bb_reversion+obv_trend),,,True,True
long,3,all,all(bb_breakout+zscore+obv_trend),all(keltner+zscore+obv_trend),,,True,True
long,3,all,all(keltner+bb_reversion+obv_trend),all(keltner+zscore+obv_trend),,,True,True
long,3,all,all(bb_breakout+vwap_reversion+ou_reversion),all(keltner+vwap_reversion+ou_reversion),,,True,True
long,3,all,all(bb_breakout+vwap_reversion+obv_trend),all(keltner+vwap_reversion+obv_trend),,,True,True
long,3,all,all(bb_breakout+ou_reversion+obv_trend),all(keltner+ou_reversion+obv_trend),,0.0,False,False
long,3,all,all(rsi+stochastic+bb_reversion),all(rsi+stochastic+zscore),1.0,1.0,False,True
long,3,all,all(rsi+bb_reversion+vwap_reversion),all(rsi+zscore+vwap_reversion),0.9999999999999999,1.0,False,True
long,3,all,all(rsi+bb_reversion+ou_reversion),all(rsi+zscore+ou_reversion),1.0,1.0,False,True
long,3,all,all(rsi+bb_reversion+obv_trend),all(rsi+zscore+obv_trend),1.0,1.0,False,True
long,3,all,all(stochastic+bb_reversion+vwap_reversion),all(stochastic+zscore+vwap_reversion),0.9999999999999999,1.0,False,True
long,3,all,all(stochastic+bb_reversion+ou_reversion),all(stochastic+zscore+ou_reversion),0.9999999999999999,1.0,False,True
long,3,all,all(stochastic+bb_reversion+obv_trend),all(stochastic+zscore+obv_trend),1.0,1.0,False,True
long,3,all,all(bb_reversion+vwap_reversion+ou_reversion),all(zscore+vwap_reversion+ou_reversion),0.9999999999999999,1.0,False,True
long,3,all,all(bb_reversion+vwap_reversion+obv_trend),all(zscore+vwap_reversion+obv_trend),1.0,1.0,False,True
long,3,all,all(bb_reversion+ou_reversion+obv_trend),all(zscore+ou_reversion+obv_trend),,,True,True
long,3,any,any(ma_crossover+macd+bb_breakout),any(ma_crossover+macd+keltner),0.9555438880343139,0.9826021180030258,False,True
long,3,any,any(ma_crossover+macd+bb_reversion),any(ma_crossover+macd+zscore),1.0,1.0,False,True
long,3,any,any(ma_crossover+ma_ribbon+bb_breakout),any(ma_crossover+ma_ribbon+keltner),0.9566527846013031,0.9960845732184808,False,True
long,3,any,any(ma_crossover+ma_ribbon+bb_reversion),any(ma_crossover+ma_ribbon+zscore),1.0,1.0,False,True
long,3,any,any(ma_crossover+ichimoku+bb_breakout),any(ma_crossover+ichimoku+keltner),0.9139554042898007,0.9224806201550387,False,True
long,3,any,any(ma_crossover+ichimoku+bb_reversion),any(ma_crossover+ichimoku+zscore),1.0,1.0,False,True
long,3,any,any(ma_crossover+ts_momentum+bb_breakout),any(ma_crossover+ts_momentum+keltner),0.9269219445215817,0.9391124871001032,False,True
long,3,any,any(ma_crossover+ts_momentum+bb_reversion),any(ma_crossover+ts_momentum+zscore),1.0,1.0,False,True
long,3,any,any(ma_crossover+dual_momentum+bb_breakout),any(ma_crossover+dual_momentum+keltner),0.9689116267736423,0.9805137289636847,False,True
long,3,any,any(ma_crossover+dual_momentum+bb_reversion),any(ma_crossover+dual_momentum+zscore),1.0,1.0,False,True
long,3,any,any(ma_crossover+sma_regime+bb_breakout),any(ma_crossover+sma_regime+keltner),0.9399444322242929,0.9442586399108138,False,True
long,3,any,any(ma_crossover+sma_regime+bb_reversion),any(ma_crossover+sma_regime+zscore),1.0,1.0,False,True
long,3,any,any(ma_crossover+adx_trend+bb_breakout),any(ma_crossover+adx_trend+keltner),0.9077304794290924,0.915158371040724,False,True
long,3,any,any(ma_crossover+adx_trend+bb_reversion),any(ma_crossover+adx_trend+zscore),1.0,1.0,False,True
long,3,any,any(ma_crossover+hurst_switch+bb_breakout),any(ma_crossover+hurst_switch+keltner),0.9041476955825344,0.9122609673790776,False,True
long,3,any,any(ma_crossover+hurst_switch+bb_reversion),any(ma_crossover+hurst_switch+zscore),1.0,1.0,False,True
long,3,any,any(ma_crossover+vol_regime+bb_breakout),any(ma_crossover+vol_regime+keltner),0.9399444322242929,0.9442586399108138,False,True
long,3,any,any(ma_crossover+vol_regime+bb_reversion),any(ma_crossover+vol_regime+zscore),1.0,1.0,False,True
long,3,any,any(ma_crossover+breakout+bb_breakout),any(ma_crossover+breakout+keltner),0.9434265161451263,0.9528795811518325,False,True
long,3,any,any(ma_crossover+breakout+bb_reversion),any(ma_crossover+breakout+zscore),1.0,1.0,False,True
long,3,any,any(ma_crossover+bb_breakout+rsi),any(ma_crossover+keltner+rsi),0.8786725260991932,0.9465944272445821,False,True
long,3,any,any(ma_crossover+bb_breakout+stochastic),any(ma_crossover+keltner+stochastic),0.8534120687708254,0.940377358490566,False,True
long,3,any,any(ma_crossover+bb_breakout+bb_reversion),any(ma_crossover+bb_breakout+zscore),1.0,1.0,False,True
long,3,any,any(ma_crossover+bb_breakout+bb_reversion),any(ma_crossover+keltner+bb_reversion),0.8570796338811926,0.9398324447829398,False,True
long,3,any,any(ma_crossover+bb_breakout+bb_reversion),any(ma_crossover+keltner+zscore),0.8570796338811926,0.9398324447829398,False,True
long,3,any,any(ma_crossover+bb_breakout+zscore),any(ma_crossover+keltner+bb_reversion),0.8570796338811926,0.9398324447829398,False,True
long,3,any,any(ma_crossover+bb_breakout+zscore),any(ma_crossover+keltner+zscore),0.8570796338811926,0.9398324447829398,False,True
long,3,any,any(ma_crossover+keltner+bb_reversion),any(ma_crossover+keltner+zscore),1.0,1.0,False,True
long,3,any,any(ma_crossover+bb_breakout+vwap_reversion),any(ma_crossover+keltner+vwap_reversion),0.8243736061152179,0.9434097421203438,False,True
long,3,any,any(ma_crossover+bb_breakout+ou_reversion),any(ma_crossover+keltner+ou_reversion),0.9072186568016112,0.9183895538628944,False,True
long,3,any,any(ma_crossover+bb_breakout+obv_trend),any(ma_crossover+keltner+obv_trend),0.9957100696109759,0.9973166368515206,False,True
long,3,any,any(ma_crossover+rsi+bb_reversion),any(ma_crossover+rsi+zscore),1.0,1.0,False,True
long,3,any,any(ma_crossover+stochastic+bb_reversion),any(ma_crossover+stochastic+zscore),0.9999999999999999,1.0,False,True
long,3,any,any(ma_crossover+bb_reversion+vwap_reversion),any(ma_crossover+zscore+vwap_reversion),0.9999999999999999,1.0,False,True
long,3,any,any(ma_crossover+bb_reversion+ou_reversion),any(ma_crossover+zscore+ou_reversion),1.0,1.0,False,True
long,3,any,any(ma_crossover+bb_reversion+obv_trend),any(ma_crossover+zscore+obv_trend),1.0,1.0,False,True
long,3,any,any(macd+ma_ribbon+bb_breakout),any(macd+ma_ribbon+keltner),0.9949661217389584,1.0,False,True
long,3,any,any(macd+ma_ribbon+bb_reversion),any(macd+ma_ribbon+zscore),1.0,1.0,False,True
long,3,any,any(macd+ichimoku+bb_breakout),any(macd+ichimoku+keltner),0.969234025708911,0.9803395889186773,False,True
long,3,any,any(macd+ichimoku+bb_reversion),any(macd+ichimoku+zscore),1.0,1.0,False,True
long,3,any,any(macd+ts_momentum+bb_breakout),any(macd+ts_momentum+keltner),0.9596025868341448,0.9808917197452229,False,True
long,3,any,any(macd+ts_momentum+bb_reversion),any(macd+ts_momentum+zscore),0.9999999999999998,1.0,False,True
long,3,any,any(macd+dual_momentum+bb_breakout),any(macd+dual_momentum+keltner),0.9652801417996142,0.9754716981132076,False,True
long,3,any,any(macd+dual_momentum+bb_reversion),any(macd+dual_momentum+zscore),0.9999999999999999,1.0,False,True
long,3,any,any(macd+sma_regime+bb_breakout),any(macd+sma_regime+keltner),0.9644012238655716,0.9808811305070657,False,True
long,3,any,any(macd+sma_regime+bb_reversion),any(macd+sma_regime+zscore),0.9999999999999998,1.0,False,True
long,3,any,any(macd+adx_trend+bb_breakout),any(macd+adx_trend+keltner),0.948825892442174,0.9596367305751766,False,True
long,3,any,any(macd+adx_trend+bb_reversion),any(macd+adx_trend+zscore),1.0,1.0,False,True
long,3,any,any(macd+hurst_switch+bb_breakout),any(macd+hurst_switch+keltner),0.9472152695054872,0.9591633466135459,False,True
long,3,any,any(macd+hurst_switch+bb_reversion),any(macd+hurst_switch+zscore),0.9999999999999999,1.0,False,True
long,3,any,any(macd+vol_regime+bb_breakout),any(macd+vol_regime+keltner),0.9549311002475762,0.9696412143514259,False,True
long,3,any,any(macd+vol_regime+bb_reversion),any(macd+vol_regime+zscore),1.0,1.0,False,True
long,3,any,any(macd+breakout+bb_breakout),any(macd+breakout+keltner),0.9890533050993815,0.9925857275254866,False,True
long,3,any,any(macd+breakout+bb_reversion),any(macd+breakout+zscore),0.9999999999999999,1.0,False,True
long,3,any,any(macd+bb_breakout+rsi),any(macd+keltner+rsi),0.9406781315217451,0.9642545771578029,False,True
long,3,any,any(macd+bb_breakout+stochastic),any(macd+keltner+stochastic),0.9055872728371233,0.9704397981254506,False,True
long,3,any,any(macd+bb_breakout+bb_reversion),any(macd+bb_breakout+zscore),1.0,1.0,False,True
long,3,any,any(macd+bb_breakout+bb_reversion),any(macd+keltner+bb_reversion),0.9308729334749083,0.9673306772908367,False,True
long,3,any,any(macd+bb_breakout+bb_reversion),any(macd+keltner+zscore),0.9308729334749083,0.9673306772908367,False,True
long,3,any,any(macd+bb_breakout+zscore),any(macd+keltner+bb_reversion),0.9308729334749083,0.9673306772908367,False,True
long,3,any,any(macd+bb_breakout+zscore),any(macd+keltner+zscore),0.9308729334749083,0.9673306772908367,False,True
long,3,any,any(macd+keltner+bb_reversion),any(macd+keltner+zscore),1.0,1.0,False,True
long,3,any,any(macd+bb_breakout+vwap_reversion),any(macd+keltner+vwap_reversion),0.8210041429887812,0.9730440499671269,False,True
long,3,any,any(macd+bb_breakout+ou_reversion),any(macd+keltner+ou_reversion),0.946502377163122,0.966041108132261,False,True
long,3,any,any(macd+bb_breakout+obv_trend),any(macd+keltner+obv_trend),0.9985901302153103,0.9990925589836661,False,True
long,3,any,any(macd+rsi+bb_reversion),any(macd+rsi+zscore),1.0,1.0,False,True
long,3,any,any(macd+stochastic+bb_reversion),any(macd+stochastic+zscore),0.9999999999999999,1.0,False,True
long,3,any,any(macd+bb_reversion+vwap_reversion),any(macd+zscore+vwap_reversion),1.0,1.0,False,True
long,3,any,any(macd+bb_reversion+ou_reversion),any(macd+zscore+ou_reversion),1.0,1.0,False,True
long,3,any,any(macd+bb_reversion+obv_trend),any(macd+zscore+obv_trend),1.0,1.0,False,True
long,3,any,any(ma_ribbon+ichimoku+bb_breakout),any(ma_ribbon+ichimoku+keltner),0.9530612116257681,0.9960474308300395,False,True
long,3,any,any(ma_ribbon+ichimoku+bb_reversion),any(ma_ribbon+ichimoku+zscore),0.9999999999999998,1.0,False,True
long,3,any,any(ma_ribbon+ts_momentum+bb_breakout),any(ma_ribbon+ts_momentum+keltner),0.9732104095074646,0.9969673995451099,False,True
long,3,any,any(ma_ribbon+ts_momentum+bb_reversion),any(ma_ribbon+ts_momentum+zscore),1.0,1.0,False,True
long,3,any,any(ma_ribbon+dual_momentum+bb_breakout),any(ma_ribbon+dual_momentum+keltner),0.9968809543561022,1.0,False,True
long,3,any,any(ma_ribbon+dual_momentum+bb_reversion),any(ma_ribbon+dual_momentum+zscore),1.0,1.0,False,True
long,3,any,any(ma_ribbon+sma_regime+bb_breakout),any(ma_ribbon+sma_regime+keltner),0.9793136072837525,0.9968379446640316,False,True
long,3,any,any(ma_ribbon+sma_regime+bb_reversion),any(ma_ribbon+sma_regime+zscore),1.0,1.0,False,True
long,3,any,any(ma_ribbon+adx_trend+bb_breakout),any(ma_ribbon+adx_trend+keltner),0.9460840873276872,0.9992101105845181,False,True
long,3,any,any(ma_ribbon+adx_trend+bb_reversion),any(ma_ribbon+adx_trend+zscore),0.9999999999999998,1.0,False,True
long,3,any,any(ma_ribbon+hurst_switch+bb_breakout),any(ma_ribbon+hurst_switch+keltner),0.9398262116582025,0.9968503937007874,False,True
long,3,any,any(ma_ribbon+hurst_switch+bb_reversion),any(ma_ribbon+hurst_switch+zscore),1.0,1.0,False,True
long,3,any,any(ma_ribbon+vol_regime+bb_breakout),any(ma_ribbon+vol_regime+keltner),0.9773017466170318,0.9968379446640316,False,True
long,3,any,any(ma_ribbon+vol_regime+bb_reversion),any(ma_ribbon+vol_regime+zscore),1.0,1.0,False,True
long,3,any,any(ma_ribbon+breakout+bb_breakout),any(ma_ribbon+breakout+keltner),0.9506725660636564,0.9960474308300395,False,True
long,3,any,any(ma_ribbon+breakout+bb_reversion),any(ma_ribbon+breakout+zscore),1.0,1.0,False,True
long,3,any,any(ma_ribbon+bb_breakout+rsi),any(ma_ribbon+keltner+rsi),0.930107383243239,0.9993394980184941,False,True
long,3,any,any(ma_ribbon+bb_breakout+stochastic),any(ma_ribbon+keltner+stochastic),0.8789063327241555,0.996875,False,True
long,3,any,any(ma_ribbon+bb_breakout+bb_reversion),any(ma_ribbon+bb_breakout+zscore),0.9999999999999998,1.0,False,True
long,3,any,any(ma_ribbon+bb_breakout+bb_reversion),any(ma_ribbon+keltner+bb_reversion),0.8951176310026981,0.9968494013862634,False,True
long,3,any,any(ma_ribbon+bb_breakout+bb_reversion),any(ma_ribbon+keltner+zscore),0.8951176310026981,0.9968494013862634,False,True
long,3,any,any(ma_ribbon+bb_breakout+zscore),any(ma_ribbon+keltner+bb_reversion),0.8951176310026981,0.9968494013862634,False,True
long,3,any,any(ma_ribbon+bb_breakout+zscore),any(ma_ribbon+keltner+zscore),0.8951176310026981,0.9968494013862634,False,True
long,3,any,any(ma_ribbon+keltner+bb_reversion),any(ma_ribbon+keltner+zscore),1.0,1.0,False,True
long,3,any,any(ma_ribbon+bb_breakout+vwap_reversion),any(ma_ribbon+keltner+vwap_reversion),0.8634396582221887,0.9968553459119497,False,True
long,3,any,any(ma_ribbon+bb_breakout+ou_reversion),any(ma_ribbon+keltner+ou_reversion),0.9409018192554047,0.9961449498843485,False,True
long,3,any,any(ma_ribbon+bb_breakout+obv_trend),any(ma_ribbon+keltner+obv_trend),0.9931187502290398,1.0,False,True
long,3,any,any(ma_ribbon+rsi+bb_reversion),any(ma_ribbon+rsi+zscore),1.0,1.0,False,True
long,3,any,any(ma_ribbon+stochastic+bb_reversion),any(ma_ribbon+stochastic+zscore),1.0,1.0,False,True
long,3,any,any(ma_ribbon+bb_reversion+vwap_reversion),any(ma_ribbon+zscore+vwap_reversion),1.0,1.0,False,True
long,3,any,any(ma_ribbon+bb_reversion+ou_reversion),any(ma_ribbon+zscore+ou_reversion),1.0,1.0,False,True
long,3,any,any(ma_ribbon+bb_reversion+obv_trend),any(ma_ribbon+zscore+obv_trend),1.0,1.0,False,True
long,3,any,any(ichimoku+ts_momentum+bb_breakout),any(ichimoku+ts_momentum+keltner),0.9394574660596223,0.9458288190682557,False,True
long,3,any,any(ichimoku+ts_momentum+bb_reversion),any(ichimoku+ts_momentum+zscore),1.0,1.0,False,True
long,3,any,any(ichimoku+dual_momentum+bb_breakout),any(ichimoku+dual_momentum+keltner),0.973810348766852,0.9779411764705882,False,True
long,3,any,any(ichimoku+dual_momentum+bb_reversion),any(ichimoku+dual_momentum+zscore),1.0,1.0,False,True
long,3,any,any(ichimoku+sma_regime+bb_breakout),any(ichimoku+sma_regime+keltner),0.9412588008780713,0.9382093316519546,False,True
long,3,any,any(ichimoku+sma_regime+bb_reversion),any(ichimoku+sma_regime+zscore),1.0,1.0,False,True
long,3,any,any(ichimoku+adx_trend+bb_breakout),any(ichimoku+adx_trend+keltner),0.9037581420984446,0.890190336749634,False,True
long,3,any,any(ichimoku+adx_trend+bb_reversion),any(ichimoku+adx_trend+zscore),0.9999999999999999,1.0,False,True
long,3,any,any(ichimoku+hurst_switch+bb_breakout),any(ichimoku+hurst_switch+keltner),0.9004219195758962,0.8872832369942196,False,True
long,3,any,any(ichimoku+hurst_switch+bb_reversion),any(ichimoku+hurst_switch+zscore),1.0,1.0,False,True
long,3,any,any(ichimoku+vol_regime+bb_breakout),any(ichimoku+vol_regime+keltner),0.940814506703644,0.9349269588313412,False,True
long,3,any,any(ichimoku+vol_regime+bb_reversion),any(ichimoku+vol_regime+zscore),1.0,1.0,False,True
long,3,any,any(ichimoku+breakout+bb_breakout),any(ichimoku+breakout+keltner),0.9419419501698763,0.9395109395109396,False,True
long,3,any,any(ichimoku+breakout+bb_reversion),any(ichimoku+breakout+zscore),0.9999999999999999,1.0,False,True
long,3,any,any(ichimoku+bb_breakout+rsi),any(ichimoku+keltner+rsi),0.9062365463977505,0.9370437956204379,False,True
long,3,any,any(ichimoku+bb_breakout+stochastic),any(ichimoku+keltner+stochastic),0.8693248142452672,0.9375,False,True
long,3,any,any(ichimoku+bb_breakout+bb_reversion),any(ichimoku+bb_breakout+zscore),0.9999999999999999,1.0,False,True
long,3,any,any(ichimoku+bb_breakout+bb_reversion),any(ichimoku+keltner+bb_reversion),0.8853762670559288,0.9324786324786325,False,True
long,3,any,any(ichimoku+bb_breakout+bb_reversion),any(ichimoku+keltner+zscore),0.8853762670559288,0.9324786324786325,False,True
long,3,any,any(ichimoku+bb_breakout+zscore),any(ichimoku+keltner+bb_reversion),0.8853762670559288,0.9324786324786325,False,True
long,3,any,any(ichimoku+bb_breakout+zscore),any(ichimoku+keltner+zscore),0.8853762670559288,0.9324786324786325,False,True
long,3,any,any(ichimoku+keltner+bb_reversion),any(ichimoku+keltner+zscore),0.9999999999999999,1.0,False,True
long,3,any,any(ichimoku+bb_breakout+vwap_reversion),any(ichimoku+keltner+vwap_reversion),0.8280884473029916,0.9430835734870316,False,True
long,3,any,any(ichimoku+bb_breakout+ou_reversion),any(ichimoku+keltner+ou_reversion),0.907366159575201,0.9055415617128464,False,True
long,3,any,any(ichimoku+bb_breakout+obv_trend),any(ichimoku+keltner+obv_trend),0.9849735126374893,0.9870689655172413,False,True
long,3,any,any(ichimoku+rsi+bb_reversion),any(ichimoku+rsi+zscore),1.0,1.0,False,True
long,3,any,any(ichimoku+stochastic+bb_reversion),any(ichimoku+stochastic+zscore),1.0,1.0,False,True
long,3,any,any(ichimoku+bb_reversion+vwap_reversion),any(ichimoku+zscore+vwap_reversion),0.9999999999999999,1.0,False,True
long,3,any,any(ichimoku+bb_reversion+ou_reversion),any(ichimoku+zscore+ou_reversion),1.0,1.0,False,True
long,3,any,any(ichimoku+bb_reversion+obv_trend),any(ichimoku+zscore+obv_trend),1.0,1.0,False,True
long,3,any,any(ts_momentum+dual_momentum+bb_breakout),any(ts_momentum+dual_momentum+keltner),0.9668234934400142,0.978319783197832,False,True
long,3,any,any(ts_momentum+dual_momentum+bb_reversion),any(ts_momentum+dual_momentum+zscore),1.0,1.0,False,True
long,3,any,any(ts_momentum+sma_regime+bb_breakout),any(ts_momentum+sma_regime+keltner),0.9395577346761754,0.9460043196544277,False,True
long,3,any,any(ts_momentum+sma_regime+bb_reversion),any(ts_momentum+sma_regime+zscore),0.9999999999999999,1.0,False,True
long,3,any,any(ts_momentum+adx_trend+bb_breakout),any(ts_momentum+adx_trend+keltner),0.9320008574463478,0.9356321839080459,False,True
long,3,any,any(ts_momentum+adx_trend+bb_reversion),any(ts_momentum+adx_trend+zscore),1.0,1.0,False,True
long,3,any,any(ts_momentum+hurst_switch+bb_breakout),any(ts_momentum+hurst_switch+keltner),0.9261036302718354,0.930365296803653,False,True
long,3,any,any(ts_momentum+hurst_switch+bb_reversion),any(ts_momentum+hurst_switch+zscore),1.0,1.0,False,True
long,3,any,any(ts_momentum+vol_regime+bb_breakout),any(ts_momentum+vol_regime+keltner),0.9395736727564279,0.9459459459459459,False,True
long,3,any,any(ts_momentum+vol_regime+bb_reversion),any(ts_momentum+vol_regime+zscore),1.0,1.0,False,True
long,3,any,any(ts_momentum+breakout+bb_breakout),any(ts_momentum+breakout+keltner),0.9687951998269765,0.972972972972973,False,True
long,3,any,any(ts_momentum+breakout+bb_reversion),any(ts_momentum+breakout+zscore),1.0,1.0,False,True
long,3,any,any(ts_momentum+bb_breakout+rsi),any(ts_momentum+keltner+rsi),0.918110315016081,0.9588709677419355,False,True
long,3,any,any(ts_momentum+bb_breakout+stochastic),any(ts_momentum+keltner+stochastic),0.8857020117056862,0.9541353383458646,False,True
long,3,any,any(ts_momentum+bb_breakout+bb_reversion),any(ts_momentum+bb_breakout+zscore),1.0,1.0,False,True
long,3,any,any(ts_momentum+bb_breakout+bb_reversion),any(ts_momentum+keltner+bb_reversion),0.8950025771415469,0.9526764934057409,False,True
long,3,any,any(ts_momentum+bb_breakout+bb_reversion),any(ts_momentum+keltner+zscore),0.8950025771415469,0.9526764934057409,False,True
long,3,any,any(ts_momentum+bb_breakout+zscore),any(ts_momentum+keltner+bb_reversion),0.8950025771415469,0.9526764934057409,False,True
long,3,any,any(ts_momentum+bb_breakout+zscore),any(ts_momentum+keltner+zscore),0.8950025771415469,0.9526764934057409,False,True
long,3,any,any(ts_momentum+keltner+bb_reversion),any(ts_momentum+keltner+zscore),1.0,1.0,False,True
long,3,any,any(ts_momentum+bb_breakout+vwap_reversion),any(ts_momentum+keltner+vwap_reversion),0.8640856544018978,0.9563037249283668,False,True
long,3,any,any(ts_momentum+bb_breakout+ou_reversion),any(ts_momentum+keltner+ou_reversion),0.9300798044645546,0.9387096774193548,False,True
long,3,any,any(ts_momentum+bb_breakout+obv_trend),any(ts_momentum+keltner+obv_trend),0.9958054633128616,0.9972627737226277,False,True
long,3,any,any(ts_momentum+rsi+bb_reversion),any(ts_momentum+rsi+zscore),1.0,1.0,False,True
long,3,any,any(ts_momentum+stochastic+bb_reversion),any(ts_momentum+stochastic+zscore),0.9999999999999999,1.0,False,True
long,3,any,any(ts_momentum+bb_reversion+vwap_reversion),any(ts_momentum+zscore+vwap_reversion),0.9999999999999999,1.0,False,True
long,3,any,any(ts_momentum+bb_reversion+ou_reversion),any(ts_momentum+zscore+ou_reversion),1.0,1.0,False,True
long,3,any,any(ts_momentum+bb_reversion+obv_trend),any(ts_momentum+zscore+obv_trend),1.0,1.0,False,True
long,3,any,any(dual_momentum+sma_regime+bb_breakout),any(dual_momentum+sma_regime+keltner),0.9716902681682286,0.9783464566929134,False,True
long,3,any,any(dual_momentum+sma_regime+bb_reversion),any(dual_momentum+sma_regime+zscore),1.0,1.0,False,True
long,3,any,any(dual_momentum+adx_trend+bb_breakout),any(dual_momentum+adx_trend+keltner),0.9656873407013026,0.966903073286052,False,True
long,3,any,any(dual_momentum+adx_trend+bb_reversion),any(dual_momentum+adx_trend+zscore),1.0,1.0,False,True
long,3,any,any(dual_momentum+hurst_switch+bb_breakout),any(dual_momentum+hurst_switch+keltner),0.9644443554383479,0.9662398137369034,False,True
long,3,any,any(dual_momentum+hurst_switch+bb_reversion),any(dual_momentum+hurst_switch+zscore),1.0,1.0,False,True
long,3,any,any(dual_momentum+vol_regime+bb_breakout),any(dual_momentum+vol_regime+keltner),0.9664841288487086,0.9707475622968581,False,True
long,3,any,any(dual_momentum+vol_regime+bb_reversion),any(dual_momentum+vol_regime+zscore),0.9999999999999999,1.0,False,True
long,3,any,any(dual_momentum+breakout+bb_breakout),any(dual_momentum+breakout+keltner),1.0,1.0,False,True
long,3,any,any(dual_momentum+breakout+bb_reversion),any(dual_momentum+breakout+zscore),0.9999999999999999,1.0,False,True
long,3,any,any(dual_momentum+bb_breakout+rsi),any(dual_momentum+keltner+rsi),0.9582319817663536,0.9746059544658494,False,True
long,3,any,any(dual_momentum+bb_breakout+stochastic),any(dual_momentum+keltner+stochastic),0.9340161849410805,0.9789855072463768,False,True
long,3,any,any(dual_momentum+bb_breakout+bb_reversion),any(dual_momentum+bb_breakout+zscore),0.9999999999999999,1.0,False,True
long,3,any,any(dual_momentum+bb_breakout+bb_reversion),any(dual_momentum+keltner+bb_reversion),0.9506437456388048,0.9769475357710652,False,True
long,3,any,any(dual_momentum+bb_breakout+bb_reversion),any(dual_momentum+keltner+zscore),0.9506437456388048,0.9769475357710652,False,True
long,3,any,any(dual_momentum+bb_breakout+zscore),any(dual_momentum+keltner+bb_reversion),0.9506437456388048,0.9769475357710652,False,True
long,3,any,any(dual_momentum+bb_breakout+zscore),any(dual_momentum+keltner+zscore),0.9506437456388048,0.9769475357710652,False,True
long,3,any,any(dual_momentum+keltner+bb_reversion),any(dual_momentum+keltner+zscore),1.0,1.0,False,True
long,3,any,any(dual_momentum+bb_breakout+vwap_reversion),any(dual_momentum+keltner+vwap_reversion),0.8780726896880436,0.9808201058201058,False,True
long,3,any,any(dual_momentum+bb_breakout+ou_reversion),any(dual_momentum+keltner+ou_reversion),0.9656801727583533,0.9724489795918367,False,True
long,3,any,any(dual_momentum+bb_breakout+obv_trend),any(dual_momentum+keltner+obv_trend),0.9987103900308969,0.9989858012170385,False,True
long,3,any,any(dual_momentum+rsi+bb_reversion),any(dual_momentum+rsi+zscore),0.9999999999999999,1.0,False,True
long,3,any,any(dual_momentum+stochastic+bb_reversion),any(dual_momentum+stochastic+zscore),1.0,1.0,False,True
long,3,any,any(dual_momentum+bb_reversion+vwap_reversion),any(dual_momentum+zscore+vwap_reversion),1.0,1.0,False,True
long,3,any,any(dual_momentum+bb_reversion+ou_reversion),any(dual_momentum+zscore+ou_reversion),1.0,1.0,False,True
long,3,any,any(dual_momentum+bb_reversion+obv_trend),any(dual_momentum+zscore+obv_trend),1.0,1.0,False,True
long,3,any,any(sma_regime+adx_trend+bb_breakout),any(sma_regime+adx_trend+keltner),0.9446352655035618,0.9407979407979408,False,True
long,3,any,any(sma_regime+adx_trend+bb_reversion),any(sma_regime+adx_trend+zscore),1.0,1.0,False,True
long,3,any,any(sma_regime+hurst_switch+bb_breakout),any(sma_regime+hurst_switch+keltner),0.9400239984216929,0.9363057324840764,False,True
long,3,any,any(sma_regime+hurst_switch+bb_reversion),any(sma_regime+hurst_switch+zscore),0.9999999999999999,1.0,False,True
long,3,any,any(sma_regime+vol_regime+bb_breakout),any(sma_regime+vol_regime+keltner),0.9399336710369902,0.9355670103092784,False,True
long,3,any,any(sma_regime+vol_regime+bb_reversion),any(sma_regime+vol_regime+zscore),0.9999999999999999,1.0,False,True
long,3,any,any(sma_regime+breakout+bb_breakout),any(sma_regime+breakout+keltner),0.9792191535942021,0.9803468208092485,False,True
long,3,any,any(sma_regime+breakout+bb_reversion),any(sma_regime+breakout+zscore),1.0,1.0,False,True
long,3,any,any(sma_regime+bb_breakout+rsi),any(sma_regime+keltner+rsi),0.9406566571480177,0.9663865546218487,False,True
long,3,any,any(sma_regime+bb_breakout+stochastic),any(sma_regime+keltner+stochastic),0.9116179792193407,0.9617151607963247,False,True
long,3,any,any(sma_regime+bb_breakout+bb_reversion),any(sma_regime+bb_breakout+zscore),1.0,1.0,False,True
long,3,any,any(sma_regime+bb_breakout+bb_reversion),any(sma_regime+keltner+bb_reversion),0.9183222953961608,0.9604430379746836,False,True
long,3,any,any(sma_regime+bb_breakout+bb_reversion),any(sma_regime+keltner+zscore),0.9183222953961608,0.9604430379746836,False,True
long,3,any,any(sma_regime+bb_breakout+zscore),any(sma_regime+keltner+bb_reversion),0.9183222953961608,0.9604430379746836,False,True
long,3,any,any(sma_regime+bb_breakout+zscore),any(sma_regime+keltner+zscore),0.9183222953961608,0.9604430379746836,False,True
long,3,any,any(sma_regime+keltner+bb_reversion),any(sma_regime+keltner+zscore),1.0,1.0,False,True
long,3,any,any(sma_regime+bb_breakout+vwap_reversion),any(sma_regime+keltner+vwap_reversion),0.8868119857090199,0.9643620812544548,False,True
long,3,any,any(sma_regime+bb_breakout+ou_reversion),any(sma_regime+keltner+ou_reversion),0.9446894186049288,0.9481397970687712,False,True
long,3,any,any(sma_regime+bb_breakout+obv_trend),any(sma_regime+keltner+obv_trend),0.9961002262373886,0.9970089730807578,False,True
long,3,any,any(sma_regime+rsi+bb_reversion),any(sma_regime+rsi+zscore),0.9999999999999999,1.0,False,True
long,3,any,any(sma_regime+stochastic+bb_reversion),any(sma_regime+stochastic+zscore),0.9999999999999999,1.0,False,True
long,3,any,any(sma_regime+bb_reversion+vwap_reversion),any(sma_regime+zscore+vwap_reversion),1.0,1.0,False,True
long,3,any,any(sma_regime+bb_reversion+ou_reversion),any(sma_regime+zscore+ou_reversion),1.0,1.0,False,True
long,3,any,any(sma_regime+bb_reversion+obv_trend),any(sma_regime+zscore+obv_trend),1.0,1.0,False,True
long,3,any,any(adx_trend+hurst_switch+bb_breakout),any(adx_trend+hurst_switch+keltner),0.8189381085144243,0.7730627306273062,False,True
long,3,any,any(adx_trend+hurst_switch+bb_reversion),any(adx_trend+hurst_switch+zscore),1.0,1.0,False,True
long,3,any,any(adx_trend+vol_regime+bb_breakout),any(adx_trend+vol_regime+keltner),0.9216098676764587,0.9074355083459787,False,True
long,3,any,any(adx_trend+vol_regime+bb_reversion),any(adx_trend+vol_regime+zscore),1.0,1.0,False,True
long,3,any,any(adx_trend+breakout+bb_breakout),any(adx_trend+breakout+keltner),0.8973543974675506,0.8769230769230769,False,True
long,3,any,any(adx_trend+breakout+bb_reversion),any(adx_trend+breakout+zscore),1.0,1.0,False,True
long,3,any,any(adx_trend+bb_breakout+rsi),any(adx_trend+keltner+rsi),0.8544163069220126,0.8746014877789585,False,True
long,3,any,any(adx_trend+bb_breakout+stochastic),any(adx_trend+keltner+stochastic),0.8263622458459262,0.8931034482758621,False,True
long,3,any,any(adx_trend+bb_breakout+bb_reversion),any(adx_trend+bb_breakout+zscore),0.9999999999999999,1.0,False,True
long,3,any,any(adx_trend+bb_breakout+bb_reversion),any(adx_trend+keltner+bb_reversion),0.8430546441861986,0.8779527559055118,False,True
long,3,any,any(adx_trend+bb_breakout+bb_reversion),any(adx_trend+keltner+zscore),0.8430546441861986,0.8779527559055118,False,True
long,3,any,any(adx_trend+bb_breakout+zscore),any(adx_trend+keltner+bb_reversion),0.8430546441861986,0.8779527559055118,False,True
long,3,any,any(adx_trend+bb_breakout+zscore),any(adx_trend+keltner+zscore),0.8430546441861986,0.8779527559055118,False,True
long,3,any,any(adx_trend+keltner+bb_reversion),any(adx_trend+keltner+zscore),1.0,1.0,False,True
long,3,any,any(adx_trend+bb_breakout+vwap_reversion),any(adx_trend+keltner+vwap_reversion),0.7868336315461499,0.9052711993888465,False,True
long,3,any,any(adx_trend+bb_breakout+ou_reversion),any(adx_trend+keltner+ou_reversion),0.8434792853608545,0.8214285714285714,False,True
long,3,any,any(adx_trend+bb_breakout+obv_trend),any(adx_trend+keltner+obv_trend),0.9754931767220715,0.9763872491145218,False,True
long,3,any,any(adx_trend+rsi+bb_reversion),any(adx_trend+rsi+zscore),1.0,1.0,False,True
long,3,any,any(adx_trend+stochastic+bb_reversion),any(adx_trend+stochastic+zscore),0.9999999999999998,1.0,False,True
long,3,any,any(adx_trend+bb_reversion+vwap_reversion),any(adx_trend+zscore+vwap_reversion),1.0,1.0,False,True
long,3,any,any(adx_trend+bb_reversion+ou_reversion),any(adx_trend+zscore+ou_reversion),1.0,1.0,False,True
long,3,any,any(adx_trend+bb_reversion+obv_trend),any(adx_trend+zscore+obv_trend),0.9999999999999999,1.0,False,True
long,3,any,any(hurst_switch+vol_regime+bb_breakout),any(hurst_switch+vol_regime+keltner),0.9171421113450349,0.9032738095238095,False,True
long,3,any,any(hurst_switch+vol_regime+bb_reversion),any(hurst_switch+vol_regime+zscore),1.0,1.0,False,True
long,3,any,any(hurst_switch+breakout+bb_breakout),any(hurst_switch+breakout+keltner),0.8936257344159744,0.8744326777609682,False,True
long,3,any,any(hurst_switch+breakout+bb_reversion),any(hurst_switch+breakout+zscore),1.0,1.0,False,True
long,3,any,any(hurst_switch+bb_breakout+rsi),any(hurst_switch+keltner+rsi),0.8539530106762565,0.8760504201680672,False,True
long,3,any,any(hurst_switch+bb_breakout+stochastic),any(hurst_switch+keltner+stochastic),0.8193868516189126,0.8904109589041096,False,True
long,3,any,any(hurst_switch+bb_breakout+bb_reversion),any(hurst_switch+bb_breakout+zscore),1.0,1.0,False,True
long,3,any,any(hurst_switch+bb_breakout+bb_reversion),any(hurst_switch+keltner+bb_reversion),0.8376044979656777,0.8745098039215686,False,True
long,3,any,any(hurst_switch+bb_breakout+bb_reversion),any(hurst_switch+keltner+zscore),0.8376044979656777,0.8745098039215686,False,True
long,3,any,any(hurst_switch+bb_breakout+zscore),any(hurst_switch+keltner+bb_reversion),0.8376044979656777,0.8745098039215686,False,True
long,3,any,any(hurst_switch+bb_breakout+zscore),any(hurst_switch+keltner+zscore),0.8376044979656777,0.8745098039215686,False,True
long,3,any,any(hurst_switch+keltner+bb_reversion),any(hurst_switch+keltner+zscore),1.0,1.0,False,True
long,3,any,any(hurst_switch+bb_breakout+vwap_reversion),any(hurst_switch+keltner+vwap_reversion),0.7803445644885255,0.9022154316271963,False,True
long,3,any,any(hurst_switch+bb_breakout+ou_reversion),any(hurst_switch+keltner+ou_reversion),0.8383713111972391,0.8171091445427728,False,True
long,3,any,any(hurst_switch+bb_breakout+obv_trend),any(hurst_switch+keltner+obv_trend),0.9754683339738466,0.9766899766899767,False,True
long,3,any,any(hurst_switch+rsi+bb_reversion),any(hurst_switch+rsi+zscore),1.0,1.0,False,True
long,3,any,any(hurst_switch+stochastic+bb_reversion),any(hurst_switch+stochastic+zscore),1.0,1.0,False,True
long,3,any,any(hurst_switch+bb_reversion+vwap_reversion),any(hurst_switch+zscore+vwap_reversion),1.0,1.0,False,True
long,3,any,any(hurst_switch+bb_reversion+ou_reversion),any(hurst_switch+zscore+ou_reversion),0.9999999999999999,1.0,False,True
long,3,any,any(hurst_switch+bb_reversion+obv_trend),any(hurst_switch+zscore+obv_trend),1.0,1.0,False,True
long,3,any,any(vol_regime+breakout+bb_breakout),any(vol_regime+breakout+keltner),0.9703456036114279,0.968503937007874,False,True
long,3,any,any(vol_regime+breakout+bb_reversion),any(vol_regime+breakout+zscore),0.9999999999999999,1.0,False,True
long,3,any,any(vol_regime+bb_breakout+rsi),any(vol_regime+keltner+rsi),0.9267570297169511,0.9486940298507462,False,True
long,3,any,any(vol_regime+bb_breakout+stochastic),any(vol_regime+keltner+stochastic),0.8987109833989834,0.9469820554649266,False,True
long,3,any,any(vol_regime+bb_breakout+bb_reversion),any(vol_regime+bb_breakout+zscore),1.0,1.0,False,True
long,3,any,any(vol_regime+bb_breakout+bb_reversion),any(vol_regime+keltner+bb_reversion),0.9083344114376848,0.9432809773123909,False,True
long,3,any,any(vol_regime+bb_breakout+bb_reversion),any(vol_regime+keltner+zscore),0.9083344114376848,0.9432809773123909,False,True
long,3,any,any(vol_regime+bb_breakout+zscore),any(vol_regime+keltner+bb_reversion),0.9083344114376848,0.9432809773123909,False,True
long,3,any,any(vol_regime+bb_breakout+zscore),any(vol_regime+keltner+zscore),0.9083344114376848,0.9432809773123909,False,True
long,3,any,any(vol_regime+keltner+bb_reversion),any(vol_regime+keltner+zscore),0.9999999999999999,1.0,False,True
long,3,any,any(vol_regime+bb_breakout+vwap_reversion),any(vol_regime+keltner+vwap_reversion),0.865475631617802,0.952485380116959,False,True
long,3,any,any(vol_regime+bb_breakout+ou_reversion),any(vol_regime+keltner+ou_reversion),0.9253562532928871,0.9235588972431078,False,True
long,3,any,any(vol_regime+bb_breakout+obv_trend),any(vol_regime+keltner+obv_trend),0.9962427800040523,0.9967532467532467,False,True
long,3,any,any(vol_regime+rsi+bb_reversion),any(vol_regime+rsi+zscore),1.0,1.0,False,True
long,3,any,any(vol_regime+stochastic+bb_reversion),any(vol_regime+stochastic+zscore),0.9999999999999999,1.0,False,True
long,3,any,any(vol_regime+bb_reversion+vwap_reversion),any(vol_regime+zscore+vwap_reversion),1.0,1.0,False,True
long,3,any,any(vol_regime+bb_reversion+ou_reversion),any(vol_regime+zscore+ou_reversion),1.0,1.0,False,True
long,3,any,any(vol_regime+bb_reversion+obv_trend),any(vol_regime+zscore+obv_trend),1.0,1.0,False,True
long,3,any,any(breakout+bb_breakout+rsi),any(breakout+keltner+rsi),0.9050577009694797,0.9303857008466604,False,True
long,3,any,any(breakout+bb_breakout+stochastic),any(breakout+keltner+stochastic),0.8600657142611203,0.9344773790951638,False,True
long,3,any,any(breakout+bb_breakout+bb_reversion),any(breakout+bb_breakout+zscore),1.0,1.0,False,True
long,3,any,any(breakout+bb_breakout+bb_reversion),any(breakout+keltner+bb_reversion),0.8845463630204132,0.9261213720316622,False,True
long,3,any,any(breakout+bb_breakout+bb_reversion),any(breakout+keltner+zscore),0.8845463630204132,0.9261213720316622,False,True
long,3,any,any(breakout+bb_breakout+zscore),any(breakout+keltner+bb_reversion),0.8845463630204132,0.9261213720316622,False,True
long,3,any,any(breakout+bb_breakout+zscore),any(breakout+keltner+zscore),0.8845463630204132,0.9261213720316622,False,True
long,3,any,any(breakout+keltner+bb_reversion),any(breakout+keltner+zscore),1.0,1.0,False,True
long,3,any,any(breakout+bb_breakout+vwap_reversion),any(breakout+keltner+vwap_reversion),0.8252864537066159,0.9392624728850325,False,True
long,3,any,any(breakout+bb_breakout+ou_reversion),any(breakout+keltner+ou_reversion),0.8968109160917682,0.8885941644562334,False,True
long,3,any,any(breakout+bb_breakout+obv_trend),any(breakout+keltner+obv_trend),0.976425182976353,0.9793478260869565,False,True
long,3,any,any(breakout+rsi+bb_reversion),any(breakout+rsi+zscore),0.9999999999999999,1.0,False,True
long,3,any,any(breakout+stochastic+bb_reversion),any(breakout+stochastic+zscore),1.0,1.0,False,True
long,3,any,any(breakout+bb_reversion+vwap_reversion),any(breakout+zscore+vwap_reversion),1.0,1.0,False,True
long,3,any,any(breakout+bb_reversion+ou_reversion),any(breakout+zscore+ou_reversion),0.9999999999999999,1.0,False,True
long,3,any,any(breakout+bb_reversion+obv_trend),any(breakout+zscore+obv_trend),1.0,1.0,False,True
long,3,any,any(bb_breakout+rsi+stochastic),any(keltner+rsi+stochastic),0.8105919404732853,0.9057052297939778,False,True
long,3,any,any(bb_breakout+rsi+bb_reversion),any(bb_breakout+rsi+zscore),1.0,1.0,False,True
long,3,any,any(bb_breakout+rsi+bb_reversion),any(keltner+rsi+bb_reversion),0.8390878286912451,0.8938447814451382,False,True
long,3,any,any(bb_breakout+rsi+bb_reversion),any(keltner+rsi+zscore),0.8390878286912451,0.8938447814451382,False,True
long,3,any,any(bb_breakout+rsi+zscore),any(keltner+rsi+bb_reversion),0.8390878286912451,0.8938447814451382,False,True
long,3,any,any(bb_breakout+rsi+zscore),any(keltner+rsi+zscore),0.8390878286912451,0.8938447814451382,False,True
long,3,any,any(keltner+rsi+bb_reversion),any(keltner+rsi+zscore),1.0,1.0,False,True
long,3,any,any(bb_breakout+rsi+vwap_reversion),any(keltner+rsi+vwap_reversion),0.7484725321642423,0.9149392423159399,False,True
long,3,any,any(bb_breakout+rsi+ou_reversion),any(keltner+rsi+ou_reversion),0.8503587522383914,0.892422825070159,False,True
long,3,any,any(bb_breakout+rsi+obv_trend),any(keltner+rsi+obv_trend),0.9736899038408832,0.984375,False,True
long,3,any,any(bb_breakout+stochastic+bb_reversion),any(bb_breakout+stochastic+zscore),1.0,1.0,False,True
long,3,any,any(bb_breakout+stochastic+bb_reversion),any(keltner+stochastic+bb_reversion),0.8129590764567057,0.8919597989949749,False,True
long,3,any,any(bb_breakout+stochastic+bb_reversion),any(keltner+stochastic+zscore),0.8129590764567057,0.8919597989949749,False,True
long,3,any,any(bb_breakout+stochastic+zscore),any(keltner+stochastic+bb_reversion),0.8129590764567057,0.8919597989949749,False,True
long,3,any,any(bb_breakout+stochastic+zscore),any(keltner+stochastic+zscore),0.8129590764567057,0.8919597989949749,False,True
long,3,any,any(keltner+stochastic+bb_reversion),any(keltner+stochastic+zscore),1.0,1.0,False,True
long,3,any,any(bb_breakout+stochastic+vwap_reversion),any(keltner+stochastic+vwap_reversion),0.7665504158940256,0.9035153328347045,False,True
long,3,any,any(bb_breakout+stochastic+ou_reversion),any(keltner+stochastic+ou_reversion),0.8141711195005691,0.8970345963756178,False,True
long,3,any,any(bb_breakout+stochastic+obv_trend),any(keltner+stochastic+obv_trend),0.9534014452791942,0.9855386840202458,False,True
long,3,any,any(bb_breakout+bb_reversion+vwap_reversion),any(bb_breakout+zscore+vwap_reversion),1.0,1.0,False,True
long,3,any,any(bb_breakout+bb_reversion+vwap_reversion),any(keltner+bb_reversion+vwap_reversion),0.7747180252646088,0.9021986353297953,False,True
long,3,any,any(bb_breakout+bb_reversion+vwap_reversion),any(keltner+zscore+vwap_reversion),0.7747180252646088,0.9021986353297953,False,True
long,3,any,any(bb_breakout+zscore+vwap_reversion),any(keltner+bb_reversion+vwap_reversion),0.7747180252646088,0.9021986353297953,False,True
long,3,any,any(bb_breakout+zscore+vwap_reversion),any(keltner+zscore+vwap_reversion),0.7747180252646088,0.9021986353297953,False,True
long,3,any,any(keltner+bb_reversion+vwap_reversion),any(keltner+zscore+vwap_reversion),1.0,1.0,False,True
long,3,any,any(bb_breakout+bb_reversion+ou_reversion),any(bb_breakout+zscore+ou_reversion),1.0,1.0,False,True
long,3,any,any(bb_breakout+bb_reversion+ou_reversion),any(keltner+bb_reversion+ou_reversion),0.8341509104836871,0.886052871467639,False,True
long,3,any,any(bb_breakout+bb_reversion+ou_reversion),any(keltner+zscore+ou_reversion),0.8341509104836871,0.886052871467639,False,True
long,3,any,any(bb_breakout+zscore+ou_reversion),any(keltner+bb_reversion+ou_reversion),0.8341509104836871,0.886052871467639,False,True
long,3,any,any(bb_breakout+zscore+ou_reversion),any(keltner+zscore+ou_reversion),0.8341509104836871,0.886052871467639,False,True
long,3,any,any(keltner+bb_reversion+ou_reversion),any(keltner+zscore+ou_reversion),1.0,1.0,False,True
long,3,any,any(bb_breakout+bb_reversion+obv_trend),any(bb_breakout+zscore+obv_trend),1.0,1.0,False,True
long,3,any,any(bb_breakout+bb_reversion+obv_trend),any(keltner+bb_reversion+obv_trend),0.964685171268444,0.9842890809112333,False,True
long,3,any,any(bb_breakout+bb_reversion+obv_trend),any(keltner+zscore+obv_trend),0.964685171268444,0.9842890809112333,False,True
long,3,any,any(bb_breakout+zscore+obv_trend),any(keltner+bb_reversion+obv_trend),0.964685171268444,0.9842890809112333,False,True
long,3,any,any(bb_breakout+zscore+obv_trend),any(keltner+zscore+obv_trend),0.964685171268444,0.9842890809112333,False,True
long,3,any,any(keltner+bb_reversion+obv_trend),any(keltner+zscore+obv_trend),0.9999999999999999,1.0,False,True
long,3,any,any(bb_breakout+vwap_reversion+ou_reversion),any(keltner+vwap_reversion+ou_reversion),0.7794571956338808,0.9055177626606198,False,True
long,3,any,any(bb_breakout+vwap_reversion+obv_trend),any(keltner+vwap_reversion+obv_trend),0.912509583351769,0.9867812293456708,False,True
long,3,any,any(bb_breakout+ou_reversion+obv_trend),any(keltner+ou_reversion+obv_trend),0.9745711931423696,0.9795709908069459,False,True
long,3,any,any(rsi+stochastic+bb_reversion),any(rsi+stochastic+zscore),1.0,1.0,False,True
long,3,any,any(rsi+bb_reversion+vwap_reversion),any(rsi+zscore+vwap_reversion),1.0,1.0,False,True
long,3,any,any(rsi+bb_reversion+ou_reversion),any(rsi+zscore+ou_reversion),0.9999999999999999,1.0,False,True
long,3,any,any(rsi+bb_reversion+obv_trend),any(rsi+zscore+obv_trend),0.9999999999999999,1.0,False,True
long,3,any,any(stochastic+bb_reversion+vwap_reversion),any(stochastic+zscore+vwap_reversion),1.0,1.0,False,True
long,3,any,any(stochastic+bb_reversion+ou_reversion),any(stochastic+zscore+ou_reversion),1.0,1.0,False,True
long,3,any,any(stochastic+bb_reversion+obv_trend),any(stochastic+zscore+obv_trend),1.0,1.0,False,True
long,3,any,any(bb_reversion+vwap_reversion+ou_reversion),any(zscore+vwap_reversion+ou_reversion),0.9999999999999998,1.0,False,True
long,3,any,any(bb_reversion+vwap_reversion+obv_trend),any(zscore+vwap_reversion+obv_trend),1.0,1.0,False,True
long,3,any,any(bb_reversion+ou_reversion+obv_trend),any(zscore+ou_reversion+obv_trend),1.0,1.0,False,True
long,3,vote,vote(ma_crossover+macd+bb_breakout),vote(ma_crossover+macd+keltner),0.9552624593647898,0.9826021180030258,False,True
long,3,vote,vote(ma_crossover+macd+bb_reversion),vote(ma_crossover+macd+zscore),1.0,1.0,False,True
long,3,vote,vote(ma_crossover+ma_ribbon+bb_breakout),vote(ma_crossover+ma_ribbon+keltner),0.962475458861183,0.9960845732184808,False,True
long,3,vote,vote(ma_crossover+ma_ribbon+bb_reversion),vote(ma_crossover+ma_ribbon+zscore),1.0,1.0,False,True
long,3,vote,vote(ma_crossover+ichimoku+bb_breakout),vote(ma_crossover+ichimoku+keltner),0.9705467838809889,0.9224806201550387,False,True
long,3,vote,vote(ma_crossover+ichimoku+bb_reversion),vote(ma_crossover+ichimoku+zscore),1.0,1.0,False,True
long,3,vote,vote(ma_crossover+ts_momentum+bb_breakout),vote(ma_crossover+ts_momentum+keltner),0.9704042769989984,0.9391124871001032,False,True
long,3,vote,vote(ma_crossover+ts_momentum+bb_reversion),vote(ma_crossover+ts_momentum+zscore),1.0,1.0,False,True
long,3,vote,vote(ma_crossover+dual_momentum+bb_breakout),vote(ma_crossover+dual_momentum+keltner),0.9644917893133299,0.9805137289636847,False,True
long,3,vote,vote(ma_crossover+dual_momentum+bb_reversion),vote(ma_crossover+dual_momentum+zscore),1.0,1.0,False,True
long,3,vote,vote(ma_crossover+sma_regime+bb_breakout),vote(ma_crossover+sma_regime+keltner),0.9724222840795933,0.9442586399108138,False,True
long,3,vote,vote(ma_crossover+sma_regime+bb_reversion),vote(ma_crossover+sma_regime+zscore),1.0,1.0,False,True
long,3,vote,vote(ma_crossover+adx_trend+bb_breakout),vote(ma_crossover+adx_trend+keltner),0.9550676964147838,0.915158371040724,False,True
long,3,vote,vote(ma_crossover+adx_trend+bb_reversion),vote(ma_crossover+adx_trend+zscore),1.0,1.0,False,True
long,3,vote,vote(ma_crossover+hurst_switch+bb_breakout),vote(ma_crossover+hurst_switch+keltner),0.9419441548146712,0.9122609673790776,False,True
long,3,vote,vote(ma_crossover+hurst_switch+bb_reversion),vote(ma_crossover+hurst_switch+zscore),1.0,1.0,False,True
long,3,vote,vote(ma_crossover+vol_regime+bb_breakout),vote(ma_crossover+vol_regime+keltner),0.9647676429853123,0.9442586399108138,False,True
long,3,vote,vote(ma_crossover+vol_regime+bb_reversion),vote(ma_crossover+vol_regime+zscore),0.9999999999999999,1.0,False,True
long,3,vote,vote(ma_crossover+breakout+bb_breakout),vote(ma_crossover+breakout+keltner),0.9669112289353354,0.9528795811518325,False,True
long,3,vote,vote(ma_crossover+breakout+bb_reversion),vote(ma_crossover+breakout+zscore),0.9999999999999999,1.0,False,True
long,3,vote,vote(ma_crossover+bb_breakout+rsi),vote(ma_crossover+keltner+rsi),0.9046458189951773,0.9465944272445821,False,True
long,3,vote,vote(ma_crossover+bb_breakout+stochastic),vote(ma_crossover+keltner+stochastic),0.9214854267994975,0.940377358490566,False,True
long,3,vote,vote(ma_crossover+bb_breakout+bb_reversion),vote(ma_crossover+bb_breakout+zscore),1.0,1.0,False,True
long,3,vote,vote(ma_crossover+bb_breakout+bb_reversion),vote(ma_crossover+keltner+bb_reversion),0.9097540118326545,0.9398324447829398,False,True
long,3,vote,vote(ma_crossover+bb_breakout+bb_reversion),vote(ma_crossover+keltner+zscore),0.9097540118326545,0.9398324447829398,False,True
long,3,vote,vote(ma_crossover+bb_breakout+zscore),vote(ma_crossover+keltner+bb_reversion),0.9097540118326545,0.9398324447829398,False,True
long,3,vote,vote(ma_crossover+bb_breakout+zscore),vote(ma_crossover+keltner+zscore),0.9097540118326545,0.9398324447829398,False,True
long,3,vote,vote(ma_crossover+keltner+bb_reversion),vote(ma_crossover+keltner+zscore),1.0,1.0,False,True
long,3,vote,vote(ma_crossover+bb_breakout+vwap_reversion),vote(ma_crossover+keltner+vwap_reversion),0.9179261679264438,0.9434097421203438,False,True
long,3,vote,vote(ma_crossover+bb_breakout+ou_reversion),vote(ma_crossover+keltner+ou_reversion),0.9408594168896145,0.9183895538628944,False,True
long,3,vote,vote(ma_crossover+bb_breakout+obv_trend),vote(ma_crossover+keltner+obv_trend),0.9652551161498365,0.9973166368515206,False,True
long,3,vote,vote(ma_crossover+rsi+bb_reversion),vote(ma_crossover+rsi+zscore),0.9999999999999999,1.0,False,True
long,3,vote,vote(ma_crossover+stochastic+bb_reversion),vote(ma_crossover+stochastic+zscore),1.0,1.0,False,True
long,3,vote,vote(ma_crossover+bb_reversion+vwap_reversion),vote(ma_crossover+zscore+vwap_reversion),1.0,1.0,False,True
long,3,vote,vote(ma_crossover+bb_reversion+ou_reversion),vote(ma_crossover+zscore+ou_reversion),1.0,1.0,False,True
long,3,vote,vote(ma_crossover+bb_reversion+obv_trend),vote(ma_crossover+zscore+obv_trend),0.9999999999999999,1.0,False,True
long,3,vote,vote(macd+ma_ribbon+bb_breakout),vote(macd+ma_ribbon+keltner),0.9556860660454423,1.0,False,True
long,3,vote,vote(macd+ma_ribbon+bb_reversion),vote(macd+ma_ribbon+zscore),1.0,1.0,False,True
long,3,vote,vote(macd+ichimoku+bb_breakout),vote(macd+ichimoku+keltner),0.9652724527431661,0.9803395889186773,False,True
long,3,vote,vote(macd+ichimoku+bb_reversion),vote(macd+ichimoku+zscore),1.0,1.0,False,True
long,3,vote,vote(macd+ts_momentum+bb_breakout),vote(macd+ts_momentum+keltner),0.9613302284097373,0.9808917197452229,False,True
long,3,vote,vote(macd+ts_momentum+bb_reversion),vote(macd+ts_momentum+zscore),0.9999999999999999,1.0,False,True
long,3,vote,vote(macd+dual_momentum+bb_breakout),vote(macd+dual_momentum+keltner),0.971759950657077,0.9754716981132076,False,True
long,3,vote,vote(macd+dual_momentum+bb_reversion),vote(macd+dual_momentum+zscore),0.9999999999999998,1.0,False,True
long,3,vote,vote(macd+sma_regime+bb_breakout),vote(macd+sma_regime+keltner),0.9646988188099856,0.9808811305070657,False,True
long,3,vote,vote(macd+sma_regime+bb_reversion),vote(macd+sma_regime+zscore),1.0,1.0,False,True
long,3,vote,vote(macd+adx_trend+bb_breakout),vote(macd+adx_trend+keltner),0.9551365288742913,0.9596367305751766,False,True
long,3,vote,vote(macd+adx_trend+bb_reversion),vote(macd+adx_trend+zscore),0.9999999999999999,1.0,False,True
long,3,vote,vote(macd+hurst_switch+bb_breakout),vote(macd+hurst_switch+keltner),0.942313344051813,0.9591633466135459,False,True
long,3,vote,vote(macd+hurst_switch+bb_reversion),vote(macd+hurst_switch+zscore),1.0,1.0,False,True
long,3,vote,vote(macd+vol_regime+bb_breakout),vote(macd+vol_regime+keltner),0.9605680176838877,0.9696412143514259,False,True
long,3,vote,vote(macd+vol_regime+bb_reversion),vote(macd+vol_regime+zscore),1.0,1.0,False,True
long,3,vote,vote(macd+breakout+bb_breakout),vote(macd+breakout+keltner),0.9669179303880492,0.9925857275254866,False,True
long,3,vote,vote(macd+breakout+bb_reversion),vote(macd+breakout+zscore),1.0,1.0,False,True
long,3,vote,vote(macd+bb_breakout+rsi),vote(macd+keltner+rsi),0.9438215098236636,0.9642545771578029,False,True
long,3,vote,vote(macd+bb_breakout+stochastic),vote(macd+keltner+stochastic),0.9194521410880958,0.9704397981254506,False,True
long,3,vote,vote(macd+bb_breakout+bb_reversion),vote(macd+bb_breakout+zscore),0.9999999999999998,1.0,False,True
long,3,vote,vote(macd+bb_breakout+bb_reversion),vote(macd+keltner+bb_reversion),0.9336883804025621,0.9673306772908367,False,True
long,3,vote,vote(macd+bb_breakout+bb_reversion),vote(macd+keltner+zscore),0.9336883804025621,0.9673306772908367,False,True
long,3,vote,vote(macd+bb_breakout+zscore),vote(macd+keltner+bb_reversion),0.9336883804025621,0.9673306772908367,False,True
long,3,vote,vote(macd+bb_breakout+zscore),vote(macd+keltner+zscore),0.9336883804025621,0.9673306772908367,False,True
long,3,vote,vote(macd+keltner+bb_reversion),vote(macd+keltner+zscore),1.0,1.0,False,True
long,3,vote,vote(macd+bb_breakout+vwap_reversion),vote(macd+keltner+vwap_reversion),0.8925092462417004,0.9730440499671269,False,True
long,3,vote,vote(macd+bb_breakout+ou_reversion),vote(macd+keltner+ou_reversion),0.9301241514070597,0.966041108132261,False,True
long,3,vote,vote(macd+bb_breakout+obv_trend),vote(macd+keltner+obv_trend),0.9700257108117064,0.9990925589836661,False,True
long,3,vote,vote(macd+rsi+bb_reversion),vote(macd+rsi+zscore),1.0,1.0,False,True
long,3,vote,vote(macd+stochastic+bb_reversion),vote(macd+stochastic+zscore),1.0,1.0,False,True
long,3,vote,vote(macd+bb_reversion+vwap_reversion),vote(macd+zscore+vwap_reversion),0.9999999999999998,1.0,False,True
long,3,vote,vote(macd+bb_reversion+ou_reversion),vote(macd+zscore+ou_reversion),1.0,1.0,False,True
long,3,vote,vote(macd+bb_reversion+obv_trend),vote(macd+zscore+obv_trend),1.0,1.0,False,True
long,3,vote,vote(ma_ribbon+ichimoku+bb_breakout),vote(ma_ribbon+ichimoku+keltner),0.9647834824256282,0.9960474308300395,False,True
long,3,vote,vote(ma_ribbon+ichimoku+bb_reversion),vote(ma_ribbon+ichimoku+zscore),1.0,1.0,False,True
long,3,vote,vote(ma_ribbon+ts_momentum+bb_breakout),vote(ma_ribbon+ts_momentum+keltner),0.962096139028765,0.9969673995451099,False,True
long,3,vote,vote(ma_ribbon+ts_momentum+bb_reversion),vote(ma_ribbon+ts_momentum+zscore),1.0,1.0,False,True
long,3,vote,vote(ma_ribbon+dual_momentum+bb_breakout),vote(ma_ribbon+dual_momentum+keltner),0.964531228523185,1.0,False,True
long,3,vote,vote(ma_ribbon+dual_momentum+bb_reversion),vote(ma_ribbon+dual_momentum+zscore),1.0,1.0,False,True
long,3,vote,vote(ma_ribbon+sma_regime+bb_breakout),vote(ma_ribbon+sma_regime+keltner),0.9660827187201299,0.9968379446640316,False,True
long,3,vote,vote(ma_ribbon+sma_regime+bb_reversion),vote(ma_ribbon+sma_regime+zscore),1.0,1.0,False,True
long,3,vote,vote(ma_ribbon+adx_trend+bb_breakout),vote(ma_ribbon+adx_trend+keltner),0.9479806186804781,0.9992101105845181,False,True
long,3,vote,vote(ma_ribbon+adx_trend+bb_reversion),vote(ma_ribbon+adx_trend+zscore),1.0,1.0,False,True
long,3,vote,vote(ma_ribbon+hurst_switch+bb_breakout),vote(ma_ribbon+hurst_switch+keltner),0.9314247168912081,0.9968503937007874,False,True
long,3,vote,vote(ma_ribbon+hurst_switch+bb_reversion),vote(ma_ribbon+hurst_switch+zscore),1.0,1.0,False,True
long,3,vote,vote(ma_ribbon+vol_regime+bb_breakout),vote(ma_ribbon+vol_regime+keltner),0.9581167052922652,0.9968379446640316,False,True
long,3,vote,vote(ma_ribbon+vol_regime+bb_reversion),vote(ma_ribbon+vol_regime+zscore),1.0,1.0,False,True
long,3,vote,vote(ma_ribbon+breakout+bb_breakout),vote(ma_ribbon+breakout+keltner),0.9658579850955502,0.9960474308300395,False,True
long,3,vote,vote(ma_ribbon+breakout+bb_reversion),vote(ma_ribbon+breakout+zscore),1.0,1.0,False,True
long,3,vote,vote(ma_ribbon+bb_breakout+rsi),vote(ma_ribbon+keltner+rsi),0.8891298393767433,0.9993394980184941,False,True
long,3,vote,vote(ma_ribbon+bb_breakout+stochastic),vote(ma_ribbon+keltner+stochastic),0.8585195077876892,0.996875,False,True
long,3,vote,vote(ma_ribbon+bb_breakout+bb_reversion),vote(ma_ribbon+bb_breakout+zscore),1.0,1.0,False,True
long,3,vote,vote(ma_ribbon+bb_breakout+bb_reversion),vote(ma_ribbon+keltner+bb_reversion),0.8579840932970528,0.9968494013862634,False,True
long,3,vote,vote(ma_ribbon+bb_breakout+bb_reversion),vote(ma_ribbon+keltner+zscore),0.8579840932970528,0.9968494013862634,False,True
long,3,vote,vote(ma_ribbon+bb_breakout+zscore),vote(ma_ribbon+keltner+bb_reversion),0.8579840932970528,0.9968494013862634,False,True
long,3,vote,vote(ma_ribbon+bb_breakout+zscore),vote(ma_ribbon+keltner+zscore),0.8579840932970528,0.9968494013862634,False,True
long,3,vote,vote(ma_ribbon+keltner+bb_reversion),vote(ma_ribbon+keltner+zscore),0.9999999999999999,1.0,False,True
long,3,vote,vote(ma_ribbon+bb_breakout+vwap_reversion),vote(ma_ribbon+keltner+vwap_reversion),0.8649475071754859,0.9968553459119497,False,True
long,3,vote,vote(ma_ribbon+bb_breakout+ou_reversion),vote(ma_ribbon+keltner+ou_reversion),0.9260719266442282,0.9961449498843485,False,True
long,3,vote,vote(ma_ribbon+bb_breakout+obv_trend),vote(ma_ribbon+keltner+obv_trend),0.9656417689408391,1.0,False,True
long,3,vote,vote(ma_ribbon+rsi+bb_reversion),vote(ma_ribbon+rsi+zscore),1.0,1.0,False,True
long,3,vote,vote(ma_ribbon+stochastic+bb_reversion),vote(ma_ribbon+stochastic+zscore),1.0,1.0,False,True
long,3,vote,vote(ma_ribbon+bb_reversion+vwap_reversion),vote(ma_ribbon+zscore+vwap_reversion),1.0,1.0,False,True
long,3,vote,vote(ma_ribbon+bb_reversion+ou_reversion),vote(ma_ribbon+zscore+ou_reversion),1.0,1.0,False,True
long,3,vote,vote(ma_ribbon+bb_reversion+obv_trend),vote(ma_ribbon+zscore+obv_trend),1.0,1.0,False,True
long,3,vote,vote(ichimoku+ts_momentum+bb_breakout),vote(ichimoku+ts_momentum+keltner),0.9704594977843527,0.9458288190682557,False,True
long,3,vote,vote(ichimoku+ts_momentum+bb_reversion),vote(ichimoku+ts_momentum+zscore),1.0,1.0,False,True
long,3,vote,vote(ichimoku+dual_momentum+bb_breakout),vote(ichimoku+dual_momentum+keltner),0.9702654872876877,0.9779411764705882,False,True
long,3,vote,vote(ichimoku+dual_momentum+bb_reversion),vote(ichimoku+dual_momentum+zscore),0.9999999999999999,1.0,False,True
long,3,vote,vote(ichimoku+sma_regime+bb_breakout),vote(ichimoku+sma_regime+keltner),0.9743532273885831,0.9382093316519546,False,True
long,3,vote,vote(ichimoku+sma_regime+bb_reversion),vote(ichimoku+sma_regime+zscore),1.0,1.0,False,True
long,3,vote,vote(ichimoku+adx_trend+bb_breakout),vote(ichimoku+adx_trend+keltner),0.9606571606086672,0.890190336749634,False,True
long,3,vote,vote(ichimoku+adx_trend+bb_reversion),vote(ichimoku+adx_trend+zscore),1.0,1.0,False,True
long,3,vote,vote(ichimoku+hurst_switch+bb_breakout),vote(ichimoku+hurst_switch+keltner),0.9491519055208689,0.8872832369942196,False,True
long,3,vote,vote(ichimoku+hurst_switch+bb_reversion),vote(ichimoku+hurst_switch+zscore),1.0,1.0,False,True
long,3,vote,vote(ichimoku+vol_regime+bb_breakout),vote(ichimoku+vol_regime+keltner),0.9675743154455404,0.9349269588313412,False,True
long,3,vote,vote(ichimoku+vol_regime+bb_reversion),vote(ichimoku+vol_regime+zscore),1.0,1.0,False,True
long,3,vote,vote(ichimoku+breakout+bb_breakout),vote(ichimoku+breakout+keltner),0.9715022977996925,0.9395109395109396,False,True
long,3,vote,vote(ichimoku+breakout+bb_reversion),vote(ichimoku+breakout+zscore),0.9999999999999999,1.0,False,True
long,3,vote,vote(ichimoku+bb_breakout+rsi),vote(ichimoku+keltner+rsi),0.9282061869983463,0.9370437956204379,False,True
long,3,vote,vote(ichimoku+bb_breakout+stochastic),vote(ichimoku+keltner+stochastic),0.9203857845219828,0.9375,False,True
long,3,vote,vote(ichimoku+bb_breakout+bb_reversion),vote(ichimoku+bb_breakout+zscore),1.0,1.0,False,True
long,3,vote,vote(ichimoku+bb_breakout+bb_reversion),vote(ichimoku+keltner+bb_reversion),0.9233694678079772,0.9324786324786325,False,True
long,3,vote,vote(ichimoku+bb_breakout+bb_reversion),vote(ichimoku+keltner+zscore),0.9233694678079772,0.9324786324786325,False,True
long,3,vote,vote(ichimoku+bb_breakout+zscore),vote(ichimoku+keltner+bb_reversion),0.9233694678079772,0.9324786324786325,False,True
long,3,vote,vote(ichimoku+bb_breakout+zscore),vote(ichimoku+keltner+zscore),0.9233694678079772,0.9324786324786325,False,True
long,3,vote,vote(ichimoku+keltner+bb_reversion),vote(ichimoku+keltner+zscore),1.0,1.0,False,True
long,3,vote,vote(ichimoku+bb_breakout+vwap_reversion),vote(ichimoku+keltner+vwap_reversion),0.907187531779057,0.9430835734870316,False,True
long,3,vote,vote(ichimoku+bb_breakout+ou_reversion),vote(ichimoku+keltner+ou_reversion),0.9424155067518001,0.9055415617128464,False,True
long,3,vote,vote(ichimoku+bb_breakout+obv_trend),vote(ichimoku+keltner+obv_trend),0.9714982665883894,0.9870689655172413,False,True
long,3,vote,vote(ichimoku+rsi+bb_reversion),vote(ichimoku+rsi+zscore),1.0,1.0,False,True
long,3,vote,vote(ichimoku+stochastic+bb_reversion),vote(ichimoku+stochastic+zscore),1.0,1.0,False,True
long,3,vote,vote(ichimoku+bb_reversion+vwap_reversion),vote(ichimoku+zscore+vwap_reversion),0.9999999999999999,1.0,False,True
long,3,vote,vote(ichimoku+bb_reversion+ou_reversion),vote(ichimoku+zscore+ou_reversion),1.0,1.0,False,True
long,3,vote,vote(ichimoku+bb_reversion+obv_trend),vote(ichimoku+zscore+obv_trend),1.0,1.0,False,True
long,3,vote,vote(ts_momentum+dual_momentum+bb_breakout),vote(ts_momentum+dual_momentum+keltner),0.9672337503657588,0.978319783197832,False,True
long,3,vote,vote(ts_momentum+dual_momentum+bb_reversion),vote(ts_momentum+dual_momentum+zscore),1.0,1.0,False,True
long,3,vote,vote(ts_momentum+sma_regime+bb_breakout),vote(ts_momentum+sma_regime+keltner),0.9727414510245445,0.9460043196544277,False,True
long,3,vote,vote(ts_momentum+sma_regime+bb_reversion),vote(ts_momentum+sma_regime+zscore),1.0,1.0,False,True
long,3,vote,vote(ts_momentum+adx_trend+bb_breakout),vote(ts_momentum+adx_trend+keltner),0.9566700694455897,0.9356321839080459,False,True
long,3,vote,vote(ts_momentum+adx_trend+bb_reversion),vote(ts_momentum+adx_trend+zscore),1.0,1.0,False,True
long,3,vote,vote(ts_momentum+hurst_switch+bb_breakout),vote(ts_momentum+hurst_switch+keltner),0.9443411076217204,0.930365296803653,False,True
long,3,vote,vote(ts_momentum+hurst_switch+bb_reversion),vote(ts_momentum+hurst_switch+zscore),0.9999999999999999,1.0,False,True
long,3,vote,vote(ts_momentum+vol_regime+bb_breakout),vote(ts_momentum+vol_regime+keltner),0.9646541492595346,0.9459459459459459,False,True
long,3,vote,vote(ts_momentum+vol_regime+bb_reversion),vote(ts_momentum+vol_regime+zscore),1.0,1.0,False,True
long,3,vote,vote(ts_momentum+breakout+bb_breakout),vote(ts_momentum+breakout+keltner),0.9684920040226349,0.972972972972973,False,True
long,3,vote,vote(ts_momentum+breakout+bb_reversion),vote(ts_momentum+breakout+zscore),1.0,1.0,False,True
long,3,vote,vote(ts_momentum+bb_breakout+rsi),vote(ts_momentum+keltner+rsi),0.9187871416094663,0.9588709677419355,False,True
long,3,vote,vote(ts_momentum+bb_breakout+stochastic),vote(ts_momentum+keltner+stochastic),0.9215297588531747,0.9541353383458646,False,True
long,3,vote,vote(ts_momentum+bb_breakout+bb_reversion),vote(ts_momentum+bb_breakout+zscore),1.0,1.0,False,True
long,3,vote,vote(ts_momentum+bb_breakout+bb_reversion),vote(ts_momentum+keltner+bb_reversion),0.9170501170742358,0.9526764934057409,False,True
long,3,vote,vote(ts_momentum+bb_breakout+bb_reversion),vote(ts_momentum+keltner+zscore),0.9170501170742358,0.9526764934057409,False,True
long,3,vote,vote(ts_momentum+bb_breakout+zscore),vote(ts_momentum+keltner+bb_reversion),0.9170501170742358,0.9526764934057409,False,True
long,3,vote,vote(ts_momentum+bb_breakout+zscore),vote(ts_momentum+keltner+zscore),0.9170501170742358,0.9526764934057409,False,True
long,3,vote,vote(ts_momentum+keltner+bb_reversion),vote(ts_momentum+keltner+zscore),1.0,1.0,False,True
long,3,vote,vote(ts_momentum+bb_breakout+vwap_reversion),vote(ts_momentum+keltner+vwap_reversion),0.9185645275476569,0.9563037249283668,False,True
long,3,vote,vote(ts_momentum+bb_breakout+ou_reversion),vote(ts_momentum+keltner+ou_reversion),0.9409385715645406,0.9387096774193548,False,True
long,3,vote,vote(ts_momentum+bb_breakout+obv_trend),vote(ts_momentum+keltner+obv_trend),0.9673745524800386,0.9972627737226277,False,True
long,3,vote,vote(ts_momentum+rsi+bb_reversion),vote(ts_momentum+rsi+zscore),1.0,1.0,False,True
long,3,vote,vote(ts_momentum+stochastic+bb_reversion),vote(ts_momentum+stochastic+zscore),1.0,1.0,False,True
long,3,vote,vote(ts_momentum+bb_reversion+vwap_reversion),vote(ts_momentum+zscore+vwap_reversion),1.0,1.0,False,True
long,3,vote,vote(ts_momentum+bb_reversion+ou_reversion),vote(ts_momentum+zscore+ou_reversion),1.0,1.0,False,True
long,3,vote,vote(ts_momentum+bb_reversion+obv_trend),vote(ts_momentum+zscore+obv_trend),1.0,1.0,False,True
long,3,vote,vote(dual_momentum+sma_regime+bb_breakout),vote(dual_momentum+sma_regime+keltner),0.9706658340813682,0.9783464566929134,False,True
long,3,vote,vote(dual_momentum+sma_regime+bb_reversion),vote(dual_momentum+sma_regime+zscore),1.0,1.0,False,True
long,3,vote,vote(dual_momentum+adx_trend+bb_breakout),vote(dual_momentum+adx_trend+keltner),0.9601129569320984,0.966903073286052,False,True
long,3,vote,vote(dual_momentum+adx_trend+bb_reversion),vote(dual_momentum+adx_trend+zscore),1.0,1.0,False,True
long,3,vote,vote(dual_momentum+hurst_switch+bb_breakout),vote(dual_momentum+hurst_switch+keltner),0.9484977070215376,0.9662398137369034,False,True
long,3,vote,vote(dual_momentum+hurst_switch+bb_reversion),vote(dual_momentum+hurst_switch+zscore),1.0,1.0,False,True
long,3,vote,vote(dual_momentum+vol_regime+bb_breakout),vote(dual_momentum+vol_regime+keltner),0.965802575150978,0.9707475622968581,False,True
long,3,vote,vote(dual_momentum+vol_regime+bb_reversion),vote(dual_momentum+vol_regime+zscore),0.9999999999999999,1.0,False,True
long,3,vote,vote(dual_momentum+breakout+bb_breakout),vote(dual_momentum+breakout+keltner),0.9710409512171834,1.0,False,True
long,3,vote,vote(dual_momentum+breakout+bb_reversion),vote(dual_momentum+breakout+zscore),1.0,1.0,False,True
long,3,vote,vote(dual_momentum+bb_breakout+rsi),vote(dual_momentum+keltner+rsi),0.938474791951436,0.9746059544658494,False,True
long,3,vote,vote(dual_momentum+bb_breakout+stochastic),vote(dual_momentum+keltner+stochastic),0.9122541778747861,0.9789855072463768,False,True
long,3,vote,vote(dual_momentum+bb_breakout+bb_reversion),vote(dual_momentum+bb_breakout+zscore),0.9999999999999999,1.0,False,True
long,3,vote,vote(dual_momentum+bb_breakout+bb_reversion),vote(dual_momentum+keltner+bb_reversion),0.9256084643009572,0.9769475357710652,False,True
long,3,vote,vote(dual_momentum+bb_breakout+bb_reversion),vote(dual_momentum+keltner+zscore),0.9256084643009572,0.9769475357710652,False,True
long,3,vote,vote(dual_momentum+bb_breakout+zscore),vote(dual_momentum+keltner+bb_reversion),0.9256084643009572,0.9769475357710652,False,True
long,3,vote,vote(dual_momentum+bb_breakout+zscore),vote(dual_momentum+keltner+zscore),0.9256084643009572,0.9769475357710652,False,True
long,3,vote,vote(dual_momentum+keltner+bb_reversion),vote(dual_momentum+keltner+zscore),0.9999999999999999,1.0,False,True
long,3,vote,vote(dual_momentum+bb_breakout+vwap_reversion),vote(dual_momentum+keltner+vwap_reversion),0.8845453239764259,0.9808201058201058,False,True
long,3,vote,vote(dual_momentum+bb_breakout+ou_reversion),vote(dual_momentum+keltner+ou_reversion),0.9389728233504929,0.9724489795918367,False,True
long,3,vote,vote(dual_momentum+bb_breakout+obv_trend),vote(dual_momentum+keltner+obv_trend),0.9730764480414233,0.9989858012170385,False,True
long,3,vote,vote(dual_momentum+rsi+bb_reversion),vote(dual_momentum+rsi+zscore),1.0,1.0,False,True
long,3,vote,vote(dual_momentum+stochastic+bb_reversion),vote(dual_momentum+stochastic+zscore),1.0,1.0,False,True
long,3,vote,vote(dual_momentum+bb_reversion+vwap_reversion),vote(dual_momentum+zscore+vwap_reversion),1.0,1.0,False,True
long,3,vote,vote(dual_momentum+bb_reversion+ou_reversion),vote(dual_momentum+zscore+ou_reversion),1.0,1.0,False,True
long,3,vote,vote(dual_momentum+bb_reversion+obv_trend),vote(dual_momentum+zscore+obv_trend),1.0,1.0,False,True
long,3,vote,vote(sma_regime+adx_trend+bb_breakout),vote(sma_regime+adx_trend+keltner),0.9603221048440613,0.9407979407979408,False,True
long,3,vote,vote(sma_regime+adx_trend+bb_reversion),vote(sma_regime+adx_trend+zscore),1.0,1.0,False,True
long,3,vote,vote(sma_regime+hurst_switch+bb_breakout),vote(sma_regime+hurst_switch+keltner),0.949498579327715,0.9363057324840764,False,True
long,3,vote,vote(sma_regime+hurst_switch+bb_reversion),vote(sma_regime+hurst_switch+zscore),1.0,1.0,False,True
long,3,vote,vote(sma_regime+vol_regime+bb_breakout),vote(sma_regime+vol_regime+keltner),0.9703952201947447,0.9355670103092784,False,True
long,3,vote,vote(sma_regime+vol_regime+bb_reversion),vote(sma_regime+vol_regime+zscore),0.9999999999999999,1.0,False,True
long,3,vote,vote(sma_regime+breakout+bb_breakout),vote(sma_regime+breakout+keltner),0.9704869500916632,0.9803468208092485,False,True
long,3,vote,vote(sma_regime+breakout+bb_reversion),vote(sma_regime+breakout+zscore),0.9999999999999999,1.0,False,True
long,3,vote,vote(sma_regime+bb_breakout+rsi),vote(sma_regime+keltner+rsi),0.923259519714912,0.9663865546218487,False,True
long,3,vote,vote(sma_regime+bb_breakout+stochastic),vote(sma_regime+keltner+stochastic),0.9221567812024987,0.9617151607963247,False,True
long,3,vote,vote(sma_regime+bb_breakout+bb_reversion),vote(sma_regime+bb_breakout+zscore),1.0,1.0,False,True
long,3,vote,vote(sma_regime+bb_breakout+bb_reversion),vote(sma_regime+keltner+bb_reversion),0.9171381297750967,0.9604430379746836,False,True
long,3,vote,vote(sma_regime+bb_breakout+bb_reversion),vote(sma_regime+keltner+zscore),0.9171381297750967,0.9604430379746836,False,True
long,3,vote,vote(sma_regime+bb_breakout+zscore),vote(sma_regime+keltner+bb_reversion),0.9171381297750967,0.9604430379746836,False,True
long,3,vote,vote(sma_regime+bb_breakout+zscore),vote(sma_regime+keltner+zscore),0.9171381297750967,0.9604430379746836,False,True
long,3,vote,vote(sma_regime+keltner+bb_reversion),vote(sma_regime+keltner+zscore),1.0,1.0,False,True
long,3,vote,vote(sma_regime+bb_breakout+vwap_reversion),vote(sma_regime+keltner+vwap_reversion),0.9133467564302136,0.9643620812544548,False,True
long,3,vote,vote(sma_regime+bb_breakout+ou_reversion),vote(sma_regime+keltner+ou_reversion),0.9419058835770017,0.9481397970687712,False,True
long,3,vote,vote(sma_regime+bb_breakout+obv_trend),vote(sma_regime+keltner+obv_trend),0.9710418130402926,0.9970089730807578,False,True
long,3,vote,vote(sma_regime+rsi+bb_reversion),vote(sma_regime+rsi+zscore),1.0,1.0,False,True
long,3,vote,vote(sma_regime+stochastic+bb_reversion),vote(sma_regime+stochastic+zscore),1.0,1.0,False,True
long,3,vote,vote(sma_regime+bb_reversion+vwap_reversion),vote(sma_regime+zscore+vwap_reversion),1.0,1.0,False,True
long,3,vote,vote(sma_regime+bb_reversion+ou_reversion),vote(sma_regime+zscore+ou_reversion),0.9999999999999999,1.0,False,True
long,3,vote,vote(sma_regime+bb_reversion+obv_trend),vote(sma_regime+zscore+obv_trend),1.0,1.0,False,True
long,3,vote,vote(adx_trend+hurst_switch+bb_breakout),vote(adx_trend+hurst_switch+keltner),0.9268181511567519,0.7730627306273062,False,True
long,3,vote,vote(adx_trend+hurst_switch+bb_reversion),vote(adx_trend+hurst_switch+zscore),1.0,1.0,False,True
long,3,vote,vote(adx_trend+vol_regime+bb_breakout),vote(adx_trend+vol_regime+keltner),0.9476301699615571,0.9074355083459787,False,True
long,3,vote,vote(adx_trend+vol_regime+bb_reversion),vote(adx_trend+vol_regime+zscore),1.0,1.0,False,True
long,3,vote,vote(adx_trend+breakout+bb_breakout),vote(adx_trend+breakout+keltner),0.962988970685339,0.8769230769230769,False,True
long,3,vote,vote(adx_trend+breakout+bb_reversion),vote(adx_trend+breakout+zscore),1.0,1.0,False,True
long,3,vote,vote(adx_trend+bb_breakout+rsi),vote(adx_trend+keltner+rsi),0.9088349314395161,0.8746014877789585,False,True
long,3,vote,vote(adx_trend+bb_breakout+stochastic),vote(adx_trend+keltner+stochastic),0.8926337016676976,0.8931034482758621,False,True
long,3,vote,vote(adx_trend+bb_breakout+bb_reversion),vote(adx_trend+bb_breakout+zscore),1.0,1.0,False,True
long,3,vote,vote(adx_trend+bb_breakout+bb_reversion),vote(adx_trend+keltner+bb_reversion),0.9029629130752916,0.8779527559055118,False,True
long,3,vote,vote(adx_trend+bb_breakout+bb_reversion),vote(adx_trend+keltner+zscore),0.9029629130752916,0.8779527559055118,False,True
long,3,vote,vote(adx_trend+bb_breakout+zscore),vote(adx_trend+keltner+bb_reversion),0.9029629130752916,0.8779527559055118,False,True
long,3,vote,vote(adx_trend+bb_breakout+zscore),vote(adx_trend+keltner+zscore),0.9029629130752916,0.8779527559055118,False,True
long,3,vote,vote(adx_trend+keltner+bb_reversion),vote(adx_trend+keltner+zscore),1.0,1.0,False,True
long,3,vote,vote(adx_trend+bb_breakout+vwap_reversion),vote(adx_trend+keltner+vwap_reversion),0.8722002390506745,0.9052711993888465,False,True
long,3,vote,vote(adx_trend+bb_breakout+ou_reversion),vote(adx_trend+keltner+ou_reversion),0.9106808176615712,0.8214285714285714,False,True
long,3,vote,vote(adx_trend+bb_breakout+obv_trend),vote(adx_trend+keltner+obv_trend),0.9616677524117598,0.9763872491145218,False,True
long,3,vote,vote(adx_trend+rsi+bb_reversion),vote(adx_trend+rsi+zscore),0.9999999999999998,1.0,False,True
long,3,vote,vote(adx_trend+stochastic+bb_reversion),vote(adx_trend+stochastic+zscore),1.0,1.0,False,True
long,3,vote,vote(adx_trend+bb_reversion+vwap_reversion),vote(adx_trend+zscore+vwap_reversion),1.0,1.0,False,True
long,3,vote,vote(adx_trend+bb_reversion+ou_reversion),vote(adx_trend+zscore+ou_reversion),1.0,1.0,False,True
long,3,vote,vote(adx_trend+bb_reversion+obv_trend),vote(adx_trend+zscore+obv_trend),1.0,1.0,False,True
long,3,vote,vote(hurst_switch+vol_regime+bb_breakout),vote(hurst_switch+vol_regime+keltner),0.934372673276159,0.9032738095238095,False,True
long,3,vote,vote(hurst_switch+vol_regime+bb_reversion),vote(hurst_switch+vol_regime+zscore),0.9999999999999999,1.0,False,True
long,3,vote,vote(hurst_switch+breakout+bb_breakout),vote(hurst_switch+breakout+keltner),0.9515799580430818,0.8744326777609682,False,True
long,3,vote,vote(hurst_switch+breakout+bb_reversion),vote(hurst_switch+breakout+zscore),1.0,1.0,False,True
long,3,vote,vote(hurst_switch+bb_breakout+rsi),vote(hurst_switch+keltner+rsi),0.8710446842087359,0.8760504201680672,False,True
long,3,vote,vote(hurst_switch+bb_breakout+stochastic),vote(hurst_switch+keltner+stochastic),0.851485461594719,0.8904109589041096,False,True
long,3,vote,vote(hurst_switch+bb_breakout+bb_reversion),vote(hurst_switch+bb_breakout+zscore),1.0,1.0,False,True
long,3,vote,vote(hurst_switch+bb_breakout+bb_reversion),vote(hurst_switch+keltner+bb_reversion),0.867935373865972,0.8745098039215686,False,True
long,3,vote,vote(hurst_switch+bb_breakout+bb_reversion),vote(hurst_switch+keltner+zscore),0.867935373865972,0.8745098039215686,False,True
long,3,vote,vote(hurst_switch+bb_breakout+zscore),vote(hurst_switch+keltner+bb_reversion),0.867935373865972,0.8745098039215686,False,True
long,3,vote,vote(hurst_switch+bb_breakout+zscore),vote(hurst_switch+keltner+zscore),0.867935373865972,0.8745098039215686,False,True
long,3,vote,vote(hurst_switch+keltner+bb_reversion),vote(hurst_switch+keltner+zscore),1.0,1.0,False,True
long,3,vote,vote(hurst_switch+bb_breakout+vwap_reversion),vote(hurst_switch+keltner+vwap_reversion),0.8268653153637567,0.9022154316271963,False,True
long,3,vote,vote(hurst_switch+bb_breakout+ou_reversion),vote(hurst_switch+keltner+ou_reversion),0.8708724873973364,0.8171091445427728,False,True
long,3,vote,vote(hurst_switch+bb_breakout+obv_trend),vote(hurst_switch+keltner+obv_trend),0.9505830227517934,0.9766899766899767,False,True
long,3,vote,vote(hurst_switch+rsi+bb_reversion),vote(hurst_switch+rsi+zscore),1.0,1.0,False,True
long,3,vote,vote(hurst_switch+stochastic+bb_reversion),vote(hurst_switch+stochastic+zscore),0.9999999999999998,1.0,False,True
long,3,vote,vote(hurst_switch+bb_reversion+vwap_reversion),vote(hurst_switch+zscore+vwap_reversion),1.0,1.0,False,True
long,3,vote,vote(hurst_switch+bb_reversion+ou_reversion),vote(hurst_switch+zscore+ou_reversion),1.0,1.0,False,True
long,3,vote,vote(hurst_switch+bb_reversion+obv_trend),vote(hurst_switch+zscore+obv_trend),1.0,1.0,False,True
long,3,vote,vote(vol_regime+breakout+bb_breakout),vote(vol_regime+breakout+keltner),0.9649688859927683,0.968503937007874,False,True
long,3,vote,vote(vol_regime+breakout+bb_reversion),vote(vol_regime+breakout+zscore),0.9999999999999999,1.0,False,True
long,3,vote,vote(vol_regime+bb_breakout+rsi),vote(vol_regime+keltner+rsi),0.9133325066650857,0.9486940298507462,False,True
long,3,vote,vote(vol_regime+bb_breakout+stochastic),vote(vol_regime+keltner+stochastic),0.9108702724949739,0.9469820554649266,False,True
long,3,vote,vote(vol_regime+bb_breakout+bb_reversion),vote(vol_regime+bb_breakout+zscore),0.9999999999999999,1.0,False,True
long,3,vote,vote(vol_regime+bb_breakout+bb_reversion),vote(vol_regime+keltner+bb_reversion),0.9080561542451279,0.9432809773123909,False,True
long,3,vote,vote(vol_regime+bb_breakout+bb_reversion),vote(vol_regime+keltner+zscore),0.9080561542451279,0.9432809773123909,False,True
long,3,vote,vote(vol_regime+bb_breakout+zscore),vote(vol_regime+keltner+bb_reversion),0.9080561542451279,0.9432809773123909,False,True
long,3,vote,vote(vol_regime+bb_breakout+zscore),vote(vol_regime+keltner+zscore),0.9080561542451279,0.9432809773123909,False,True
long,3,vote,vote(vol_regime+keltner+bb_reversion),vote(vol_regime+keltner+zscore),0.9999999999999999,1.0,False,True
long,3,vote,vote(vol_regime+bb_breakout+vwap_reversion),vote(vol_regime+keltner+vwap_reversion),0.8921924001081386,0.952485380116959,False,True
long,3,vote,vote(vol_regime+bb_breakout+ou_reversion),vote(vol_regime+keltner+ou_reversion),0.9252450274790202,0.9235588972431078,False,True
long,3,vote,vote(vol_regime+bb_breakout+obv_trend),vote(vol_regime+keltner+obv_trend),0.965893117658896,0.9967532467532467,False,True
long,3,vote,vote(vol_regime+rsi+bb_reversion),vote(vol_regime+rsi+zscore),1.0,1.0,False,True
long,3,vote,vote(vol_regime+stochastic+bb_reversion),vote(vol_regime+stochastic+zscore),0.9999999999999998,1.0,False,True
long,3,vote,vote(vol_regime+bb_reversion+vwap_reversion),vote(vol_regime+zscore+vwap_reversion),1.0,1.0,False,True
long,3,vote,vote(vol_regime+bb_reversion+ou_reversion),vote(vol_regime+zscore+ou_reversion),1.0,1.0,False,True
long,3,vote,vote(vol_regime+bb_reversion+obv_trend),vote(vol_regime+zscore+obv_trend),1.0,1.0,False,True
long,3,vote,vote(breakout+bb_breakout+rsi),vote(breakout+keltner+rsi),0.9343334616200819,0.9303857008466604,False,True
long,3,vote,vote(breakout+bb_breakout+stochastic),vote(breakout+keltner+stochastic),0.9177447681561514,0.9344773790951638,False,True
long,3,vote,vote(breakout+bb_breakout+bb_reversion),vote(breakout+bb_breakout+zscore),0.9999999999999998,1.0,False,True
long,3,vote,vote(breakout+bb_breakout+bb_reversion),vote(breakout+keltner+bb_reversion),0.929595380180319,0.9261213720316622,False,True
long,3,vote,vote(breakout+bb_breakout+bb_reversion),vote(breakout+keltner+zscore),0.929595380180319,0.9261213720316622,False,True
long,3,vote,vote(breakout+bb_breakout+zscore),vote(breakout+keltner+bb_reversion),0.929595380180319,0.9261213720316622,False,True
long,3,vote,vote(breakout+bb_breakout+zscore),vote(breakout+keltner+zscore),0.929595380180319,0.9261213720316622,False,True
long,3,vote,vote(breakout+keltner+bb_reversion),vote(breakout+keltner+zscore),1.0,1.0,False,True
long,3,vote,vote(breakout+bb_breakout+vwap_reversion),vote(breakout+keltner+vwap_reversion),0.9100402745580611,0.9392624728850325,False,True
long,3,vote,vote(breakout+bb_breakout+ou_reversion),vote(breakout+keltner+ou_reversion),0.9469648466127483,0.8885941644562334,False,True
long,3,vote,vote(breakout+bb_breakout+obv_trend),vote(breakout+keltner+obv_trend),0.9728376500310205,0.9793478260869565,False,True
long,3,vote,vote(breakout+rsi+bb_reversion),vote(breakout+rsi+zscore),1.0,1.0,False,True
long,3,vote,vote(breakout+stochastic+bb_reversion),vote(breakout+stochastic+zscore),1.0,1.0,False,True
long,3,vote,vote(breakout+bb_reversion+vwap_reversion),vote(breakout+zscore+vwap_reversion),1.0,1.0,False,True
long,3,vote,vote(breakout+bb_reversion+ou_reversion),vote(breakout+zscore+ou_reversion),1.0,1.0,False,True
long,3,vote,vote(breakout+bb_reversion+obv_trend),vote(breakout+zscore+obv_trend),1.0,1.0,False,True
long,3,vote,vote(bb_breakout+rsi+stochastic),vote(keltner+rsi+stochastic),0.9124126161634387,0.9057052297939778,False,True
long,3,vote,vote(bb_breakout+rsi+bb_reversion),vote(bb_breakout+rsi+zscore),1.0,1.0,False,True
long,3,vote,vote(bb_breakout+rsi+bb_reversion),vote(keltner+rsi+bb_reversion),0.9233543579345643,0.8938447814451382,False,True
long,3,vote,vote(bb_breakout+rsi+bb_reversion),vote(keltner+rsi+zscore),0.9233543579345643,0.8938447814451382,False,True
long,3,vote,vote(bb_breakout+rsi+zscore),vote(keltner+rsi+bb_reversion),0.9233543579345643,0.8938447814451382,False,True
long,3,vote,vote(bb_breakout+rsi+zscore),vote(keltner+rsi+zscore),0.9233543579345643,0.8938447814451382,False,True
long,3,vote,vote(keltner+rsi+bb_reversion),vote(keltner+rsi+zscore),1.0,1.0,False,True
long,3,vote,vote(bb_breakout+rsi+vwap_reversion),vote(keltner+rsi+vwap_reversion),0.8953317960256924,0.9149392423159399,False,True
long,3,vote,vote(bb_breakout+rsi+ou_reversion),vote(keltner+rsi+ou_reversion),0.8480403185229676,0.892422825070159,False,True
long,3,vote,vote(bb_breakout+rsi+obv_trend),vote(keltner+rsi+obv_trend),0.9385440965883235,0.984375,False,True
long,3,vote,vote(bb_breakout+stochastic+bb_reversion),vote(bb_breakout+stochastic+zscore),1.0,1.0,False,True
long,3,vote,vote(bb_breakout+stochastic+bb_reversion),vote(keltner+stochastic+bb_reversion),0.9321534560129595,0.8919597989949749,False,True
long,3,vote,vote(bb_breakout+stochastic+bb_reversion),vote(keltner+stochastic+zscore),0.9321534560129595,0.8919597989949749,False,True
long,3,vote,vote(bb_breakout+stochastic+zscore),vote(keltner+stochastic+bb_reversion),0.9321534560129595,0.8919597989949749,False,True
long,3,vote,vote(bb_breakout+stochastic+zscore),vote(keltner+stochastic+zscore),0.9321534560129595,0.8919597989949749,False,True
long,3,vote,vote(keltner+stochastic+bb_reversion),vote(keltner+stochastic+zscore),1.0,1.0,False,True
long,3,vote,vote(bb_breakout+stochastic+vwap_reversion),vote(keltner+stochastic+vwap_reversion),0.9299011206636244,0.9035153328347045,False,True
long,3,vote,vote(bb_breakout+stochastic+ou_reversion),vote(keltner+stochastic+ou_reversion),0.8648255697885161,0.8970345963756178,False,True
long,3,vote,vote(bb_breakout+stochastic+obv_trend),vote(keltner+stochastic+obv_trend),0.912996214358913,0.9855386840202458,False,True
long,3,vote,vote(bb_breakout+bb_reversion+vwap_reversion),vote(bb_breakout+zscore+vwap_reversion),0.9999999999999999,1.0,False,True
long,3,vote,vote(bb_breakout+bb_reversion+vwap_reversion),vote(keltner+bb_reversion+vwap_reversion),0.9234557034790966,0.9021986353297953,False,True
long,3,vote,vote(bb_breakout+bb_reversion+vwap_reversion),vote(keltner+zscore+vwap_reversion),0.9234557034790966,0.9021986353297953,False,True
long,3,vote,vote(bb_breakout+zscore+vwap_reversion),vote(keltner+bb_reversion+vwap_reversion),0.9234557034790966,0.9021986353297953,False,True
long,3,vote,vote(bb_breakout+zscore+vwap_reversion),vote(keltner+zscore+vwap_reversion),0.9234557034790966,0.9021986353297953,False,True
long,3,vote,vote(keltner+bb_reversion+vwap_reversion),vote(keltner+zscore+vwap_reversion),1.0,1.0,False,True
long,3,vote,vote(bb_breakout+bb_reversion+ou_reversion),vote(bb_breakout+zscore+ou_reversion),1.0,1.0,False,True
long,3,vote,vote(bb_breakout+bb_reversion+ou_reversion),vote(keltner+bb_reversion+ou_reversion),0.8670207216716388,0.886052871467639,False,True
long,3,vote,vote(bb_breakout+bb_reversion+ou_reversion),vote(keltner+zscore+ou_reversion),0.8670207216716388,0.886052871467639,False,True
long,3,vote,vote(bb_breakout+zscore+ou_reversion),vote(keltner+bb_reversion+ou_reversion),0.8670207216716388,0.886052871467639,False,True
long,3,vote,vote(bb_breakout+zscore+ou_reversion),vote(keltner+zscore+ou_reversion),0.8670207216716388,0.886052871467639,False,True
long,3,vote,vote(keltner+bb_reversion+ou_reversion),vote(keltner+zscore+ou_reversion),1.0,1.0,False,True
long,3,vote,vote(bb_breakout+bb_reversion+obv_trend),vote(bb_breakout+zscore+obv_trend),1.0,1.0,False,True
long,3,vote,vote(bb_breakout+bb_reversion+obv_trend),vote(keltner+bb_reversion+obv_trend),0.9245654017522975,0.9842890809112333,False,True
long,3,vote,vote(bb_breakout+bb_reversion+obv_trend),vote(keltner+zscore+obv_trend),0.9245654017522975,0.9842890809112333,False,True
long,3,vote,vote(bb_breakout+zscore+obv_trend),vote(keltner+bb_reversion+obv_trend),0.9245654017522975,0.9842890809112333,False,True
long,3,vote,vote(bb_breakout+zscore+obv_trend),vote(keltner+zscore+obv_trend),0.9245654017522975,0.9842890809112333,False,True
long,3,vote,vote(keltner+bb_reversion+obv_trend),vote(keltner+zscore+obv_trend),1.0,1.0,False,True
long,3,vote,vote(bb_breakout+vwap_reversion+ou_reversion),vote(keltner+vwap_reversion+ou_reversion),0.8607818855825758,0.9055177626606198,False,True
long,3,vote,vote(bb_breakout+vwap_reversion+obv_trend),vote(keltner+vwap_reversion+obv_trend),0.8854426314746383,0.9867812293456708,False,True
long,3,vote,vote(bb_breakout+ou_reversion+obv_trend),vote(keltner+ou_reversion+obv_trend),0.9411771374500892,0.9795709908069459,False,True
long,3,vote,vote(rsi+stochastic+bb_reversion),vote(rsi+stochastic+zscore),1.0,1.0,False,True
long,3,vote,vote(rsi+bb_reversion+vwap_reversion),vote(rsi+zscore+vwap_reversion),0.9999999999999999,1.0,False,True
long,3,vote,vote(rsi+bb_reversion+ou_reversion),vote(rsi+zscore+ou_reversion),1.0,1.0,False,True
long,3,vote,vote(rsi+bb_reversion+obv_trend),vote(rsi+zscore+obv_trend),1.0,1.0,False,True
long,3,vote,vote(stochastic+bb_reversion+vwap_reversion),vote(stochastic+zscore+vwap_reversion),1.0,1.0,False,True
long,3,vote,vote(stochastic+bb_reversion+ou_reversion),vote(stochastic+zscore+ou_reversion),1.0,1.0,False,True
long,3,vote,vote(stochastic+bb_reversion+obv_trend),vote(stochastic+zscore+obv_trend),0.9999999999999999,1.0,False,True
long,3,vote,vote(bb_reversion+vwap_reversion+ou_reversion),vote(zscore+vwap_reversion+ou_reversion),0.9999999999999998,1.0,False,True
long,3,vote,vote(bb_reversion+vwap_reversion+obv_trend),vote(zscore+vwap_reversion+obv_trend),1.0,1.0,False,True
long,3,vote,vote(bb_reversion+ou_reversion+obv_trend),vote(zscore+ou_reversion+obv_trend),0.9999999999999999,1.0,False,True
