horizon,size,mode,a,b,corr,agree_active,both_flat,redundant
medium,2,all,all(ma_crossover+macd),all(macd+ma_ribbon),0.8829321477819487,0.49319213313161875,False,True
medium,2,all,all(ma_crossover+ichimoku),all(ma_ribbon+ichimoku),0.9576742544582808,0.9265734265734266,False,True
medium,2,all,all(ma_crossover+ts_momentum),all(ma_ribbon+ts_momentum),0.9247451195875763,0.7997179125528914,False,True
medium,2,all,all(ma_crossover+dual_momentum),all(ma_ribbon+dual_momentum),0.9034909958685343,0.6104078762306611,False,True
medium,2,all,all(ma_crossover+sma_regime),all(ma_ribbon+sma_regime),0.932130042571381,0.8139880952380952,False,True
medium,2,all,all(ma_crossover+adx_trend),all(ma_ribbon+adx_trend),0.9835480482596949,0.9555555555555556,False,True
medium,2,all,all(ma_crossover+hurst_switch),all(ma_ribbon+hurst_switch),0.9647759077985664,0.7954545454545454,False,True
medium,2,all,all(ma_crossover+vol_regime),all(ma_ribbon+vol_regime),0.9287568465721023,0.7667638483965015,False,True
medium,2,all,all(ma_crossover+breakout),all(ma_ribbon+breakout),0.9338836600560877,0.7966101694915254,False,True
medium,2,all,all(ma_crossover+bb_breakout),all(ma_ribbon+bb_breakout),0.9408794158825154,0.7831050228310502,False,True
medium,2,all,all(ma_crossover+keltner),all(ma_ribbon+keltner),0.9756453598692717,0.9339622641509434,False,True
medium,2,all,all(ma_crossover+rsi),all(ma_ribbon+rsi),0.21762127982113114,0.015151515151515152,False,False
medium,2,all,all(ma_crossover+stochastic),all(ma_ribbon+stochastic),0.8751700034576085,0.5595238095238095,False,True
medium,2,all,all(ma_crossover+bb_reversion),all(ma_crossover+zscore),0.9600719972761089,0.926605504587156,False,True
medium,2,all,all(ma_crossover+bb_reversion),all(ma_ribbon+bb_reversion),0.8323354043875786,0.47186147186147187,False,True
medium,2,all,all(ma_crossover+bb_reversion),all(ma_ribbon+zscore),0.8018676027567857,0.463302752293578,False,True
medium,2,all,all(ma_crossover+zscore),all(ma_ribbon+bb_reversion),0.7925896879674507,0.43722943722943725,False,False
medium,2,all,all(ma_crossover+zscore),all(ma_ribbon+zscore),0.8378553563517338,0.48095238095238096,False,True
medium,2,all,all(ma_ribbon+bb_reversion),all(ma_ribbon+zscore),0.9446885493082695,0.9090909090909091,False,True
medium,2,all,all(ma_crossover+vwap_reversion),all(ma_ribbon+vwap_reversion),0.8807150080985393,0.5882352941176471,False,True
medium,2,all,all(ma_crossover+ou_reversion),all(ma_ribbon+ou_reversion),0.8654810587198462,0.4666666666666667,False,True
medium,2,all,all(ma_crossover+obv_trend),all(ma_ribbon+obv_trend),0.9043792693901698,0.6082474226804123,False,True
medium,2,all,all(macd+bb_reversion),all(macd+zscore),0.9948534942093615,0.9903846153846154,False,True
medium,2,all,all(ichimoku+bb_reversion),all(ichimoku+zscore),1.0,1.0,False,True
medium,2,all,all(ts_momentum+bb_reversion),all(ts_momentum+zscore),1.0,1.0,False,True
medium,2,all,all(dual_momentum+bb_reversion),all(dual_momentum+zscore),0.9834301297456116,0.967741935483871,False,True
medium,2,all,all(sma_regime+bb_reversion),all(sma_regime+zscore),1.0,1.0,False,True
medium,2,all,all(adx_trend+bb_reversion),all(adx_trend+zscore),,,True,True
medium,2,all,all(hurst_switch+bb_reversion),all(hurst_switch+zscore),1.0,1.0,False,True
medium,2,all,all(vol_regime+bb_reversion),all(vol_regime+zscore),0.9999999999999998,1.0,False,True
medium,2,all,all(breakout+bb_reversion),all(breakout+zscore),1.0,1.0,False,True
medium,2,all,all(bb_breakout+bb_reversion),all(bb_breakout+zscore),,,True,True
medium,2,all,all(keltner+bb_reversion),all(keltner+zscore),,,True,True
medium,2,all,all(rsi+bb_reversion),all(rsi+zscore),0.9999999999999998,1.0,False,True
medium,2,all,all(stochastic+bb_reversion),all(stochastic+zscore),0.957283807399517,0.9318885448916409,False,True
medium,2,all,all(bb_reversion+vwap_reversion),all(zscore+vwap_reversion),0.963530342198356,0.9474835886214442,False,True
medium,2,all,all(bb_reversion+ou_reversion),all(zscore+ou_reversion),0.9999999999999998,1.0,False,True
medium,2,all,all(bb_reversion+obv_trend),all(zscore+obv_trend),0.9834301297456116,0.967741935483871,False,True
medium,2,any,any(ma_crossover+macd),any(macd+ma_ribbon),0.878828687699574,0.8873720136518771,False,True
medium,2,any,any(ma_crossover+ichimoku),any(ma_ribbon+ichimoku),0.8930151470854375,0.6356404136833731,False,True
medium,2,any,any(ma_crossover+ts_momentum),any(ma_ribbon+ts_momentum),0.9233001384673802,0.7254601226993865,False,True
medium,2,any,any(ma_crossover+dual_momentum),any(ma_ribbon+dual_momentum),0.910205506047226,0.8335820895522388,False,True
medium,2,any,any(ma_crossover+sma_regime),any(ma_ribbon+sma_regime),0.9145816563380172,0.7072599531615925,False,True
medium,2,any,any(ma_crossover+adx_trend),any(ma_ribbon+adx_trend),0.8572688540429132,0.6170212765957447,False,True
medium,2,any,any(ma_crossover+hurst_switch),any(ma_ribbon+hurst_switch),0.8491861810678962,0.6109350237717908,False,True
medium,2,any,any(ma_crossover+vol_regime),any(ma_ribbon+vol_regime),0.8894684409808108,0.6698113207547169,False,True
medium,2,any,any(ma_crossover+breakout),any(ma_ribbon+breakout),0.9028856256370255,0.6976929196499603,False,True
medium,2,any,any(ma_crossover+bb_breakout),any(ma_ribbon+bb_breakout),0.8873932065884953,0.6783161239078633,False,True
medium,2,any,any(ma_crossover+keltner),any(ma_ribbon+keltner),0.8622152054975396,0.6189339697692919,False,True
medium,2,any,any(ma_crossover+rsi),any(ma_ribbon+rsi),0.8416873095704681,0.7010309278350515,False,True
medium,2,any,any(ma_crossover+stochastic),any(ma_ribbon+stochastic),0.8794928428435292,0.7368064952638701,False,True
medium,2,any,any(ma_crossover+bb_reversion),any(ma_crossover+zscore),0.977390500560707,0.9857397504456328,False,True
medium,2,any,any(ma_crossover+bb_reversion),any(ma_ribbon+bb_reversion),0.8749394878396102,0.748,False,True
medium,2,any,any(ma_crossover+bb_reversion),any(ma_ribbon+zscore),0.8549547533793047,0.746,False,True
medium,2,any,any(ma_crossover+zscore),any(ma_ribbon+bb_reversion),0.8496334422016442,0.7373333333333333,False,True
medium,2,any,any(ma_crossover+zscore),any(ma_ribbon+zscore),0.8731902465507861,0.738810955243821,False,True
medium,2,any,any(ma_ribbon+bb_reversion),any(ma_ribbon+zscore),0.9750806523758184,0.998,False,True
medium,2,any,any(ma_crossover+vwap_reversion),any(ma_ribbon+vwap_reversion),0.9011307505945031,0.8099606815203145,False,True
medium,2,any,any(ma_crossover+ou_reversion),any(ma_ribbon+ou_reversion),0.8548546330173447,0.6528189910979229,False,True
medium,2,any,any(ma_crossover+obv_trend),any(ma_ribbon+obv_trend),0.9045373264689337,0.8288222384784198,False,True
medium,2,any,any(macd+bb_reversion),any(macd+zscore),0.9623463811005042,0.9814366424535916,False,True
medium,2,any,any(ichimoku+bb_reversion),any(ichimoku+zscore),0.9691750662188773,0.9763779527559056,False,True
medium,2,any,any(ts_momentum+bb_reversion),any(ts_momentum+zscore),0.9671306729462247,0.9781818181818182,False,True
medium,2,any,any(dual_momentum+bb_reversion),any(dual_momentum+zscore),0.9624718752940793,0.9814066289409863,False,True
medium,2,any,any(sma_regime+bb_reversion),any(sma_regime+zscore),0.967399461590657,0.9780018331805683,False,True
medium,2,any,any(adx_trend+bb_reversion),any(adx_trend+zscore),0.9708507351316129,0.9700374531835206,False,True
medium,2,any,any(hurst_switch+bb_reversion),any(hurst_switch+zscore),0.9656090991705356,0.9523809523809523,False,True
medium,2,any,any(vol_regime+bb_reversion),any(vol_regime+zscore),0.9708262932256312,0.9696586599241467,False,True
medium,2,any,any(breakout+bb_reversion),any(breakout+zscore),0.968372643776283,0.9772296015180265,False,True
medium,2,any,any(bb_breakout+bb_reversion),any(bb_breakout+zscore),0.970516782729396,0.973741794310722,False,True
medium,2,any,any(keltner+bb_reversion),any(keltner+zscore),0.970829132335575,0.9696969696969697,False,True
medium,2,any,any(rsi+bb_reversion),any(rsi+zscore),0.9667836169631081,0.9553072625698324,False,True
medium,2,any,any(stochastic+bb_reversion),any(stochastic+zscore),0.9973992486824558,0.9967948717948718,False,True
medium,2,any,any(bb_reversion+vwap_reversion),any(zscore+vwap_reversion),1.0,1.0,False,True
medium,2,any,any(bb_reversion+ou_reversion),any(zscore+ou_reversion),0.9643439446200346,0.9493670886075949,False,True
medium,2,any,any(bb_reversion+obv_trend),any(zscore+obv_trend),0.9627793829310803,0.9813311688311688,False,True
medium,2,vote,vote(ma_crossover+macd),vote(macd+ma_ribbon),0.7368485378369445,0.8873720136518771,False,False
medium,2,vote,vote(ma_crossover+ichimoku),vote(ma_ribbon+ichimoku),0.8570093044723883,0.6356404136833731,False,True
medium,2,vote,vote(ma_crossover+ts_momentum),vote(ma_ribbon+ts_momentum),0.848977945308734,0.7254601226993865,False,True
medium,2,vote,vote(ma_crossover+dual_momentum),vote(ma_ribbon+dual_momentum),0.8102740785904912,0.8335820895522388,False,True
medium,2,vote,vote(ma_crossover+sma_regime),vote(ma_ribbon+sma_regime),0.8502709497882203,0.7072599531615925,False,True
medium,2,vote,vote(ma_crossover+adx_trend),vote(ma_ribbon+adx_trend),0.8009446842703054,0.6170212765957447,False,True
medium,2,vote,vote(ma_crossover+hurst_switch),vote(ma_ribbon+hurst_switch),0.5854970679625696,0.6109350237717908,False,False
medium,2,vote,vote(ma_crossover+vol_regime),vote(ma_ribbon+vol_regime),0.784841143214274,0.6698113207547169,False,False
medium,2,vote,vote(ma_crossover+breakout),vote(ma_ribbon+breakout),0.8405909441286852,0.6976929196499603,False,True
medium,2,vote,vote(ma_crossover+bb_breakout),vote(ma_ribbon+bb_breakout),0.8128745861760959,0.6783161239078633,False,True
medium,2,vote,vote(ma_crossover+keltner),vote(ma_ribbon+keltner),0.8003348261794343,0.6189339697692919,False,True
medium,2,vote,vote(ma_crossover+rsi),vote(ma_ribbon+rsi),0.4465146547828787,0.7010309278350515,False,False
medium,2,vote,vote(ma_crossover+stochastic),vote(ma_ribbon+stochastic),0.6563714569323397,0.7368064952638701,False,False
medium,2,vote,vote(ma_crossover+bb_reversion),vote(ma_crossover+zscore),0.9770020092708672,0.9857397504456328,False,True
medium,2,vote,vote(ma_crossover+bb_reversion),vote(ma_ribbon+bb_reversion),0.611056756864601,0.748,False,False
medium,2,vote,vote(ma_crossover+bb_reversion),vote(ma_ribbon+zscore),0.5915241362991854,0.746,False,False
medium,2,vote,vote(ma_crossover+zscore),vote(ma_ribbon+bb_reversion),0.5674111419367396,0.7373333333333333,False,False
medium,2,vote,vote(ma_crossover+zscore),vote(ma_ribbon+zscore),0.6040541647721507,0.738810955243821,False,False
medium,2,vote,vote(ma_ribbon+bb_reversion),vote(ma_ribbon+zscore),0.9655041313025937,0.998,False,True
medium,2,vote,vote(ma_crossover+vwap_reversion),vote(ma_ribbon+vwap_reversion),0.7166567947049015,0.8099606815203145,False,False
medium,2,vote,vote(ma_crossover+ou_reversion),vote(ma_ribbon+ou_reversion),0.5575283847426186,0.6528189910979229,False,False
medium,2,vote,vote(ma_crossover+obv_trend),vote(ma_ribbon+obv_trend),0.8003050780649799,0.8288222384784198,False,True
medium,2,vote,vote(macd+bb_reversion),vote(macd+zscore),0.9736623512755581,0.9814366424535916,False,True
medium,2,vote,vote(ichimoku+bb_reversion),vote(ichimoku+zscore),0.9728842650009352,0.9763779527559056,False,True
medium,2,vote,vote(ts_momentum+bb_reversion),vote(ts_momentum+zscore),0.9791084387931643,0.9781818181818182,False,True
medium,2,vote,vote(dual_momentum+bb_reversion),vote(dual_momentum+zscore),0.9659083428885147,0.9814066289409863,False,True
medium,2,vote,vote(sma_regime+bb_reversion),vote(sma_regime+zscore),0.9759347965240373,0.9780018331805683,False,True
medium,2,vote,vote(adx_trend+bb_reversion),vote(adx_trend+zscore),0.9708507351316129,0.9700374531835206,False,True
medium,2,vote,vote(hurst_switch+bb_reversion),vote(hurst_switch+zscore),0.9696025297248165,0.9523809523809523,False,True
medium,2,vote,vote(vol_regime+bb_reversion),vote(vol_regime+zscore),0.9757669060108799,0.9696586599241467,False,True
medium,2,vote,vote(breakout+bb_reversion),vote(breakout+zscore),0.9697599220619357,0.9772296015180265,False,True
medium,2,vote,vote(bb_breakout+bb_reversion),vote(bb_breakout+zscore),0.970516782729396,0.973741794310722,False,True
medium,2,vote,vote(keltner+bb_reversion),vote(keltner+zscore),0.970829132335575,0.9696969696969697,False,True
medium,2,vote,vote(rsi+bb_reversion),vote(rsi+zscore),0.985284664900671,0.9553072625698324,False,True
medium,2,vote,vote(stochastic+bb_reversion),vote(stochastic+zscore),0.9886092360424042,0.9967948717948718,False,True
medium,2,vote,vote(bb_reversion+vwap_reversion),vote(zscore+vwap_reversion),0.9901131102839993,1.0,False,True
medium,2,vote,vote(bb_reversion+ou_reversion),vote(zscore+ou_reversion),0.9827125309532284,0.9493670886075949,False,True
medium,2,vote,vote(bb_reversion+obv_trend),vote(zscore+obv_trend),0.9661702960484841,0.9813311688311688,False,True
medium,3,all,all(ma_crossover+macd+ichimoku),all(macd+ma_ribbon+ichimoku),0.9557943485784882,0.8675078864353313,False,True
medium,3,all,all(ma_crossover+macd+ts_momentum),all(macd+ma_ribbon+ts_momentum),0.9456169317726912,0.7741046831955923,False,True
medium,3,all,all(ma_crossover+macd+dual_momentum),all(macd+ma_ribbon+dual_momentum),0.8904899008638056,0.5363321799307958,False,True
medium,3,all,all(ma_crossover+macd+sma_regime),all(macd+ma_ribbon+sma_regime),0.9415567905176097,0.7586206896551724,False,True
medium,3,all,all(ma_crossover+macd+adx_trend),all(macd+ma_ribbon+adx_trend),0.9787007659139974,0.9313725490196079,False,True
medium,3,all,all(ma_crossover+macd+hurst_switch),all(macd+ma_ribbon+hurst_switch),0.996580571047037,1.0,False,True
medium,3,all,all(ma_crossover+macd+vol_regime),all(macd+ma_ribbon+vol_regime),0.923189601598818,0.7029702970297029,False,True
medium,3,all,all(ma_crossover+macd+breakout),all(macd+ma_ribbon+breakout),0.9259071581205818,0.725,False,True
medium,3,all,all(ma_crossover+macd+bb_breakout),all(macd+ma_ribbon+bb_breakout),0.9286293096728069,0.7382920110192838,False,True
medium,3,all,all(ma_crossover+macd+keltner),all(macd+ma_ribbon+keltner),0.9696374784138562,0.9132231404958677,False,True
medium,3,all,all(ma_crossover+macd+rsi),all(macd+ma_ribbon+rsi),,0.0,False,False
medium,3,all,all(ma_crossover+macd+stochastic),all(macd+ma_ribbon+stochastic),0.5972108980478292,0.13333333333333333,False,False
medium,3,all,all(ma_crossover+macd+bb_reversion),all(ma_crossover+macd+zscore),,,True,True
medium,3,all,all(ma_crossover+macd+bb_reversion),all(macd+ma_ribbon+bb_reversion),,0.0,False,False
medium,3,all,all(ma_crossover+macd+bb_reversion),all(macd+ma_ribbon+zscore),,0.0,False,False
medium,3,all,all(ma_crossover+macd+zscore),all(macd+ma_ribbon+bb_reversion),,0.0,False,False
medium,3,all,all(ma_crossover+macd+zscore),all(macd+ma_ribbon+zscore),,0.0,False,False
medium,3,all,all(macd+ma_ribbon+bb_reversion),all(macd+ma_ribbon+zscore),0.9483895425710904,0.9,False,True
medium,3,all,all(ma_crossover+macd+vwap_reversion),all(macd+ma_ribbon+vwap_reversion),0.66252605393922,0.08620689655172414,False,False
medium,3,all,all(ma_crossover+macd+ou_reversion),all(macd+ma_ribbon+ou_reversion),,0.0,False,False
medium,3,all,all(ma_crossover+macd+obv_trend),all(macd+ma_ribbon+obv_trend),0.8960151360860013,0.5402930402930403,False,True
medium,3,all,all(ma_crossover+ichimoku+ts_momentum),all(ma_ribbon+ichimoku+ts_momentum),0.9664634714096523,0.9576612903225806,False,True
medium,3,all,all(ma_crossover+ichimoku+dual_momentum),all(ma_ribbon+ichimoku+dual_momentum),0.9619916436753723,0.900990099009901,False,True
medium,3,all,all(ma_crossover+ichimoku+sma_regime),all(ma_ribbon+ichimoku+sma_regime),0.9593813511826245,0.9269662921348315,False,True
medium,3,all,all(ma_crossover+ichimoku+adx_trend),all(ma_ribbon+ichimoku+adx_trend),0.9894773930614668,0.9894736842105263,False,True
medium,3,all,all(ma_crossover+ichimoku+hurst_switch),all(ma_ribbon+ichimoku+hurst_switch),0.9952196552872646,1.0,False,True
medium,3,all,all(ma_crossover+ichimoku+vol_regime),all(ma_ribbon+ichimoku+vol_regime),0.9548850830403267,0.89272030651341,False,True
medium,3,all,all(ma_crossover+ichimoku+breakout),all(ma_ribbon+ichimoku+breakout),0.9641430918087748,0.9213483146067416,False,True
medium,3,all,all(ma_crossover+ichimoku+bb_breakout),all(ma_ribbon+ichimoku+bb_breakout),0.9680957776336433,0.9051724137931034,False,True
medium,3,all,all(ma_crossover+ichimoku+keltner),all(ma_ribbon+ichimoku+keltner),0.9806902789404527,0.9568106312292359,False,True
medium,3,all,all(ma_crossover+ichimoku+rsi),all(ma_ribbon+ichimoku+rsi),,,True,True
medium,3,all,all(ma_crossover+ichimoku+stochastic),all(ma_ribbon+ichimoku+stochastic),0.982936269406724,0.9830508474576272,False,True
medium,3,all,all(ma_crossover+ichimoku+bb_reversion),all(ma_crossover+ichimoku+zscore),1.0,1.0,False,True
medium,3,all,all(ma_crossover+ichimoku+bb_reversion),all(ma_ribbon+ichimoku+bb_reversion),0.9840480341706925,1.0,False,True
medium,3,all,all(ma_crossover+ichimoku+bb_reversion),all(ma_ribbon+ichimoku+zscore),0.9840480341706925,1.0,False,True
medium,3,all,all(ma_crossover+ichimoku+zscore),all(ma_ribbon+ichimoku+bb_reversion),0.9840480341706925,1.0,False,True
medium,3,all,all(ma_crossover+ichimoku+zscore),all(ma_ribbon+ichimoku+zscore),0.9840480341706925,1.0,False,True
medium,3,all,all(ma_ribbon+ichimoku+bb_reversion),all(ma_ribbon+ichimoku+zscore),1.0,1.0,False,True
medium,3,all,all(ma_crossover+ichimoku+vwap_reversion),all(ma_ribbon+ichimoku+vwap_reversion),0.9777910125849268,1.0,False,True
medium,3,all,all(ma_crossover+ichimoku+ou_reversion),all(ma_ribbon+ichimoku+ou_reversion),0.996241040682973,1.0,False,True
medium,3,all,all(ma_crossover+ichimoku+obv_trend),all(ma_ribbon+ichimoku+obv_trend),0.9619944014600472,0.8929503916449086,False,True
medium,3,all,all(ma_crossover+ts_momentum+dual_momentum),all(ma_ribbon+ts_momentum+dual_momentum),0.9509053787136279,0.8181818181818182,False,True
medium,3,all,all(ma_crossover+ts_momentum+sma_regime),all(ma_ribbon+ts_momentum+sma_regime),0.9467322581609899,0.87215411558669,False,True
medium,3,all,all(ma_crossover+ts_momentum+adx_trend),all(ma_ribbon+ts_momentum+adx_trend),0.9861273101474634,0.9717314487632509,False,True
medium,3,all,all(ma_crossover+ts_momentum+hurst_switch),all(ma_ribbon+ts_momentum+hurst_switch),0.9942439220577661,1.0,False,True
medium,3,all,all(ma_crossover+ts_momentum+vol_regime),all(ma_ribbon+ts_momentum+vol_regime),0.9389091468975207,0.8185185185185185,False,True
medium,3,all,all(ma_crossover+ts_momentum+breakout),all(ma_ribbon+ts_momentum+breakout),0.9599458233690802,0.8997722095671982,False,True
medium,3,all,all(ma_crossover+ts_momentum+bb_breakout),all(ma_ribbon+ts_momentum+bb_breakout),0.9707357427332148,0.9101796407185628,False,True
medium,3,all,all(ma_crossover+ts_momentum+keltner),all(ma_ribbon+ts_momentum+keltner),0.9790878719487831,0.9498327759197325,False,True
medium,3,all,all(ma_crossover+ts_momentum+rsi),all(ma_ribbon+ts_momentum+rsi),,0.0,False,False
medium,3,all,all(ma_crossover+ts_momentum+stochastic),all(ma_ribbon+ts_momentum+stochastic),0.9231501105674985,0.7184466019417476,False,True
medium,3,all,all(ma_crossover+ts_momentum+bb_reversion),all(ma_crossover+ts_momentum+zscore),1.0,1.0,False,True
medium,3,all,all(ma_crossover+ts_momentum+bb_reversion),all(ma_ribbon+ts_momentum+bb_reversion),0.902888246439422,0.6320754716981132,False,True
medium,3,all,all(ma_crossover+ts_momentum+bb_reversion),all(ma_ribbon+ts_momentum+zscore),0.902888246439422,0.6320754716981132,False,True
medium,3,all,all(ma_crossover+ts_momentum+zscore),all(ma_ribbon+ts_momentum+bb_reversion),0.902888246439422,0.6320754716981132,False,True
medium,3,all,all(ma_crossover+ts_momentum+zscore),all(ma_ribbon+ts_momentum+zscore),0.902888246439422,0.6320754716981132,False,True
medium,3,all,all(ma_ribbon+ts_momentum+bb_reversion),all(ma_ribbon+ts_momentum+zscore),1.0,1.0,False,True
medium,3,all,all(ma_crossover+ts_momentum+vwap_reversion),all(ma_ribbon+ts_momentum+vwap_reversion),0.9246083529114771,0.7412280701754386,False,True
medium,3,all,all(ma_crossover+ts_momentum+ou_reversion),all(ma_ribbon+ts_momentum+ou_reversion),0.8952153373050562,0.4864864864864865,False,True
medium,3,all,all(ma_crossover+ts_momentum+obv_trend),all(ma_ribbon+ts_momentum+obv_trend),0.9496084918108675,0.8217592592592593,False,True
medium,3,all,all(ma_crossover+dual_momentum+sma_regime),all(ma_ribbon+dual_momentum+sma_regime),0.9494376714380294,0.8173913043478261,False,True
medium,3,all,all(ma_crossover+dual_momentum+adx_trend),all(ma_ribbon+dual_momentum+adx_trend),0.9826545305270484,0.9481481481481482,False,True
medium,3,all,all(ma_crossover+dual_momentum+hurst_switch),all(ma_ribbon+dual_momentum+hurst_switch),0.9948044216951251,0.9666666666666667,False,True
medium,3,all,all(ma_crossover+dual_momentum+vol_regime),all(ma_ribbon+dual_momentum+vol_regime),0.9335467266656453,0.75,False,True
medium,3,all,all(ma_crossover+dual_momentum+breakout),all(ma_ribbon+dual_momentum+breakout),0.9364215477115314,0.7764227642276422,False,True
medium,3,all,all(ma_crossover+dual_momentum+bb_breakout),all(ma_ribbon+dual_momentum+bb_breakout),0.9381957628236433,0.7740384615384616,False,True
medium,3,all,all(ma_crossover+dual_momentum+keltner),all(ma_ribbon+dual_momentum+keltner),0.9744923928690984,0.9297658862876255,False,True
medium,3,all,all(ma_crossover+dual_momentum+rsi),all(ma_ribbon+dual_momentum+rsi),,0.0,False,False
medium,3,all,all(ma_crossover+dual_momentum+stochastic),all(ma_ribbon+dual_momentum+stochastic),0.8018418586677275,0.5263157894736842,False,True
medium,3,all,all(ma_crossover+dual_momentum+bb_reversion),all(ma_crossover+dual_momentum+zscore),1.0,1.0,False,True
medium,3,all,all(ma_crossover+dual_momentum+bb_reversion),all(ma_ribbon+dual_momentum+bb_reversion),0.8001607619337932,0.36363636363636365,False,True
medium,3,all,all(ma_crossover+dual_momentum+bb_reversion),all(ma_ribbon+dual_momentum+zscore),0.8106381814162198,0.4,False,True
medium,3,all,all(ma_crossover+dual_momentum+zscore),all(ma_ribbon+dual_momentum+bb_reversion),0.8001607619337932,0.36363636363636365,False,True
medium,3,all,all(ma_crossover+dual_momentum+zscore),all(ma_ribbon+dual_momentum+zscore),0.8106381814162198,0.4,False,True
medium,3,all,all(ma_ribbon+dual_momentum+bb_reversion),all(ma_ribbon+dual_momentum+zscore),0.987029863788926,0.9090909090909091,False,True
medium,3,all,all(ma_crossover+dual_momentum+vwap_reversion),all(ma_ribbon+dual_momentum+vwap_reversion),0.9038161333950835,0.5402298850574713,False,True
medium,3,all,all(ma_crossover+dual_momentum+ou_reversion),all(ma_ribbon+dual_momentum+ou_reversion),0.7773258287289129,0.42857142857142855,False,False
medium,3,all,all(ma_crossover+dual_momentum+obv_trend),all(ma_ribbon+dual_momentum+obv_trend),0.9116925552106999,0.6138790035587188,False,True
medium,3,all,all(ma_crossover+sma_regime+adx_trend),all(ma_ribbon+sma_regime+adx_trend),0.9883843769057477,0.9895833333333334,False,True
medium,3,all,all(ma_crossover+sma_regime+hurst_switch),all(ma_ribbon+sma_regime+hurst_switch),0.9953531962797502,1.0,False,True
medium,3,all,all(ma_crossover+sma_regime+vol_regime),all(ma_ribbon+sma_regime+vol_regime),0.9287568465721023,0.7667638483965015,False,True
medium,3,all,all(ma_crossover+sma_regime+breakout),all(ma_ribbon+sma_regime+breakout),0.9583526299913958,0.9010752688172043,False,True
medium,3,all,all(ma_crossover+sma_regime+bb_breakout),all(ma_ribbon+sma_regime+bb_breakout),0.9642402540567112,0.888283378746594,False,True
medium,3,all,all(ma_crossover+sma_regime+keltner),all(ma_ribbon+sma_regime+keltner),0.9786330508754264,0.954983922829582,False,True
medium,3,all,all(ma_crossover+sma_regime+rsi),all(ma_ribbon+sma_regime+rsi),,,True,True
medium,3,all,all(ma_crossover+sma_regime+stochastic),all(ma_ribbon+sma_regime+stochastic),0.9557302370825216,0.8028169014084507,False,True
medium,3,all,all(ma_crossover+sma_regime+bb_reversion),all(ma_crossover+sma_regime+zscore),1.0,1.0,False,True
medium,3,all,all(ma_crossover+sma_regime+bb_reversion),all(ma_ribbon+sma_regime+bb_reversion),0.9266000295697457,0.7285714285714285,False,True
medium,3,all,all(ma_crossover+sma_regime+bb_reversion),all(ma_ribbon+sma_regime+zscore),0.9266000295697457,0.7285714285714285,False,True
medium,3,all,all(ma_crossover+sma_regime+zscore),all(ma_ribbon+sma_regime+bb_reversion),0.9266000295697457,0.7285714285714285,False,True
medium,3,all,all(ma_crossover+sma_regime+zscore),all(ma_ribbon+sma_regime+zscore),0.9266000295697457,0.7285714285714285,False,True
medium,3,all,all(ma_ribbon+sma_regime+bb_reversion),all(ma_ribbon+sma_regime+zscore),1.0,1.0,False,True
medium,3,all,all(ma_crossover+sma_regime+vwap_reversion),all(ma_ribbon+sma_regime+vwap_reversion),0.9425463112168471,0.8022598870056498,False,True
medium,3,all,all(ma_crossover+sma_regime+ou_reversion),all(ma_ribbon+sma_regime+ou_reversion),0.9223851256648812,0.6666666666666666,False,True
medium,3,all,all(ma_crossover+sma_regime+obv_trend),all(ma_ribbon+sma_regime+obv_trend),0.9463982569334319,0.8103837471783296,False,True
medium,3,all,all(ma_crossover+adx_trend+hurst_switch),all(ma_ribbon+adx_trend+hurst_switch),0.9977450418938826,1.0,False,True
medium,3,all,all(ma_crossover+adx_trend+vol_regime),all(ma_ribbon+adx_trend+vol_regime),0.9856961699663584,0.978021978021978,False,True
medium,3,all,all(ma_crossover+adx_trend+breakout),all(ma_ribbon+adx_trend+breakout),0.9845155285696321,0.9623287671232876,False,True
medium,3,all,all(ma_crossover+adx_trend+bb_breakout),all(ma_ribbon+adx_trend+bb_breakout),0.9835601063336592,0.9568627450980393,False,True
medium,3,all,all(ma_crossover+adx_trend+keltner),all(ma_ribbon+adx_trend+keltner),0.9874783671030589,0.9670781893004116,False,True
medium,3,all,all(ma_crossover+adx_trend+rsi),all(ma_ribbon+adx_trend+rsi),,,True,True
medium,3,all,all(ma_crossover+adx_trend+stochastic),all(ma_ribbon+adx_trend+stochastic),0.9999999999999994,1.0,False,True
medium,3,all,all(ma_crossover+adx_trend+bb_reversion),all(ma_crossover+adx_trend+zscore),,,True,True
medium,3,all,all(ma_crossover+adx_trend+bb_reversion),all(ma_ribbon+adx_trend+bb_reversion),,,True,True
medium,3,all,all(ma_crossover+adx_trend+bb_reversion),all(ma_ribbon+adx_trend+zscore),,,True,True
medium,3,all,all(ma_crossover+adx_trend+zscore),all(ma_ribbon+adx_trend+bb_reversion),,,True,True
medium,3,all,all(ma_crossover+adx_trend+zscore),all(ma_ribbon+adx_trend+zscore),,,True,True
medium,3,all,all(ma_ribbon+adx_trend+bb_reversion),all(ma_ribbon+adx_trend+zscore),,,True,True
medium,3,all,all(ma_crossover+adx_trend+vwap_reversion),all(ma_ribbon+adx_trend+vwap_reversion),0.9918320521386519,1.0,False,True
medium,3,all,all(ma_crossover+adx_trend+ou_reversion),all(ma_ribbon+adx_trend+ou_reversion),,,True,True
medium,3,all,all(ma_crossover+adx_trend+obv_trend),all(ma_ribbon+adx_trend+obv_trend),0.9832529091106502,0.9490196078431372,False,True
medium,3,all,all(ma_crossover+hurst_switch+vol_regime),all(ma_ribbon+hurst_switch+vol_regime),0.9913868309534425,1.0,False,True
medium,3,all,all(ma_crossover+hurst_switch+breakout),all(ma_ribbon+hurst_switch+breakout),0.9968037162560132,1.0,False,True
medium,3,all,all(ma_crossover+hurst_switch+bb_breakout),all(ma_ribbon+hurst_switch+bb_breakout),0.996580571047037,1.0,False,True
medium,3,all,all(ma_crossover+hurst_switch+keltner),all(ma_ribbon+hurst_switch+keltner),0.9963237024405388,1.0,False,True
medium,3,all,all(ma_crossover+hurst_switch+rsi),all(ma_ribbon+hurst_switch+rsi),0.4846405716654811,0.125,False,False
medium,3,all,all(ma_crossover+hurst_switch+stochastic),all(ma_ribbon+hurst_switch+stochastic),0.8515521174446092,0.45454545454545453,False,True
medium,3,all,all(ma_crossover+hurst_switch+bb_reversion),all(ma_crossover+hurst_switch+zscore),0.9999999999999999,1.0,False,True
medium,3,all,all(ma_crossover+hurst_switch+bb_reversion),all(ma_ribbon+hurst_switch+bb_reversion),0.7758439260014147,0.35714285714285715,False,False
medium,3,all,all(ma_crossover+hurst_switch+bb_reversion),all(ma_ribbon+hurst_switch+zscore),0.7758439260014147,0.35714285714285715,False,False
medium,3,all,all(ma_crossover+hurst_switch+zscore),all(ma_ribbon+hurst_switch+bb_reversion),0.7758439260014147,0.35714285714285715,False,False
medium,3,all,all(ma_crossover+hurst_switch+zscore),all(ma_ribbon+hurst_switch+zscore),0.7758439260014147,0.35714285714285715,False,False
medium,3,all,all(ma_ribbon+hurst_switch+bb_reversion),all(ma_ribbon+hurst_switch+zscore),1.0,1.0,False,True
medium,3,all,all(ma_crossover+hurst_switch+vwap_reversion),all(ma_ribbon+hurst_switch+vwap_reversion),0.8695996163633909,0.5,False,True
medium,3,all,all(ma_crossover+hurst_switch+ou_reversion),all(ma_ribbon+hurst_switch+ou_reversion),0.8364463181067134,0.5,False,True
medium,3,all,all(ma_crossover+hurst_switch+obv_trend),all(ma_ribbon+hurst_switch+obv_trend),0.9958386962539797,1.0,False,True
medium,3,all,all(ma_crossover+vol_regime+breakout),all(ma_ribbon+vol_regime+breakout),0.9469145694380664,0.8407079646017699,False,True
medium,3,all,all(ma_crossover+vol_regime+bb_breakout),all(ma_ribbon+vol_regime+bb_breakout),0.9476995983359905,0.8241758241758241,False,True
medium,3,all,all(ma_crossover+vol_regime+keltner),all(ma_ribbon+vol_regime+keltner),0.9694687918474788,0.9333333333333333,False,True
medium,3,all,all(ma_crossover+vol_regime+rsi),all(ma_ribbon+vol_regime+rsi),,,True,True
medium,3,all,all(ma_crossover+vol_regime+stochastic),all(ma_ribbon+vol_regime+stochastic),0.943069026018297,0.7551020408163265,False,True
medium,3,all,all(ma_crossover+vol_regime+bb_reversion),all(ma_crossover+vol_regime+zscore),1.0,1.0,False,True
medium,3,all,all(ma_crossover+vol_regime+bb_reversion),all(ma_ribbon+vol_regime+bb_reversion),0.9585915782455724,0.8823529411764706,False,True
medium,3,all,all(ma_crossover+vol_regime+bb_reversion),all(ma_ribbon+vol_regime+zscore),0.9585915782455724,0.8823529411764706,False,True
medium,3,all,all(ma_crossover+vol_regime+zscore),all(ma_ribbon+vol_regime+bb_reversion),0.9585915782455724,0.8823529411764706,False,True
medium,3,all,all(ma_crossover+vol_regime+zscore),all(ma_ribbon+vol_regime+zscore),0.9585915782455724,0.8823529411764706,False,True
medium,3,all,all(ma_ribbon+vol_regime+bb_reversion),all(ma_ribbon+vol_regime+zscore),1.0,1.0,False,True
medium,3,all,all(ma_crossover+vol_regime+vwap_reversion),all(ma_ribbon+vol_regime+vwap_reversion),0.9451896984335475,0.78,False,True
medium,3,all,all(ma_crossover+vol_regime+ou_reversion),all(ma_ribbon+vol_regime+ou_reversion),0.9453019825393203,0.6923076923076923,False,True
medium,3,all,all(ma_crossover+vol_regime+obv_trend),all(ma_ribbon+vol_regime+obv_trend),0.9306591474311554,0.7466666666666667,False,True
medium,3,all,all(ma_crossover+breakout+bb_breakout),all(ma_ribbon+breakout+bb_breakout),0.9430683967012645,0.7971698113207547,False,True
medium,3,all,all(ma_crossover+breakout+keltner),all(ma_ribbon+breakout+keltner),0.9756453598692717,0.9339622641509434,False,True
medium,3,all,all(ma_crossover+breakout+rsi),all(ma_ribbon+breakout+rsi),,,True,True
medium,3,all,all(ma_crossover+breakout+stochastic),all(ma_ribbon+breakout+stochastic),0.913067834958935,0.6428571428571429,False,True
medium,3,all,all(ma_crossover+breakout+bb_reversion),all(ma_crossover+breakout+zscore),1.0,1.0,False,True
medium,3,all,all(ma_crossover+breakout+bb_reversion),all(ma_ribbon+breakout+bb_reversion),0.9796745075449284,1.0,False,True
medium,3,all,all(ma_crossover+breakout+bb_reversion),all(ma_ribbon+breakout+zscore),0.9796745075449284,1.0,False,True
medium,3,all,all(ma_crossover+breakout+zscore),all(ma_ribbon+breakout+bb_reversion),0.9796745075449284,1.0,False,True
medium,3,all,all(ma_crossover+breakout+zscore),all(ma_ribbon+breakout+zscore),0.9796745075449284,1.0,False,True
medium,3,all,all(ma_ribbon+breakout+bb_reversion),all(ma_ribbon+breakout+zscore),1.0,1.0,False,True
medium,3,all,all(ma_crossover+breakout+vwap_reversion),all(ma_ribbon+breakout+vwap_reversion),0.9582008284816419,0.8823529411764706,False,True
medium,3,all,all(ma_crossover+breakout+ou_reversion),all(ma_ribbon+breakout+ou_reversion),,,True,True
medium,3,all,all(ma_crossover+breakout+obv_trend),all(ma_ribbon+breakout+obv_trend),0.9344343357550479,0.758695652173913,False,True
medium,3,all,all(ma_crossover+bb_breakout+keltner),all(ma_ribbon+bb_breakout+keltner),0.974809424582972,0.9304635761589404,False,True
medium,3,all,all(ma_crossover+bb_breakout+rsi),all(ma_ribbon+bb_breakout+rsi),,,True,True
medium,3,all,all(ma_crossover+bb_breakout+stochastic),all(ma_ribbon+bb_breakout+stochastic),,,True,True
medium,3,all,all(ma_crossover+bb_breakout+bb_reversion),all(ma_crossover+bb_breakout+zscore),,,True,True
medium,3,all,all(ma_crossover+bb_breakout+bb_reversion),all(ma_ribbon+bb_breakout+bb_reversion),,,True,True
medium,3,all,all(ma_crossover+bb_breakout+bb_reversion),all(ma_ribbon+bb_breakout+zscore),,,True,True
medium,3,all,all(ma_crossover+bb_breakout+zscore),all(ma_ribbon+bb_breakout+bb_reversion),,,True,True
medium,3,all,all(ma_crossover+bb_breakout+zscore),all(ma_ribbon+bb_breakout+zscore),,,True,True
medium,3,all,all(ma_ribbon+bb_breakout+bb_reversion),all(ma_ribbon+bb_breakout+zscore),,,True,True
medium,3,all,all(ma_crossover+bb_breakout+vwap_reversion),all(ma_ribbon+bb_breakout+vwap_reversion),0.9899250513690581,1.0,False,True
medium,3,all,all(ma_crossover+bb_breakout+ou_reversion),all(ma_ribbon+bb_breakout+ou_reversion),,,True,True
medium,3,all,all(ma_crossover+bb_breakout+obv_trend),all(ma_ribbon+bb_breakout+obv_trend),0.9380024029710288,0.7661691542288557,False,True
medium,3,all,all(ma_crossover+keltner+rsi),all(ma_ribbon+keltner+rsi),,,True,True
medium,3,all,all(ma_crossover+keltner+stochastic),all(ma_ribbon+keltner+stochastic),,,True,True
medium,3,all,all(ma_crossover+keltner+bb_reversion),all(ma_crossover+keltner+zscore),,,True,True
medium,3,all,all(ma_crossover+keltner+bb_reversion),all(ma_ribbon+keltner+bb_reversion),,,True,True
medium,3,all,all(ma_crossover+keltner+bb_reversion),all(ma_ribbon+keltner+zscore),,,True,True
medium,3,all,all(ma_crossover+keltner+zscore),all(ma_ribbon+keltner+bb_reversion),,,True,True
medium,3,all,all(ma_crossover+keltner+zscore),all(ma_ribbon+keltner+zscore),,,True,True
medium,3,all,all(ma_ribbon+keltner+bb_reversion),all(ma_ribbon+keltner+zscore),,,True,True
medium,3,all,all(ma_crossover+keltner+vwap_reversion),all(ma_ribbon+keltner+vwap_reversion),,,True,True
medium,3,all,all(ma_crossover+keltner+ou_reversion),all(ma_ribbon+keltner+ou_reversion),,,True,True
medium,3,all,all(ma_crossover+keltner+obv_trend),all(ma_ribbon+keltner+obv_trend),0.9748557653129656,0.9295774647887324,False,True
medium,3,all,all(ma_crossover+rsi+stochastic),all(ma_ribbon+rsi+stochastic),0.3117193490884805,0.038461538461538464,False,False
medium,3,all,all(ma_crossover+rsi+bb_reversion),all(ma_crossover+rsi+zscore),1.0,1.0,False,True
medium,3,all,all(ma_crossover+rsi+bb_reversion),all(ma_ribbon+rsi+bb_reversion),0.30089082840294523,0.034482758620689655,False,False
medium,3,all,all(ma_crossover+rsi+bb_reversion),all(ma_ribbon+rsi+zscore),0.30089082840294523,0.034482758620689655,False,False
medium,3,all,all(ma_crossover+rsi+zscore),all(ma_ribbon+rsi+bb_reversion),0.30089082840294523,0.034482758620689655,False,False
medium,3,all,all(ma_crossover+rsi+zscore),all(ma_ribbon+rsi+zscore),0.30089082840294523,0.034482758620689655,False,False
medium,3,all,all(ma_ribbon+rsi+bb_reversion),all(ma_ribbon+rsi+zscore),1.0,1.0,False,True
medium,3,all,all(ma_crossover+rsi+vwap_reversion),all(ma_ribbon+rsi+vwap_reversion),0.28510845269046914,0.029411764705882353,False,False
medium,3,all,all(ma_crossover+rsi+ou_reversion),all(ma_ribbon+rsi+ou_reversion),,0.0,False,False
medium,3,all,all(ma_crossover+rsi+obv_trend),all(ma_ribbon+rsi+obv_trend),,0.0,False,False
medium,3,all,all(ma_crossover+stochastic+bb_reversion),all(ma_crossover+stochastic+zscore),0.9369309616505116,0.8823529411764706,False,True
medium,3,all,all(ma_crossover+stochastic+bb_reversion),all(ma_ribbon+stochastic+bb_reversion),0.8425132174119161,0.48226950354609927,False,True
medium,3,all,all(ma_crossover+stochastic+bb_reversion),all(ma_ribbon+stochastic+zscore),0.7941136530663803,0.46153846153846156,False,False
medium,3,all,all(ma_crossover+stochastic+zscore),all(ma_ribbon+stochastic+bb_reversion),0.7801695287250356,0.425531914893617,False,False
medium,3,all,all(ma_crossover+stochastic+zscore),all(ma_ribbon+stochastic+zscore),0.8499477093315361,0.4918032786885246,False,True
medium,3,all,all(ma_ribbon+stochastic+bb_reversion),all(ma_ribbon+stochastic+zscore),0.9168247416272868,0.8652482269503546,False,True
medium,3,all,all(ma_crossover+stochastic+vwap_reversion),all(ma_ribbon+stochastic+vwap_reversion),0.8722753260164942,0.5462555066079295,False,True
medium,3,all,all(ma_crossover+stochastic+ou_reversion),all(ma_ribbon+stochastic+ou_reversion),0.928219383268896,0.7,False,True
medium,3,all,all(ma_crossover+stochastic+obv_trend),all(ma_ribbon+stochastic+obv_trend),0.8698145139920967,0.5151515151515151,False,True
medium,3,all,all(ma_crossover+bb_reversion+vwap_reversion),all(ma_crossover+zscore+vwap_reversion),0.9590002583867977,0.9245283018867925,False,True
medium,3,all,all(ma_crossover+bb_reversion+vwap_reversion),all(ma_ribbon+bb_reversion+vwap_reversion),0.8318995479503909,0.47533632286995514,False,True
medium,3,all,all(ma_crossover+bb_reversion+vwap_reversion),all(ma_ribbon+zscore+vwap_reversion),0.8007727351464671,0.4666666666666667,False,True
medium,3,all,all(ma_crossover+zscore+vwap_reversion),all(ma_ribbon+bb_reversion+vwap_reversion),0.7905546541638756,0.43946188340807174,False,False
medium,3,all,all(ma_crossover+zscore+vwap_reversion),all(ma_ribbon+zscore+vwap_reversion),0.8376079586731164,0.48514851485148514,False,True
medium,3,all,all(ma_ribbon+bb_reversion+vwap_reversion),all(ma_ribbon+zscore+vwap_reversion),0.9425987778227766,0.905829596412556,False,True
medium,3,all,all(ma_crossover+bb_reversion+ou_reversion),all(ma_crossover+zscore+ou_reversion),1.0,1.0,False,True
medium,3,all,all(ma_crossover+bb_reversion+ou_reversion),all(ma_ribbon+bb_reversion+ou_reversion),0.8654810587198462,0.4666666666666667,False,True
medium,3,all,all(ma_crossover+bb_reversion+ou_reversion),all(ma_ribbon+zscore+ou_reversion),0.8654810587198462,0.4666666666666667,False,True
medium,3,all,all(ma_crossover+zscore+ou_reversion),all(ma_ribbon+bb_reversion+ou_reversion),0.8654810587198462,0.4666666666666667,False,True
medium,3,all,all(ma_crossover+zscore+ou_reversion),all(ma_ribbon+zscore+ou_reversion),0.8654810587198462,0.4666666666666667,False,True
medium,3,all,all(ma_ribbon+bb_reversion+ou_reversion),all(ma_ribbon+zscore+ou_reversion),1.0,1.0,False,True
medium,3,all,all(ma_crossover+bb_reversion+obv_trend),all(ma_crossover+zscore+obv_trend),0.8162448477381659,0.6666666666666666,False,True
medium,3,all,all(ma_crossover+bb_reversion+obv_trend),all(ma_ribbon+bb_reversion+obv_trend),0.7554739229333344,0.3,False,False
medium,3,all,all(ma_crossover+bb_reversion+obv_trend),all(ma_ribbon+zscore+obv_trend),0.49866185103066385,0.2,False,False
medium,3,all,all(ma_crossover+zscore+obv_trend),all(ma_ribbon+bb_reversion+obv_trend),0.4618692619175209,0.2,False,False
medium,3,all,all(ma_crossover+zscore+obv_trend),all(ma_ribbon+zscore+obv_trend),0.6118061860811703,0.2222222222222222,False,False
medium,3,all,all(ma_ribbon+bb_reversion+obv_trend),all(ma_ribbon+zscore+obv_trend),0.7546925332983654,0.9,False,True
medium,3,all,all(ma_crossover+vwap_reversion+ou_reversion),all(ma_ribbon+vwap_reversion+ou_reversion),0.8611476505984018,0.46296296296296297,False,True
medium,3,all,all(ma_crossover+vwap_reversion+obv_trend),all(ma_ribbon+vwap_reversion+obv_trend),0.9321268424510991,0.6081081081081081,False,True
medium,3,all,all(ma_crossover+ou_reversion+obv_trend),all(ma_ribbon+ou_reversion+obv_trend),,0.0,False,False
medium,3,all,all(macd+ichimoku+bb_reversion),all(macd+ichimoku+zscore),,,True,True
medium,3,all,all(macd+ts_momentum+bb_reversion),all(macd+ts_momentum+zscore),1.0,1.0,False,True
medium,3,all,all(macd+dual_momentum+bb_reversion),all(macd+dual_momentum+zscore),0.9999999999999999,1.0,False,True
medium,3,all,all(macd+sma_regime+bb_reversion),all(macd+sma_regime+zscore),1.0,1.0,False,True
medium,3,all,all(macd+adx_trend+bb_reversion),all(macd+adx_trend+zscore),,,True,True
medium,3,all,all(macd+hurst_switch+bb_reversion),all(macd+hurst_switch+zscore),,,True,True
medium,3,all,all(macd+vol_regime+bb_reversion),all(macd+vol_regime+zscore),1.0,1.0,False,True
medium,3,all,all(macd+breakout+bb_reversion),all(macd+breakout+zscore),,,True,True
medium,3,all,all(macd+bb_breakout+bb_reversion),all(macd+bb_breakout+zscore),,,True,True
medium,3,all,all(macd+keltner+bb_reversion),all(macd+keltner+zscore),,,True,True
medium,3,all,all(macd+rsi+bb_reversion),all(macd+rsi+zscore),1.0,1.0,False,True
medium,3,all,all(macd+stochastic+bb_reversion),all(macd+stochastic+zscore),0.9935616203450566,0.9878048780487805,False,True
medium,3,all,all(macd+bb_reversion+vwap_reversion),all(macd+zscore+vwap_reversion),0.9944526755096054,0.9895833333333334,False,True
medium,3,all,all(macd+bb_reversion+ou_reversion),all(macd+zscore+ou_reversion),1.0,1.0,False,True
medium,3,all,all(macd+bb_reversion+obv_trend),all(macd+zscore+obv_trend),1.0,1.0,False,True
medium,3,all,all(ichimoku+ts_momentum+bb_reversion),all(ichimoku+ts_momentum+zscore),0.9999999999999998,1.0,False,True
medium,3,all,all(ichimoku+dual_momentum+bb_reversion),all(ichimoku+dual_momentum+zscore),,,True,True
medium,3,all,all(ichimoku+sma_regime+bb_reversion),all(ichimoku+sma_regime+zscore),0.9999999999999998,1.0,False,True
medium,3,all,all(ichimoku+adx_trend+bb_reversion),all(ichimoku+adx_trend+zscore),,,True,True
medium,3,all,all(ichimoku+hurst_switch+bb_reversion),all(ichimoku+hurst_switch+zscore),,,True,True
medium,3,all,all(ichimoku+vol_regime+bb_reversion),all(ichimoku+vol_regime+zscore),0.9999999999999999,1.0,False,True
medium,3,all,all(ichimoku+breakout+bb_reversion),all(ichimoku+breakout+zscore),0.9999999999999998,1.0,False,True
medium,3,all,all(ichimoku+bb_breakout+bb_reversion),all(ichimoku+bb_breakout+zscore),,,True,True
medium,3,all,all(ichimoku+keltner+bb_reversion),all(ichimoku+keltner+zscore),,,True,True
medium,3,all,all(ichimoku+rsi+bb_reversion),all(ichimoku+rsi+zscore),,,True,True
medium,3,all,all(ichimoku+stochastic+bb_reversion),all(ichimoku+stochastic+zscore),0.9999999999999999,1.0,False,True
medium,3,all,all(ichimoku+bb_reversion+vwap_reversion),all(ichimoku+zscore+vwap_reversion),1.0,1.0,False,True
medium,3,all,all(ichimoku+bb_reversion+ou_reversion),all(ichimoku+zscore+ou_reversion),0.9999999999999999,1.0,False,True
medium,3,all,all(ichimoku+bb_reversion+obv_trend),all(ichimoku+zscore+obv_trend),,,True,True
medium,3,all,all(ts_momentum+dual_momentum+bb_reversion),all(ts_momentum+dual_momentum+zscore),1.0,1.0,False,True
medium,3,all,all(ts_momentum+sma_regime+bb_reversion),all(ts_momentum+sma_regime+zscore),1.0,1.0,False,True
medium,3,all,all(ts_momentum+adx_trend+bb_reversion),all(ts_momentum+adx_trend+zscore),,,True,True
medium,3,all,all(ts_momentum+hurst_switch+bb_reversion),all(ts_momentum+hurst_switch+zscore),1.0,1.0,False,True
medium,3,all,all(ts_momentum+vol_regime+bb_reversion),all(ts_momentum+vol_regime+zscore),0.9999999999999998,1.0,False,True
medium,3,all,all(ts_momentum+breakout+bb_reversion),all(ts_momentum+breakout+zscore),1.0,1.0,False,True
medium,3,all,all(ts_momentum+bb_breakout+bb_reversion),all(ts_momentum+bb_breakout+zscore),,,True,True
medium,3,all,all(ts_momentum+keltner+bb_reversion),all(ts_momentum+keltner+zscore),,,True,True
medium,3,all,all(ts_momentum+rsi+bb_reversion),all(ts_momentum+rsi+zscore),1.0,1.0,False,True
medium,3,all,all(ts_momentum+stochastic+bb_reversion),all(ts_momentum+stochastic+zscore),1.0,1.0,False,True
medium,3,all,all(ts_momentum+bb_reversion+vwap_reversion),all(ts_momentum+zscore+vwap_reversion),1.0,1.0,False,True
medium,3,all,all(ts_momentum+bb_reversion+ou_reversion),all(ts_momentum+zscore+ou_reversion),1.0,1.0,False,True
medium,3,all,all(ts_momentum+bb_reversion+obv_trend),all(ts_momentum+zscore+obv_trend),1.0,1.0,False,True
medium,3,all,all(dual_momentum+sma_regime+bb_reversion),all(dual_momentum+sma_regime+zscore),1.0,1.0,False,True
medium,3,all,all(dual_momentum+adx_trend+bb_reversion),all(dual_momentum+adx_trend+zscore),,,True,True
medium,3,all,all(dual_momentum+hurst_switch+bb_reversion),all(dual_momentum+hurst_switch+zscore),1.0,1.0,False,True
medium,3,all,all(dual_momentum+vol_regime+bb_reversion),all(dual_momentum+vol_regime+zscore),1.0,1.0,False,True
medium,3,all,all(dual_momentum+breakout+bb_reversion),all(dual_momentum+breakout+zscore),,,True,True
medium,3,all,all(dual_momentum+bb_breakout+bb_reversion),all(dual_momentum+bb_breakout+zscore),,,True,True
medium,3,all,all(dual_momentum+keltner+bb_reversion),all(dual_momentum+keltner+zscore),,,True,True
medium,3,all,all(dual_momentum+rsi+bb_reversion),all(dual_momentum+rsi+zscore),1.0,1.0,False,True
medium,3,all,all(dual_momentum+stochastic+bb_reversion),all(dual_momentum+stochastic+zscore),1.0,1.0,False,True
medium,3,all,all(dual_momentum+bb_reversion+vwap_reversion),all(dual_momentum+zscore+vwap_reversion),0.9816730125501016,0.9642857142857143,False,True
medium,3,all,all(dual_momentum+bb_reversion+ou_reversion),all(dual_momentum+zscore+ou_reversion),1.0,1.0,False,True
medium,3,all,all(dual_momentum+bb_reversion+obv_trend),all(dual_momentum+zscore+obv_trend),0.9999999999999998,1.0,False,True
medium,3,all,all(sma_regime+adx_trend+bb_reversion),all(sma_regime+adx_trend+zscore),,,True,True
medium,3,all,all(sma_regime+hurst_switch+bb_reversion),all(sma_regime+hurst_switch+zscore),1.0,1.0,False,True
medium,3,all,all(sma_regime+vol_regime+bb_reversion),all(sma_regime+vol_regime+zscore),0.9999999999999998,1.0,False,True
medium,3,all,all(sma_regime+breakout+bb_reversion),all(sma_regime+breakout+zscore),1.0,1.0,False,True
medium,3,all,all(sma_regime+bb_breakout+bb_reversion),all(sma_regime+bb_breakout+zscore),,,True,True
medium,3,all,all(sma_regime+keltner+bb_reversion),all(sma_regime+keltner+zscore),,,True,True
medium,3,all,all(sma_regime+rsi+bb_reversion),all(sma_regime+rsi+zscore),1.0,1.0,False,True
medium,3,all,all(sma_regime+stochastic+bb_reversion),all(sma_regime+stochastic+zscore),0.9999999999999998,1.0,False,True
medium,3,all,all(sma_regime+bb_reversion+vwap_reversion),all(sma_regime+zscore+vwap_reversion),0.9999999999999999,1.0,False,True
medium,3,all,all(sma_regime+bb_reversion+ou_reversion),all(sma_regime+zscore+ou_reversion),1.0,1.0,False,True
medium,3,all,all(sma_regime+bb_reversion+obv_trend),all(sma_regime+zscore+obv_trend),1.0,1.0,False,True
medium,3,all,all(adx_trend+hurst_switch+bb_reversion),all(adx_trend+hurst_switch+zscore),,,True,True
medium,3,all,all(adx_trend+vol_regime+bb_reversion),all(adx_trend+vol_regime+zscore),,,True,True
medium,3,all,all(adx_trend+breakout+bb_reversion),all(adx_trend+breakout+zscore),,,True,True
medium,3,all,all(adx_trend+bb_breakout+bb_reversion),all(adx_trend+bb_breakout+zscore),,,True,True
medium,3,all,all(adx_trend+keltner+bb_reversion),all(adx_trend+keltner+zscore),,,True,True
medium,3,all,all(adx_trend+rsi+bb_reversion),all(adx_trend+rsi+zscore),,,True,True
medium,3,all,all(adx_trend+stochastic+bb_reversion),all(adx_trend+stochastic+zscore),,,True,True
medium,3,all,all(adx_trend+bb_reversion+vwap_reversion),all(adx_trend+zscore+vwap_reversion),,,True,True
medium,3,all,all(adx_trend+bb_reversion+ou_reversion),all(adx_trend+zscore+ou_reversion),,,True,True
medium,3,all,all(adx_trend+bb_reversion+obv_trend),all(adx_trend+zscore+obv_trend),,,True,True
medium,3,all,all(hurst_switch+vol_regime+bb_reversion),all(hurst_switch+vol_regime+zscore),1.0,1.0,False,True
medium,3,all,all(hurst_switch+breakout+bb_reversion),all(hurst_switch+breakout+zscore),,,True,True
medium,3,all,all(hurst_switch+bb_breakout+bb_reversion),all(hurst_switch+bb_breakout+zscore),,,True,True
medium,3,all,all(hurst_switch+keltner+bb_reversion),all(hurst_switch+keltner+zscore),,,True,True
medium,3,all,all(hurst_switch+rsi+bb_reversion),all(hurst_switch+rsi+zscore),1.0,1.0,False,True
medium,3,all,all(hurst_switch+stochastic+bb_reversion),all(hurst_switch+stochastic+zscore),1.0,1.0,False,True
medium,3,all,all(hurst_switch+bb_reversion+vwap_reversion),all(hurst_switch+zscore+vwap_reversion),1.0,1.0,False,True
medium,3,all,all(hurst_switch+bb_reversion+ou_reversion),all(hurst_switch+zscore+ou_reversion),1.0,1.0,False,True
medium,3,all,all(hurst_switch+bb_reversion+obv_trend),all(hurst_switch+zscore+obv_trend),,,True,True
medium,3,all,all(vol_regime+breakout+bb_reversion),all(vol_regime+breakout+zscore),1.0,1.0,False,True
medium,3,all,all(vol_regime+bb_breakout+bb_reversion),all(vol_regime+bb_breakout+zscore),,,True,True
medium,3,all,all(vol_regime+keltner+bb_reversion),all(vol_regime+keltner+zscore),,,True,True
medium,3,all,all(vol_regime+rsi+bb_reversion),all(vol_regime+rsi+zscore),1.0,1.0,False,True
medium,3,all,all(vol_regime+stochastic+bb_reversion),all(vol_regime+stochastic+zscore),1.0,1.0,False,True
medium,3,all,all(vol_regime+bb_reversion+vwap_reversion),all(vol_regime+zscore+vwap_reversion),0.9999999999999998,1.0,False,True
medium,3,all,all(vol_regime+bb_reversion+ou_reversion),all(vol_regime+zscore+ou_reversion),0.9999999999999999,1.0,False,True
medium,3,all,all(vol_regime+bb_reversion+obv_trend),all(vol_regime+zscore+obv_trend),1.0,1.0,False,True
medium,3,all,all(breakout+bb_breakout+bb_reversion),all(breakout+bb_breakout+zscore),,,True,True
medium,3,all,all(breakout+keltner+bb_reversion),all(breakout+keltner+zscore),,,True,True
medium,3,all,all(breakout+rsi+bb_reversion),all(breakout+rsi+zscore),,,True,True
medium,3,all,all(breakout+stochastic+bb_reversion),all(breakout+stochastic+zscore),,,True,True
medium,3,all,all(breakout+bb_reversion+vwap_reversion),all(breakout+zscore+vwap_reversion),1.0,1.0,False,True
medium,3,all,all(breakout+bb_reversion+ou_reversion),all(breakout+zscore+ou_reversion),,,True,True
medium,3,all,all(breakout+bb_reversion+obv_trend),all(breakout+zscore+obv_trend),,,True,True
medium,3,all,all(bb_breakout+keltner+bb_reversion),all(bb_breakout+keltner+zscore),,,True,True
medium,3,all,all(bb_breakout+rsi+bb_reversion),all(bb_breakout+rsi+zscore),,,True,True
medium,3,all,all(bb_breakout+stochastic+bb_reversion),all(bb_breakout+stochastic+zscore),,,True,True
medium,3,all,all(bb_breakout+bb_reversion+vwap_reversion),all(bb_breakout+zscore+vwap_reversion),,,True,True
medium,3,all,all(bb_breakout+bb_reversion+ou_reversion),all(bb_breakout+zscore+ou_reversion),,,True,True
medium,3,all,all(bb_breakout+bb_reversion+obv_trend),all(bb_breakout+zscore+obv_trend),,,True,True
medium,3,all,all(keltner+rsi+bb_reversion),all(keltner+rsi+zscore),,,True,True
medium,3,all,all(keltner+stochastic+bb_reversion),all(keltner+stochastic+zscore),,,True,True
medium,3,all,all(keltner+bb_reversion+vwap_reversion),all(keltner+zscore+vwap_reversion),,,True,True
medium,3,all,all(keltner+bb_reversion+ou_reversion),all(keltner+zscore+ou_reversion),,,True,True
medium,3,all,all(keltner+bb_reversion+obv_trend),all(keltner+zscore+obv_trend),,,True,True
medium,3,all,all(rsi+stochastic+bb_reversion),all(rsi+stochastic+zscore),1.0,1.0,False,True
medium,3,all,all(rsi+bb_reversion+vwap_reversion),all(rsi+zscore+vwap_reversion),1.0,1.0,False,True
medium,3,all,all(rsi+bb_reversion+ou_reversion),all(rsi+zscore+ou_reversion),1.0,1.0,False,True
medium,3,all,all(rsi+bb_reversion+obv_trend),all(rsi+zscore+obv_trend),1.0,1.0,False,True
medium,3,all,all(stochastic+bb_reversion+vwap_reversion),all(stochastic+zscore+vwap_reversion),0.9560056458004401,0.9292604501607717,False,True
medium,3,all,all(stochastic+bb_reversion+ou_reversion),all(stochastic+zscore+ou_reversion),1.0,1.0,False,True
medium,3,all,all(stochastic+bb_reversion+obv_trend),all(stochastic+zscore+obv_trend),0.9777139967256014,0.9565217391304348,False,True
medium,3,all,all(bb_reversion+vwap_reversion+ou_reversion),all(zscore+vwap_reversion+ou_reversion),1.0,1.0,False,True
medium,3,all,all(bb_reversion+vwap_reversion+obv_trend),all(zscore+vwap_reversion+obv_trend),0.9802740046355122,0.9615384615384616,False,True
medium,3,all,all(bb_reversion+ou_reversion+obv_trend),all(zscore+ou_reversion+obv_trend),1.0,1.0,False,True
medium,3,any,any(ma_crossover+macd+ichimoku),any(macd+ma_ribbon+ichimoku),0.9033655189601703,0.8873720136518771,False,True
medium,3,any,any(ma_crossover+macd+ts_momentum),any(macd+ma_ribbon+ts_momentum),0.9284247792267418,0.9294354838709677,False,True
medium,3,any,any(ma_crossover+macd+dual_momentum),any(macd+ma_ribbon+dual_momentum),0.8873311871181688,0.8938775510204081,False,True
medium,3,any,any(ma_crossover+macd+sma_regime),any(macd+ma_ribbon+sma_regime),0.9175008148440809,0.9110054347826086,False,True
medium,3,any,any(ma_crossover+macd+adx_trend),any(macd+ma_ribbon+adx_trend),0.8805354322893093,0.8873720136518771,False,True
medium,3,any,any(ma_crossover+macd+hurst_switch),any(macd+ma_ribbon+hurst_switch),0.8794844744037847,0.8938775510204081,False,True
medium,3,any,any(ma_crossover+macd+vol_regime),any(macd+ma_ribbon+vol_regime),0.8977454509282361,0.9013605442176871,False,True
medium,3,any,any(ma_crossover+macd+breakout),any(macd+ma_ribbon+breakout),0.8944023837098379,0.89419795221843,False,True
medium,3,any,any(ma_crossover+macd+bb_breakout),any(macd+ma_ribbon+bb_breakout),0.879251507051842,0.8873720136518771,False,True
medium,3,any,any(ma_crossover+macd+keltner),any(macd+ma_ribbon+keltner),0.8791455600861349,0.8873720136518771,False,True
medium,3,any,any(ma_crossover+macd+rsi),any(macd+ma_ribbon+rsi),0.8327620613037292,0.9080976863753213,False,True
medium,3,any,any(ma_crossover+macd+stochastic),any(macd+ma_ribbon+stochastic),0.8608362567628745,0.9574873096446701,False,True
medium,3,any,any(ma_crossover+macd+bb_reversion),any(ma_crossover+macd+zscore),0.8943886239735731,0.9903907751441384,False,True
medium,3,any,any(ma_crossover+macd+bb_reversion),any(macd+ma_ribbon+bb_reversion),0.7570461672725171,0.9671623296158612,False,True
medium,3,any,any(ma_crossover+macd+bb_reversion),any(macd+ma_ribbon+zscore),0.6953047034931041,0.9653035935563816,False,True
medium,3,any,any(ma_crossover+macd+zscore),any(macd+ma_ribbon+bb_reversion),0.6680857420411476,0.9578686493184635,False,True
medium,3,any,any(ma_crossover+macd+zscore),any(macd+ma_ribbon+zscore),0.7788910398023128,0.9596523898199876,False,True
medium,3,any,any(macd+ma_ribbon+bb_reversion),any(macd+ma_ribbon+zscore),0.9141619352492346,0.9981412639405205,False,True
medium,3,any,any(ma_crossover+macd+vwap_reversion),any(macd+ma_ribbon+vwap_reversion),0.705743297667966,0.9950647748303516,False,True
medium,3,any,any(ma_crossover+macd+ou_reversion),any(macd+ma_ribbon+ou_reversion),0.8559656920646251,0.912532637075718,False,True
medium,3,any,any(ma_crossover+macd+obv_trend),any(macd+ma_ribbon+obv_trend),0.8889664232841938,0.8981670061099797,False,True
medium,3,any,any(ma_crossover+ichimoku+ts_momentum),any(ma_ribbon+ichimoku+ts_momentum),0.931961752078041,0.7415644171779141,False,True
medium,3,any,any(ma_crossover+ichimoku+dual_momentum),any(ma_ribbon+ichimoku+dual_momentum),0.9268304910987452,0.8350746268656717,False,True
medium,3,any,any(ma_crossover+ichimoku+sma_regime),any(ma_ribbon+ichimoku+sma_regime),0.9183231999446996,0.7096018735362998,False,True
medium,3,any,any(ma_crossover+ichimoku+adx_trend),any(ma_ribbon+ichimoku+adx_trend),0.8973260506571039,0.6477541371158393,False,True
medium,3,any,any(ma_crossover+ichimoku+hurst_switch),any(ma_ribbon+ichimoku+hurst_switch),0.8956923191602408,0.6442155309033281,False,True
medium,3,any,any(ma_crossover+ichimoku+vol_regime),any(ma_ribbon+ichimoku+vol_regime),0.9092034175528884,0.6808176100628931,False,True
medium,3,any,any(ma_crossover+ichimoku+breakout),any(ma_ribbon+ichimoku+breakout),0.917621718212089,0.7032617342879872,False,True
medium,3,any,any(ma_crossover+ichimoku+bb_breakout),any(ma_ribbon+ichimoku+bb_breakout),0.911078351025798,0.6854646544876887,False,True
medium,3,any,any(ma_crossover+ichimoku+keltner),any(ma_ribbon+ichimoku+keltner),0.8964378780106357,0.6420047732696897,False,True
medium,3,any,any(ma_crossover+ichimoku+rsi),any(ma_ribbon+ichimoku+rsi),0.8892892872971625,0.7298969072164948,False,True
medium,3,any,any(ma_crossover+ichimoku+stochastic),any(ma_ribbon+ichimoku+stochastic),0.9202401110169964,0.7645466847090663,False,True
medium,3,any,any(ma_crossover+ichimoku+bb_reversion),any(ma_crossover+ichimoku+zscore),0.976269886169184,0.9862542955326461,False,True
medium,3,any,any(ma_crossover+ichimoku+bb_reversion),any(ma_ribbon+ichimoku+bb_reversion),0.9229416841557819,0.776,False,True
medium,3,any,any(ma_crossover+ichimoku+bb_reversion),any(ma_ribbon+ichimoku+zscore),0.9011744710300247,0.774,False,True
medium,3,any,any(ma_crossover+ichimoku+zscore),any(ma_ribbon+ichimoku+bb_reversion),0.898903458036184,0.7653333333333333,False,True
medium,3,any,any(ma_crossover+ichimoku+zscore),any(ma_ribbon+ichimoku+zscore),0.9204931780037903,0.7668670674682698,False,True
medium,3,any,any(ma_ribbon+ichimoku+bb_reversion),any(ma_ribbon+ichimoku+zscore),0.976469691149155,0.998,False,True
medium,3,any,any(ma_crossover+ichimoku+vwap_reversion),any(ma_ribbon+ichimoku+vwap_reversion),0.9441812515885529,0.8374836173001311,False,True
medium,3,any,any(ma_crossover+ichimoku+ou_reversion),any(ma_ribbon+ichimoku+ou_reversion),0.9001063883402004,0.6839762611275965,False,True
medium,3,any,any(ma_crossover+ichimoku+obv_trend),any(ma_ribbon+ichimoku+obv_trend),0.9240091750390463,0.8295537673738113,False,True
medium,3,any,any(ma_crossover+ts_momentum+dual_momentum),any(ma_ribbon+ts_momentum+dual_momentum),0.948904066425594,0.880760790051207,False,True
medium,3,any,any(ma_crossover+ts_momentum+sma_regime),any(ma_ribbon+ts_momentum+sma_regime),0.9347130614086019,0.7660550458715596,False,True
medium,3,any,any(ma_crossover+ts_momentum+adx_trend),any(ma_ribbon+ts_momentum+adx_trend),0.9252597343813145,0.7317073170731707,False,True
medium,3,any,any(ma_crossover+ts_momentum+hurst_switch),any(ma_ribbon+ts_momentum+hurst_switch),0.9253401511283748,0.7333842627960275,False,True
medium,3,any,any(ma_crossover+ts_momentum+vol_regime),any(ma_ribbon+ts_momentum+vol_regime),0.9312813653588171,0.7496171516079633,False,True
medium,3,any,any(ma_crossover+ts_momentum+breakout),any(ma_ribbon+ts_momentum+breakout),0.9437112862176784,0.7837423312883436,False,True
medium,3,any,any(ma_crossover+ts_momentum+bb_breakout),any(ma_ribbon+ts_momentum+bb_breakout),0.9413755297802727,0.7756508422664625,False,True
medium,3,any,any(ma_crossover+ts_momentum+keltner),any(ma_ribbon+ts_momentum+keltner),0.925952919805421,0.7300613496932515,False,True
medium,3,any,any(ma_crossover+ts_momentum+rsi),any(ma_ribbon+ts_momentum+rsi),0.9116635630737157,0.8030707610146862,False,True
medium,3,any,any(ma_crossover+ts_momentum+stochastic),any(ma_ribbon+ts_momentum+stochastic),0.9372185106824568,0.8179419525065963,False,True
medium,3,any,any(ma_crossover+ts_momentum+bb_reversion),any(ma_crossover+ts_momentum+zscore),0.9730809045944983,0.9871794871794872,False,True
medium,3,any,any(ma_crossover+ts_momentum+bb_reversion),any(ma_ribbon+ts_momentum+bb_reversion),0.9322069805501184,0.8194353250164149,False,True
medium,3,any,any(ma_crossover+ts_momentum+bb_reversion),any(ma_ribbon+ts_momentum+zscore),0.90728216139299,0.8174655285620486,False,True
medium,3,any,any(ma_crossover+ts_momentum+zscore),any(ma_ribbon+ts_momentum+bb_reversion),0.9053472875237876,0.8089297439264609,False,True
medium,3,any,any(ma_crossover+ts_momentum+zscore),any(ma_ribbon+ts_momentum+zscore),0.9296438903760244,0.8105263157894737,False,True
medium,3,any,any(ma_ribbon+ts_momentum+bb_reversion),any(ma_ribbon+ts_momentum+zscore),0.9732741957241127,0.9980302035456337,False,True
medium,3,any,any(ma_crossover+ts_momentum+vwap_reversion),any(ma_ribbon+ts_momentum+vwap_reversion),0.9481439106292856,0.8665377176015474,False,True
medium,3,any,any(ma_crossover+ts_momentum+ou_reversion),any(ma_ribbon+ts_momentum+ou_reversion),0.9248761520045548,0.7507225433526011,False,True
medium,3,any,any(ma_crossover+ts_momentum+obv_trend),any(ma_ribbon+ts_momentum+obv_trend),0.9431913807294351,0.8785046728971962,False,True
medium,3,any,any(ma_crossover+dual_momentum+sma_regime),any(ma_ribbon+dual_momentum+sma_regime),0.9385302546051951,0.8655834564254062,False,True
medium,3,any,any(ma_crossover+dual_momentum+adx_trend),any(ma_ribbon+dual_momentum+adx_trend),0.9110287354891935,0.8337061894108874,False,True
medium,3,any,any(ma_crossover+dual_momentum+hurst_switch),any(ma_ribbon+dual_momentum+hurst_switch),0.9120784368130773,0.8401486988847584,False,True
medium,3,any,any(ma_crossover+dual_momentum+vol_regime),any(ma_ribbon+dual_momentum+vol_regime),0.9248987113544875,0.851221317542561,False,True
medium,3,any,any(ma_crossover+dual_momentum+breakout),any(ma_ribbon+dual_momentum+breakout),0.9198760000989509,0.841044776119403,False,True
medium,3,any,any(ma_crossover+dual_momentum+bb_breakout),any(ma_ribbon+dual_momentum+bb_breakout),0.9102773616381791,0.8343283582089552,False,True
medium,3,any,any(ma_crossover+dual_momentum+keltner),any(ma_ribbon+dual_momentum+keltner),0.9102888616840056,0.8335820895522388,False,True
medium,3,any,any(ma_crossover+dual_momentum+rsi),any(ma_ribbon+dual_momentum+rsi),0.8760197070646342,0.8793903247183565,False,True
medium,3,any,any(ma_crossover+dual_momentum+stochastic),any(ma_ribbon+dual_momentum+stochastic),0.909333571835554,0.9216321243523317,False,True
medium,3,any,any(ma_crossover+dual_momentum+bb_reversion),any(ma_crossover+dual_momentum+zscore),0.9534198512824048,0.9896907216494846,False,True
medium,3,any,any(ma_crossover+dual_momentum+bb_reversion),any(ma_ribbon+dual_momentum+bb_reversion),0.9004111188975745,0.9309021113243762,False,True
medium,3,any,any(ma_crossover+dual_momentum+bb_reversion),any(ma_ribbon+dual_momentum+zscore),0.8663527514139729,0.9289827255278311,False,True
medium,3,any,any(ma_crossover+dual_momentum+zscore),any(ma_ribbon+dual_momentum+bb_reversion),0.8548035483733701,0.9213051823416507,False,True
medium,3,any,any(ma_crossover+dual_momentum+zscore),any(ma_ribbon+dual_momentum+zscore),0.898987620619375,0.9230769230769231,False,True
medium,3,any,any(ma_ribbon+dual_momentum+bb_reversion),any(ma_ribbon+dual_momentum+zscore),0.9605019844009456,0.9980806142034548,False,True
medium,3,any,any(ma_crossover+dual_momentum+vwap_reversion),any(ma_ribbon+dual_momentum+vwap_reversion),0.9404488201964618,0.966624685138539,False,True
medium,3,any,any(ma_crossover+dual_momentum+ou_reversion),any(ma_ribbon+dual_momentum+ou_reversion),0.904701985861558,0.863061797752809,False,True
medium,3,any,any(ma_crossover+dual_momentum+obv_trend),any(ma_ribbon+dual_momentum+obv_trend),0.9139025730120464,0.8754473872584109,False,True
medium,3,any,any(ma_crossover+sma_regime+adx_trend),any(ma_ribbon+sma_regime+adx_trend),0.9172065111802769,0.7180480247869868,False,True
medium,3,any,any(ma_crossover+sma_regime+hurst_switch),any(ma_ribbon+sma_regime+hurst_switch),0.9168258817098421,0.7153965785381027,False,True
medium,3,any,any(ma_crossover+sma_regime+vol_regime),any(ma_ribbon+sma_regime+vol_regime),0.9145816563380172,0.7072599531615925,False,True
medium,3,any,any(ma_crossover+sma_regime+breakout),any(ma_ribbon+sma_regime+breakout),0.9326307516457818,0.7650273224043715,False,True
medium,3,any,any(ma_crossover+sma_regime+bb_breakout),any(ma_ribbon+sma_regime+bb_breakout),0.92813344709571,0.7498051441932969,False,True
medium,3,any,any(ma_crossover+sma_regime+keltner),any(ma_ribbon+sma_regime+keltner),0.9158571246314543,0.7127244340359095,False,True
medium,3,any,any(ma_crossover+sma_regime+rsi),any(ma_ribbon+sma_regime+rsi),0.9040337290313182,0.7896879240162822,False,True
medium,3,any,any(ma_crossover+sma_regime+stochastic),any(ma_ribbon+sma_regime+stochastic),0.9363799898789036,0.8141711229946524,False,True
medium,3,any,any(ma_crossover+sma_regime+bb_reversion),any(ma_crossover+sma_regime+zscore),0.9733161991263813,0.9871279163314561,False,True
medium,3,any,any(ma_crossover+sma_regime+bb_reversion),any(ma_ribbon+sma_regime+bb_reversion),0.9278317903850345,0.8204620462046205,False,True
medium,3,any,any(ma_crossover+sma_regime+bb_reversion),any(ma_ribbon+sma_regime+zscore),0.9036537070005167,0.8184818481848185,False,True
medium,3,any,any(ma_crossover+sma_regime+zscore),any(ma_ribbon+sma_regime+bb_reversion),0.9010953228413922,0.80990099009901,False,True
medium,3,any,any(ma_crossover+sma_regime+zscore),any(ma_ribbon+sma_regime+zscore),0.925384423591192,0.8115079365079365,False,True
medium,3,any,any(ma_ribbon+sma_regime+bb_reversion),any(ma_ribbon+sma_regime+zscore),0.9738564181251483,0.998019801980198,False,True
medium,3,any,any(ma_crossover+sma_regime+vwap_reversion),any(ma_ribbon+sma_regime+vwap_reversion),0.951139780031517,0.8703823720025924,False,True
medium,3,any,any(ma_crossover+sma_regime+ou_reversion),any(ma_ribbon+sma_regime+ou_reversion),0.916498325989935,0.7439824945295405,False,True
medium,3,any,any(ma_crossover+sma_regime+obv_trend),any(ma_ribbon+sma_regime+obv_trend),0.9330175811393251,0.8594319009468318,False,True
medium,3,any,any(ma_crossover+adx_trend+hurst_switch),any(ma_ribbon+adx_trend+hurst_switch),0.860418269281991,0.6255886970172685,False,True
medium,3,any,any(ma_crossover+adx_trend+vol_regime),any(ma_ribbon+adx_trend+vol_regime),0.8972694238534888,0.6822429906542056,False,True
medium,3,any,any(ma_crossover+adx_trend+breakout),any(ma_ribbon+adx_trend+breakout),0.90380859156927,0.7029156816390859,False,True
medium,3,any,any(ma_crossover+adx_trend+bb_breakout),any(ma_ribbon+adx_trend+bb_breakout),0.888864460740308,0.6834645669291338,False,True
medium,3,any,any(ma_crossover+adx_trend+keltner),any(ma_ribbon+adx_trend+keltner),0.8668010231444041,0.6272655634357762,False,True
medium,3,any,any(ma_crossover+adx_trend+rsi),any(ma_ribbon+adx_trend+rsi),0.8513236304657295,0.7126279863481229,False,True
medium,3,any,any(ma_crossover+adx_trend+stochastic),any(ma_ribbon+adx_trend+stochastic),0.8908869851897939,0.7479838709677419,False,True
medium,3,any,any(ma_crossover+adx_trend+bb_reversion),any(ma_crossover+adx_trend+zscore),0.9767270025536057,0.9860627177700348,False,True
medium,3,any,any(ma_crossover+adx_trend+bb_reversion),any(ma_ribbon+adx_trend+bb_reversion),0.8860738419642168,0.7592592592592593,False,True
medium,3,any,any(ma_crossover+adx_trend+bb_reversion),any(ma_ribbon+adx_trend+zscore),0.8650596451562148,0.7572751322751323,False,True
medium,3,any,any(ma_crossover+adx_trend+zscore),any(ma_ribbon+adx_trend+bb_reversion),0.8610040511197486,0.7486772486772487,False,True
medium,3,any,any(ma_crossover+adx_trend+zscore),any(ma_ribbon+adx_trend+zscore),0.8842566452551539,0.7501656726308814,False,True
medium,3,any,any(ma_ribbon+adx_trend+bb_reversion),any(ma_ribbon+adx_trend+zscore),0.9749826771785155,0.998015873015873,False,True
medium,3,any,any(ma_crossover+adx_trend+vwap_reversion),any(ma_ribbon+adx_trend+vwap_reversion),0.9136488495136589,0.8205461638491548,False,True
medium,3,any,any(ma_crossover+adx_trend+ou_reversion),any(ma_ribbon+adx_trend+ou_reversion),0.865423418512792,0.6661764705882353,False,True
medium,3,any,any(ma_crossover+adx_trend+obv_trend),any(ma_ribbon+adx_trend+obv_trend),0.9063261178511504,0.8295537673738113,False,True
medium,3,any,any(ma_crossover+hurst_switch+vol_regime),any(ma_ribbon+hurst_switch+vol_regime),0.8919226927957962,0.6781519185591229,False,True
medium,3,any,any(ma_crossover+hurst_switch+breakout),any(ma_ribbon+hurst_switch+breakout),0.9054259641133079,0.7060221870047544,False,True
medium,3,any,any(ma_crossover+hurst_switch+bb_breakout),any(ma_ribbon+hurst_switch+bb_breakout),0.8900018115302052,0.6867088607594937,False,True
medium,3,any,any(ma_crossover+hurst_switch+keltner),any(ma_ribbon+hurst_switch+keltner),0.8652933163685703,0.6275752773375595,False,True
medium,3,any,any(ma_crossover+hurst_switch+rsi),any(ma_ribbon+hurst_switch+rsi),0.8434112370842438,0.7024054982817869,False,True
medium,3,any,any(ma_crossover+hurst_switch+stochastic),any(ma_ribbon+hurst_switch+stochastic),0.8802119451589443,0.7395411605937922,False,True
medium,3,any,any(ma_crossover+hurst_switch+bb_reversion),any(ma_crossover+hurst_switch+zscore),0.977390500560707,0.9857397504456328,False,True
medium,3,any,any(ma_crossover+hurst_switch+bb_reversion),any(ma_ribbon+hurst_switch+bb_reversion),0.8754874843710343,0.748,False,True
medium,3,any,any(ma_crossover+hurst_switch+bb_reversion),any(ma_ribbon+hurst_switch+zscore),0.8554774487454785,0.746,False,True
medium,3,any,any(ma_crossover+hurst_switch+zscore),any(ma_ribbon+hurst_switch+bb_reversion),0.8502431175750431,0.7373333333333333,False,True
medium,3,any,any(ma_crossover+hurst_switch+zscore),any(ma_ribbon+hurst_switch+zscore),0.8737267668635623,0.738810955243821,False,True
medium,3,any,any(ma_ribbon+hurst_switch+bb_reversion),any(ma_ribbon+hurst_switch+zscore),0.9751356386065789,0.998,False,True
medium,3,any,any(ma_crossover+hurst_switch+vwap_reversion),any(ma_ribbon+hurst_switch+vwap_reversion),0.9015784595524213,0.8099606815203145,False,True
medium,3,any,any(ma_crossover+hurst_switch+ou_reversion),any(ma_ribbon+hurst_switch+ou_reversion),0.8566951006994397,0.6585185185185185,False,True
medium,3,any,any(ma_crossover+hurst_switch+obv_trend),any(ma_ribbon+hurst_switch+obv_trend),0.9062384420321951,0.8360058309037901,False,True
medium,3,any,any(ma_crossover+vol_regime+breakout),any(ma_ribbon+vol_regime+breakout),0.9203594053960374,0.7358490566037735,False,True
medium,3,any,any(ma_crossover+vol_regime+bb_breakout),any(ma_ribbon+vol_regime+bb_breakout),0.9098561163875708,0.7197802197802198,False,True
medium,3,any,any(ma_crossover+vol_regime+keltner),any(ma_ribbon+vol_regime+keltner),0.8954255682274954,0.6792452830188679,False,True
medium,3,any,any(ma_crossover+vol_regime+rsi),any(ma_ribbon+vol_regime+rsi),0.8794652739716955,0.757679180887372,False,True
medium,3,any,any(ma_crossover+vol_regime+stochastic),any(ma_ribbon+vol_regime+stochastic),0.9122186930867923,0.7841291190316073,False,True
medium,3,any,any(ma_crossover+vol_regime+bb_reversion),any(ma_crossover+vol_regime+zscore),0.9748619123450334,0.9867330016583747,False,True
medium,3,any,any(ma_crossover+vol_regime+bb_reversion),any(ma_ribbon+vol_regime+bb_reversion),0.9062750998932686,0.7997347480106101,False,True
medium,3,any,any(ma_crossover+vol_regime+bb_reversion),any(ma_ribbon+vol_regime+zscore),0.8841988257679972,0.7977453580901857,False,True
medium,3,any,any(ma_crossover+vol_regime+zscore),any(ma_ribbon+vol_regime+bb_reversion),0.88006136931716,0.7891246684350133,False,True
medium,3,any,any(ma_crossover+vol_regime+zscore),any(ma_ribbon+vol_regime+zscore),0.9042820337196371,0.7906976744186046,False,True
medium,3,any,any(ma_ribbon+vol_regime+bb_reversion),any(ma_ribbon+vol_regime+zscore),0.9746702702437161,0.9980106100795756,False,True
medium,3,any,any(ma_crossover+vol_regime+vwap_reversion),any(ma_ribbon+vol_regime+vwap_reversion),0.9337942731407999,0.8489583333333334,False,True
medium,3,any,any(ma_crossover+vol_regime+ou_reversion),any(ma_ribbon+vol_regime+ou_reversion),0.893593164517437,0.7121879588839941,False,True
medium,3,any,any(ma_crossover+vol_regime+obv_trend),any(ma_ribbon+vol_regime+obv_trend),0.9196595053257979,0.8462099125364432,False,True
medium,3,any,any(ma_crossover+breakout+bb_breakout),any(ma_ribbon+breakout+bb_breakout),0.9043993794674741,0.7053216838760922,False,True
medium,3,any,any(ma_crossover+breakout+keltner),any(ma_ribbon+breakout+keltner),0.9028856256370255,0.6976929196499603,False,True
medium,3,any,any(ma_crossover+breakout+rsi),any(ma_ribbon+breakout+rsi),0.8913756171156023,0.7835051546391752,False,True
medium,3,any,any(ma_crossover+breakout+stochastic),any(ma_ribbon+breakout+stochastic),0.9320022089460117,0.8146143437077131,False,True
medium,3,any,any(ma_crossover+breakout+bb_reversion),any(ma_crossover+breakout+zscore),0.9733624374574642,0.9871175523349437,False,True
medium,3,any,any(ma_crossover+breakout+bb_reversion),any(ma_ribbon+breakout+bb_reversion),0.925514892180393,0.828,False,True
medium,3,any,any(ma_crossover+breakout+bb_reversion),any(ma_ribbon+breakout+zscore),0.9033478212702143,0.826,False,True
medium,3,any,any(ma_crossover+breakout+zscore),any(ma_ribbon+breakout+bb_reversion),0.8982918468063561,0.8173333333333334,False,True
medium,3,any,any(ma_crossover+breakout+zscore),any(ma_ribbon+breakout+zscore),0.9231033903635759,0.8189712758851035,False,True
medium,3,any,any(ma_ribbon+breakout+bb_reversion),any(ma_ribbon+breakout+zscore),0.975389914793198,0.998,False,True
medium,3,any,any(ma_crossover+breakout+vwap_reversion),any(ma_ribbon+breakout+vwap_reversion),0.9533230229669782,0.8820445609436435,False,True
medium,3,any,any(ma_crossover+breakout+ou_reversion),any(ma_ribbon+breakout+ou_reversion),0.9077877811599658,0.7418397626112759,False,True
medium,3,any,any(ma_crossover+breakout+obv_trend),any(ma_ribbon+breakout+obv_trend),0.9165517781686588,0.8354059985369422,False,True
medium,3,any,any(ma_crossover+bb_breakout+keltner),any(ma_ribbon+bb_breakout+keltner),0.8875392976906094,0.6783161239078633,False,True
medium,3,any,any(ma_crossover+bb_breakout+rsi),any(ma_ribbon+bb_breakout+rsi),0.8753985458859802,0.7666437886067261,False,True
medium,3,any,any(ma_crossover+bb_breakout+stochastic),any(ma_ribbon+bb_breakout+stochastic),0.9151695289056685,0.8013513513513514,False,True
medium,3,any,any(ma_crossover+bb_breakout+bb_reversion),any(ma_crossover+bb_breakout+zscore),0.9743554631283176,0.9868744872846595,False,True
medium,3,any,any(ma_crossover+bb_breakout+bb_reversion),any(ma_ribbon+bb_breakout+bb_reversion),0.9100450291772383,0.8115845539280959,False,True
medium,3,any,any(ma_crossover+bb_breakout+bb_reversion),any(ma_ribbon+bb_breakout+zscore),0.8886917418121606,0.8095872170439414,False,True
medium,3,any,any(ma_crossover+bb_breakout+zscore),any(ma_ribbon+bb_breakout+bb_reversion),0.883046574190037,0.8009320905459387,False,True
medium,3,any,any(ma_crossover+bb_breakout+zscore),any(ma_ribbon+bb_breakout+zscore),0.9079856249957491,0.8025350233488993,False,True
medium,3,any,any(ma_ribbon+bb_breakout+bb_reversion),any(ma_ribbon+bb_breakout+zscore),0.9751732736364386,0.9980026631158455,False,True
medium,3,any,any(ma_crossover+bb_breakout+vwap_reversion),any(ma_ribbon+bb_breakout+vwap_reversion),0.9432679623485153,0.8723821989528796,False,True
medium,3,any,any(ma_crossover+bb_breakout+ou_reversion),any(ma_ribbon+bb_breakout+ou_reversion),0.8922667248885034,0.7237037037037037,False,True
medium,3,any,any(ma_crossover+bb_breakout+obv_trend),any(ma_ribbon+bb_breakout+obv_trend),0.905968628245601,0.8295537673738113,False,True
medium,3,any,any(ma_crossover+keltner+rsi),any(ma_ribbon+keltner+rsi),0.8570854708107609,0.7154639175257732,False,True
medium,3,any,any(ma_crossover+keltner+stochastic),any(ma_ribbon+keltner+stochastic),0.896558791808201,0.7510148849797023,False,True
medium,3,any,any(ma_crossover+keltner+bb_reversion),any(ma_crossover+keltner+zscore),0.9768619343192363,0.9860017497812773,False,True
medium,3,any,any(ma_crossover+keltner+bb_reversion),any(ma_ribbon+keltner+bb_reversion),0.8921139565361608,0.762,False,True
medium,3,any,any(ma_crossover+keltner+bb_reversion),any(ma_ribbon+keltner+zscore),0.8716138080296296,0.76,False,True
medium,3,any,any(ma_crossover+keltner+zscore),any(ma_ribbon+keltner+bb_reversion),0.8671922744863083,0.7513333333333333,False,True
medium,3,any,any(ma_crossover+keltner+zscore),any(ma_ribbon+keltner+zscore),0.890167480285044,0.7528390113560455,False,True
medium,3,any,any(ma_ribbon+keltner+bb_reversion),any(ma_ribbon+keltner+zscore),0.9757279449472168,0.998,False,True
medium,3,any,any(ma_crossover+keltner+vwap_reversion),any(ma_ribbon+keltner+vwap_reversion),0.9221016142959336,0.8237221494102228,False,True
medium,3,any,any(ma_crossover+keltner+ou_reversion),any(ma_ribbon+keltner+ou_reversion),0.8705727438994351,0.6683976261127597,False,True
medium,3,any,any(ma_crossover+keltner+obv_trend),any(ma_ribbon+keltner+obv_trend),0.9055248842312511,0.8295537673738113,False,True
medium,3,any,any(ma_crossover+rsi+stochastic),any(ma_ribbon+rsi+stochastic),0.8683415400781013,0.7718954248366013,False,True
medium,3,any,any(ma_crossover+rsi+bb_reversion),any(ma_crossover+rsi+zscore),0.9756064035217609,0.9864978902953586,False,True
medium,3,any,any(ma_crossover+rsi+bb_reversion),any(ma_ribbon+rsi+bb_reversion),0.8664773604180611,0.7765399737876802,False,True
medium,3,any,any(ma_crossover+rsi+bb_reversion),any(ma_ribbon+rsi+zscore),0.8448157034794249,0.7745740498034076,False,True
medium,3,any,any(ma_crossover+rsi+zscore),any(ma_ribbon+rsi+bb_reversion),0.8396576188902843,0.7660550458715596,False,True
medium,3,any,any(ma_crossover+rsi+zscore),any(ma_ribbon+rsi+zscore),0.8652663452005179,0.767564018384767,False,True
medium,3,any,any(ma_ribbon+rsi+bb_reversion),any(ma_ribbon+rsi+zscore),0.9727802334134682,0.9980340760157274,False,True
medium,3,any,any(ma_crossover+rsi+vwap_reversion),any(ma_ribbon+rsi+vwap_reversion),0.8899315815635641,0.834403080872914,False,True
medium,3,any,any(ma_crossover+rsi+ou_reversion),any(ma_ribbon+rsi+ou_reversion),0.8429009901420192,0.7276995305164319,False,True
medium,3,any,any(ma_crossover+rsi+obv_trend),any(ma_ribbon+rsi+obv_trend),0.8613331694913192,0.8771929824561403,False,True
medium,3,any,any(ma_crossover+stochastic+bb_reversion),any(ma_crossover+stochastic+zscore),0.9968229107763653,0.9983319432860718,False,True
medium,3,any,any(ma_crossover+stochastic+bb_reversion),any(ma_ribbon+stochastic+bb_reversion),0.8868385101547166,0.7790773229369721,False,True
medium,3,any,any(ma_crossover+stochastic+bb_reversion),any(ma_ribbon+stochastic+zscore),0.8841387663383449,0.7790773229369721,False,True
medium,3,any,any(ma_crossover+stochastic+zscore),any(ma_ribbon+stochastic+bb_reversion),0.8834653414253846,0.7777777777777778,False,True
medium,3,any,any(ma_crossover+stochastic+zscore),any(ma_ribbon+stochastic+zscore),0.8871417824290485,0.7777777777777778,False,True
medium,3,any,any(ma_ribbon+stochastic+bb_reversion),any(ma_ribbon+stochastic+zscore),0.9968006033907844,1.0,False,True
medium,3,any,any(ma_crossover+stochastic+vwap_reversion),any(ma_ribbon+stochastic+vwap_reversion),0.9041436773039212,0.8181818181818182,False,True
medium,3,any,any(ma_crossover+stochastic+ou_reversion),any(ma_ribbon+stochastic+ou_reversion),0.8758174753472187,0.7593688362919132,False,True
medium,3,any,any(ma_crossover+stochastic+obv_trend),any(ma_ribbon+stochastic+obv_trend),0.9086453996029077,0.9098573281452659,False,True
medium,3,any,any(ma_crossover+bb_reversion+vwap_reversion),any(ma_crossover+zscore+vwap_reversion),1.0,1.0,False,True
medium,3,any,any(ma_crossover+bb_reversion+vwap_reversion),any(ma_ribbon+bb_reversion+vwap_reversion),0.8998276770813267,0.8143322475570033,False,True
medium,3,any,any(ma_crossover+bb_reversion+vwap_reversion),any(ma_ribbon+zscore+vwap_reversion),0.8998276770813267,0.8143322475570033,False,True
medium,3,any,any(ma_crossover+zscore+vwap_reversion),any(ma_ribbon+bb_reversion+vwap_reversion),0.8998276770813267,0.8143322475570033,False,True
medium,3,any,any(ma_crossover+zscore+vwap_reversion),any(ma_ribbon+zscore+vwap_reversion),0.8998276770813267,0.8143322475570033,False,True
medium,3,any,any(ma_ribbon+bb_reversion+vwap_reversion),any(ma_ribbon+zscore+vwap_reversion),0.9999999999999998,1.0,False,True
medium,3,any,any(ma_crossover+bb_reversion+ou_reversion),any(ma_crossover+zscore+ou_reversion),0.977390500560707,0.9857397504456328,False,True
medium,3,any,any(ma_crossover+bb_reversion+ou_reversion),any(ma_ribbon+bb_reversion+ou_reversion),0.8749394878396102,0.748,False,True
medium,3,any,any(ma_crossover+bb_reversion+ou_reversion),any(ma_ribbon+zscore+ou_reversion),0.8549547533793047,0.746,False,True
medium,3,any,any(ma_crossover+zscore+ou_reversion),any(ma_ribbon+bb_reversion+ou_reversion),0.8496334422016442,0.7373333333333333,False,True
medium,3,any,any(ma_crossover+zscore+ou_reversion),any(ma_ribbon+zscore+ou_reversion),0.8731902465507861,0.738810955243821,False,True
medium,3,any,any(ma_ribbon+bb_reversion+ou_reversion),any(ma_ribbon+zscore+ou_reversion),0.9750806523758184,0.998,False,True
medium,3,any,any(ma_crossover+bb_reversion+obv_trend),any(ma_crossover+zscore+obv_trend),0.9465846021162537,0.9891156462585035,False,True
medium,3,any,any(ma_crossover+bb_reversion+obv_trend),any(ma_ribbon+bb_reversion+obv_trend),0.8827481473402212,0.9251101321585903,False,True
medium,3,any,any(ma_crossover+bb_reversion+obv_trend),any(ma_ribbon+zscore+obv_trend),0.8405055957382394,0.9232221522970422,False,True
medium,3,any,any(ma_crossover+zscore+obv_trend),any(ma_ribbon+bb_reversion+obv_trend),0.8310134885531824,0.9150409062303335,False,True
medium,3,any,any(ma_crossover+zscore+obv_trend),any(ma_ribbon+zscore+obv_trend),0.8838520169673036,0.9167717528373266,False,True
medium,3,any,any(ma_ribbon+bb_reversion+obv_trend),any(ma_ribbon+zscore+obv_trend),0.9499960306768298,0.9981120201384519,False,True
medium,3,any,any(ma_crossover+vwap_reversion+ou_reversion),any(ma_ribbon+vwap_reversion+ou_reversion),0.9008707554771764,0.8124183006535948,False,True
medium,3,any,any(ma_crossover+vwap_reversion+obv_trend),any(ma_ribbon+vwap_reversion+obv_trend),0.9330587779297259,0.9668542839274546,False,True
medium,3,any,any(ma_crossover+ou_reversion+obv_trend),any(ma_ribbon+ou_reversion+obv_trend),0.8983917268300868,0.8601928374655647,False,True
medium,3,any,any(macd+ichimoku+bb_reversion),any(macd+ichimoku+zscore),0.9276750973950169,0.9842896174863388,False,True
medium,3,any,any(macd+ts_momentum+bb_reversion),any(macd+ts_momentum+zscore),0.9204617461889407,0.9844804318488529,False,True
medium,3,any,any(macd+dual_momentum+bb_reversion),any(macd+dual_momentum+zscore),0.9524258903670675,0.9838709677419355,False,True
medium,3,any,any(macd+sma_regime+bb_reversion),any(macd+sma_regime+zscore),0.9265782750831647,0.9843217450579413,False,True
medium,3,any,any(macd+adx_trend+bb_reversion),any(macd+adx_trend+zscore),0.9522821283771098,0.9829629629629629,False,True
medium,3,any,any(macd+hurst_switch+bb_reversion),any(macd+hurst_switch+zscore),0.9620910095118991,0.9814963797264682,False,True
medium,3,any,any(macd+vol_regime+bb_reversion),any(macd+vol_regime+zscore),0.9527885782518027,0.9829123328380386,False,True
medium,3,any,any(macd+breakout+bb_reversion),any(macd+breakout+zscore),0.9405048044758019,0.9837914023960536,False,True
medium,3,any,any(macd+bb_breakout+bb_reversion),any(macd+bb_breakout+zscore),0.9563660895726599,0.982496194824962,False,True
medium,3,any,any(macd+keltner+bb_reversion),any(macd+keltner+zscore),0.9562656995519762,0.9825095057034221,False,True
medium,3,any,any(macd+rsi+bb_reversion),any(macd+rsi+zscore),0.9623463811005042,0.9814366424535916,False,True
medium,3,any,any(macd+stochastic+bb_reversion),any(macd+stochastic+zscore),0.9956816118689586,0.9985141158989599,False,True
medium,3,any,any(macd+bb_reversion+vwap_reversion),any(macd+zscore+vwap_reversion),0.9999999999999998,1.0,False,True
medium,3,any,any(macd+bb_reversion+ou_reversion),any(macd+zscore+ou_reversion),0.9623463811005042,0.9814366424535916,False,True
medium,3,any,any(macd+bb_reversion+obv_trend),any(macd+zscore+obv_trend),0.9522881995687383,0.9838827838827838,False,True
medium,3,any,any(ichimoku+ts_momentum+bb_reversion),any(ichimoku+ts_momentum+zscore),0.9642981390597559,0.9795744680851064,False,True
medium,3,any,any(ichimoku+dual_momentum+bb_reversion),any(ichimoku+dual_momentum+zscore),0.9487509379420863,0.9832727272727273,False,True
medium,3,any,any(ichimoku+sma_regime+bb_reversion),any(ichimoku+sma_regime+zscore),0.9662047168318683,0.9787234042553191,False,True
medium,3,any,any(ichimoku+adx_trend+bb_reversion),any(ichimoku+adx_trend+zscore),0.9682770654484134,0.9773156899810964,False,True
medium,3,any,any(ichimoku+hurst_switch+bb_reversion),any(ichimoku+hurst_switch+zscore),0.9691750662188773,0.9763779527559056,False,True
medium,3,any,any(ichimoku+vol_regime+bb_reversion),any(ichimoku+vol_regime+zscore),0.967457400513799,0.977961432506887,False,True
medium,3,any,any(ichimoku+breakout+bb_reversion),any(ichimoku+breakout+zscore),0.9649598649599922,0.9793103448275862,False,True
medium,3,any,any(ichimoku+bb_breakout+bb_reversion),any(ichimoku+bb_breakout+zscore),0.9668803448636205,0.9783393501805054,False,True
medium,3,any,any(ichimoku+keltner+bb_reversion),any(ichimoku+keltner+zscore),0.968838982544905,0.9767666989351403,False,True
medium,3,any,any(ichimoku+rsi+bb_reversion),any(ichimoku+rsi+zscore),0.9677376226716723,0.9777571825764597,False,True
medium,3,any,any(ichimoku+stochastic+bb_reversion),any(ichimoku+stochastic+zscore),0.9971176790659025,0.998220640569395,False,True
medium,3,any,any(ichimoku+bb_reversion+vwap_reversion),any(ichimoku+zscore+vwap_reversion),1.0,1.0,False,True
medium,3,any,any(ichimoku+bb_reversion+ou_reversion),any(ichimoku+zscore+ou_reversion),0.9691750662188773,0.9763779527559056,False,True
medium,3,any,any(ichimoku+bb_reversion+obv_trend),any(ichimoku+zscore+obv_trend),0.9461009129342748,0.9834651329978433,False,True
medium,3,any,any(ts_momentum+dual_momentum+bb_reversion),any(ts_momentum+dual_momentum+zscore),0.9440642919874401,0.9835948644793152,False,True
medium,3,any,any(ts_momentum+sma_regime+bb_reversion),any(ts_momentum+sma_regime+zscore),0.9630152174370961,0.9800166527893422,False,True
medium,3,any,any(ts_momentum+adx_trend+bb_reversion),any(ts_momentum+adx_trend+zscore),0.96576285207519,0.9789473684210527,False,True
medium,3,any,any(ts_momentum+hurst_switch+bb_reversion),any(ts_momentum+hurst_switch+zscore),0.9670380812835219,0.9782411604714415,False,True
medium,3,any,any(ts_momentum+vol_regime+bb_reversion),any(ts_momentum+vol_regime+zscore),0.9643895025696714,0.979539641943734,False,True
medium,3,any,any(ts_momentum+breakout+bb_reversion),any(ts_momentum+breakout+zscore),0.9599592307414636,0.9808153477218226,False,True
medium,3,any,any(ts_momentum+bb_breakout+bb_reversion),any(ts_momentum+bb_breakout+zscore),0.9627468150839564,0.9800995024875622,False,True
medium,3,any,any(ts_momentum+keltner+bb_reversion),any(ts_momentum+keltner+zscore),0.9665178282346599,0.9785522788203753,False,True
medium,3,any,any(ts_momentum+rsi+bb_reversion),any(ts_momentum+rsi+zscore),0.964831775731806,0.9793637145313844,False,True
medium,3,any,any(ts_momentum+stochastic+bb_reversion),any(ts_momentum+stochastic+zscore),0.9968919536855428,0.9983108108108109,False,True
medium,3,any,any(ts_momentum+bb_reversion+vwap_reversion),any(ts_momentum+zscore+vwap_reversion),1.0,1.0,False,True
medium,3,any,any(ts_momentum+bb_reversion+ou_reversion),any(ts_momentum+zscore+ou_reversion),0.9671306729462247,0.9781818181818182,False,True
medium,3,any,any(ts_momentum+bb_reversion+obv_trend),any(ts_momentum+zscore+obv_trend),0.9424566602043443,0.9836879432624114,False,True
medium,3,any,any(dual_momentum+sma_regime+bb_reversion),any(dual_momentum+sma_regime+zscore),0.9466244381662466,0.9834293948126801,False,True
medium,3,any,any(dual_momentum+adx_trend+bb_reversion),any(dual_momentum+adx_trend+zscore),0.9591763059013217,0.9820732657833203,False,True
medium,3,any,any(dual_momentum+hurst_switch+bb_reversion),any(dual_momentum+hurst_switch+zscore),0.9623463811005044,0.9814366424535916,False,True
medium,3,any,any(dual_momentum+vol_regime+bb_reversion),any(dual_momentum+vol_regime+zscore),0.9558573870439956,0.9825625473843821,False,True
medium,3,any,any(dual_momentum+breakout+bb_reversion),any(dual_momentum+breakout+zscore),0.9552239686003905,0.9826415094339622,False,True
medium,3,any,any(dual_momentum+bb_breakout+bb_reversion),any(dual_momentum+bb_breakout+zscore),0.9610078600300958,0.9817315329626688,False,True
medium,3,any,any(dual_momentum+keltner+bb_reversion),any(dual_momentum+keltner+zscore),0.9612187842227956,0.981687898089172,False,True
medium,3,any,any(dual_momentum+rsi+bb_reversion),any(dual_momentum+rsi+zscore),0.9607207172993575,0.9817893903404592,False,True
medium,3,any,any(dual_momentum+stochastic+bb_reversion),any(dual_momentum+stochastic+zscore),0.9977165196100389,0.999266862170088,False,True
medium,3,any,any(dual_momentum+bb_reversion+vwap_reversion),any(dual_momentum+zscore+vwap_reversion),1.0,1.0,False,True
medium,3,any,any(dual_momentum+bb_reversion+ou_reversion),any(dual_momentum+zscore+ou_reversion),0.9624718752940793,0.9814066289409863,False,True
medium,3,any,any(dual_momentum+bb_reversion+obv_trend),any(dual_momentum+zscore+obv_trend),0.9497759148719317,0.984081041968162,False,True
medium,3,any,any(sma_regime+adx_trend+bb_reversion),any(sma_regime+adx_trend+zscore),0.9662047168318685,0.9787234042553191,False,True
medium,3,any,any(sma_regime+hurst_switch+bb_reversion),any(sma_regime+hurst_switch+zscore),0.967399461590657,0.9780018331805683,False,True
medium,3,any,any(sma_regime+vol_regime+bb_reversion),any(sma_regime+vol_regime+zscore),0.967399461590657,0.9780018331805683,False,True
medium,3,any,any(sma_regime+breakout+bb_reversion),any(sma_regime+breakout+zscore),0.9621871406162374,0.9802631578947368,False,True
medium,3,any,any(sma_regime+bb_breakout+bb_reversion),any(sma_regime+bb_breakout+zscore),0.9647886163350835,0.979381443298969,False,True
medium,3,any,any(sma_regime+keltner+bb_reversion),any(sma_regime+keltner+zscore),0.9671915597049177,0.9781420765027322,False,True
medium,3,any,any(sma_regime+rsi+bb_reversion),any(sma_regime+rsi+zscore),0.96520990909185,0.9792027729636048,False,True
medium,3,any,any(sma_regime+stochastic+bb_reversion),any(sma_regime+stochastic+zscore),0.9968650266077203,0.9983193277310924,False,True
medium,3,any,any(sma_regime+bb_reversion+vwap_reversion),any(sma_regime+zscore+vwap_reversion),1.0,1.0,False,True
medium,3,any,any(sma_regime+bb_reversion+ou_reversion),any(sma_regime+zscore+ou_reversion),0.967399461590657,0.9780018331805683,False,True
medium,3,any,any(sma_regime+bb_reversion+obv_trend),any(sma_regime+zscore+obv_trend),0.9453822036360803,0.9835125448028674,False,True
medium,3,any,any(adx_trend+hurst_switch+bb_reversion),any(adx_trend+hurst_switch+zscore),0.9708563596952864,0.9701492537313433,False,True
medium,3,any,any(adx_trend+vol_regime+bb_reversion),any(adx_trend+vol_regime+zscore),0.9689616979676648,0.9766309639727361,False,True
medium,3,any,any(adx_trend+breakout+bb_reversion),any(adx_trend+breakout+zscore),0.9674574005137988,0.977961432506887,False,True
medium,3,any,any(adx_trend+bb_breakout+bb_reversion),any(adx_trend+bb_breakout+zscore),0.9696996602817368,0.9756345177664975,False,True
medium,3,any,any(adx_trend+keltner+bb_reversion),any(adx_trend+keltner+zscore),0.9707555743456461,0.9726027397260274,False,True
medium,3,any,any(adx_trend+rsi+bb_reversion),any(adx_trend+rsi+zscore),0.9708107775587358,0.9721577726218097,False,True
medium,3,any,any(adx_trend+stochastic+bb_reversion),any(adx_trend+stochastic+zscore),0.997470132970808,0.9978902953586498,False,True
medium,3,any,any(adx_trend+bb_reversion+vwap_reversion),any(adx_trend+zscore+vwap_reversion),1.0,1.0,False,True
medium,3,any,any(adx_trend+bb_reversion+ou_reversion),any(adx_trend+zscore+ou_reversion),0.9708507351316129,0.9700374531835206,False,True
medium,3,any,any(adx_trend+bb_reversion+obv_trend),any(adx_trend+zscore+obv_trend),0.9584168038007786,0.9821981424148607,False,True
medium,3,any,any(hurst_switch+vol_regime+bb_reversion),any(hurst_switch+vol_regime+zscore),0.9708626357141067,0.9702970297029703,False,True
medium,3,any,any(hurst_switch+breakout+bb_reversion),any(hurst_switch+breakout+zscore),0.9683251327181189,0.9772727272727273,False,True
medium,3,any,any(hurst_switch+bb_breakout+bb_reversion),any(hurst_switch+bb_breakout+zscore),0.9704839095587865,0.9738562091503268,False,True
medium,3,any,any(hurst_switch+keltner+bb_reversion),any(hurst_switch+keltner+zscore),0.970844323097376,0.9699248120300752,False,True
medium,3,any,any(hurst_switch+rsi+bb_reversion),any(hurst_switch+rsi+zscore),0.9676828228134627,0.9576719576719577,False,True
medium,3,any,any(hurst_switch+stochastic+bb_reversion),any(hurst_switch+stochastic+zscore),0.9974394347445599,0.9969325153374233,False,True
medium,3,any,any(hurst_switch+bb_reversion+vwap_reversion),any(hurst_switch+zscore+vwap_reversion),1.0,1.0,False,True
medium,3,any,any(hurst_switch+bb_reversion+ou_reversion),any(hurst_switch+zscore+ou_reversion),0.9656090991705356,0.9523809523809523,False,True
medium,3,any,any(hurst_switch+bb_reversion+obv_trend),any(hurst_switch+zscore+obv_trend),0.962657434990528,0.9813614262560778,False,True
medium,3,any,any(vol_regime+breakout+bb_reversion),any(vol_regime+breakout+zscore),0.9651687946359626,0.9792207792207792,False,True
medium,3,any,any(vol_regime+bb_breakout+bb_reversion),any(vol_regime+bb_breakout+zscore),0.9684890163659043,0.9771210676835081,False,True
medium,3,any,any(vol_regime+keltner+bb_reversion),any(vol_regime+keltner+zscore),0.9698600138330074,0.9753593429158111,False,True
medium,3,any,any(vol_regime+rsi+bb_reversion),any(vol_regime+rsi+zscore),0.9708345469511185,0.9718969555035128,False,True
medium,3,any,any(vol_regime+stochastic+bb_reversion),any(vol_regime+stochastic+zscore),0.9975100998408916,0.9977827050997783,False,True
medium,3,any,any(vol_regime+bb_reversion+vwap_reversion),any(vol_regime+zscore+vwap_reversion),1.0,1.0,False,True
medium,3,any,any(vol_regime+bb_reversion+ou_reversion),any(vol_regime+zscore+ou_reversion),0.9708262932256312,0.9696586599241467,False,True
medium,3,any,any(vol_regime+bb_reversion+obv_trend),any(vol_regime+zscore+obv_trend),0.9559604903496521,0.9825493171471927,False,True
medium,3,any,any(breakout+bb_breakout+bb_reversion),any(breakout+bb_breakout+zscore),0.9679767289087203,0.9775700934579439,False,True
medium,3,any,any(breakout+keltner+bb_reversion),any(breakout+keltner+zscore),0.968372643776283,0.9772296015180265,False,True
medium,3,any,any(breakout+rsi+bb_reversion),any(breakout+rsi+zscore),0.9665853612432931,0.9785138764547896,False,True
medium,3,any,any(breakout+stochastic+bb_reversion),any(breakout+stochastic+zscore),0.9968650266077204,0.9983193277310924,False,True
medium,3,any,any(breakout+bb_reversion+vwap_reversion),any(breakout+zscore+vwap_reversion),1.0,1.0,False,True
medium,3,any,any(breakout+bb_reversion+ou_reversion),any(breakout+zscore+ou_reversion),0.968372643776283,0.9772296015180265,False,True
medium,3,any,any(breakout+bb_reversion+obv_trend),any(breakout+zscore+obv_trend),0.9520233244990013,0.9829881656804734,False,True
medium,3,any,any(bb_breakout+keltner+bb_reversion),any(bb_breakout+keltner+zscore),0.9703762032011395,0.9741935483870968,False,True
medium,3,any,any(bb_breakout+rsi+bb_reversion),any(bb_breakout+rsi+zscore),0.9698175718501827,0.9754350051177073,False,True
medium,3,any,any(bb_breakout+stochastic+bb_reversion),any(bb_breakout+stochastic+zscore),0.9972804375960844,0.9981203007518797,False,True
medium,3,any,any(bb_breakout+bb_reversion+vwap_reversion),any(bb_breakout+zscore+vwap_reversion),1.0,1.0,False,True
medium,3,any,any(bb_breakout+bb_reversion+ou_reversion),any(bb_breakout+zscore+ou_reversion),0.970516782729396,0.973741794310722,False,True
medium,3,any,any(bb_breakout+bb_reversion+obv_trend),any(bb_breakout+zscore+obv_trend),0.9603519950974067,0.9818611987381703,False,True
medium,3,any,any(keltner+rsi+bb_reversion),any(keltner+rsi+zscore),0.9708318835608767,0.9719298245614035,False,True
medium,3,any,any(keltner+stochastic+bb_reversion),any(keltner+stochastic+zscore),0.9974763602008612,0.9978768577494692,False,True
medium,3,any,any(keltner+bb_reversion+vwap_reversion),any(keltner+zscore+vwap_reversion),1.0,1.0,False,True
medium,3,any,any(keltner+bb_reversion+ou_reversion),any(keltner+zscore+ou_reversion),0.970829132335575,0.9696969696969697,False,True
medium,3,any,any(keltner+bb_reversion+obv_trend),any(keltner+zscore+obv_trend),0.9605008133650182,0.9818325434439179,False,True
medium,3,any,any(rsi+stochastic+bb_reversion),any(rsi+stochastic+zscore),0.997467987230504,0.9970414201183432,False,True
medium,3,any,any(rsi+bb_reversion+vwap_reversion),any(rsi+zscore+vwap_reversion),0.9999999999999999,1.0,False,True
medium,3,any,any(rsi+bb_reversion+ou_reversion),any(rsi+zscore+ou_reversion),0.9667836169631081,0.9553072625698324,False,True
medium,3,any,any(rsi+bb_reversion+obv_trend),any(rsi+zscore+obv_trend),0.9607931459168221,0.9817749603803486,False,True
medium,3,any,any(stochastic+bb_reversion+vwap_reversion),any(stochastic+zscore+vwap_reversion),1.0,1.0,False,True
medium,3,any,any(stochastic+bb_reversion+ou_reversion),any(stochastic+zscore+ou_reversion),0.9973992486824558,0.9967948717948718,False,True
medium,3,any,any(stochastic+bb_reversion+obv_trend),any(stochastic+zscore+obv_trend),0.9959091790979553,0.9984917043740573,False,True
medium,3,any,any(bb_reversion+vwap_reversion+ou_reversion),any(zscore+vwap_reversion+ou_reversion),1.0,1.0,False,True
medium,3,any,any(bb_reversion+vwap_reversion+obv_trend),any(zscore+vwap_reversion+obv_trend),1.0,1.0,False,True
medium,3,any,any(bb_reversion+ou_reversion+obv_trend),any(zscore+ou_reversion+obv_trend),0.9627793829310803,0.9813311688311688,False,True
medium,3,vote,vote(ma_crossover+macd+ichimoku),vote(macd+ma_ribbon+ichimoku),0.8834571688669554,0.8873720136518771,False,True
medium,3,vote,vote(ma_crossover+macd+ts_momentum),vote(macd+ma_ribbon+ts_momentum),0.8748580356795223,0.9294354838709677,False,True
medium,3,vote,vote(ma_crossover+macd+dual_momentum),vote(macd+ma_ribbon+dual_momentum),0.8976126005776908,0.8938775510204081,False,True
medium,3,vote,vote(ma_crossover+macd+sma_regime),vote(macd+ma_ribbon+sma_regime),0.8824075822831159,0.9110054347826086,False,True
medium,3,vote,vote(ma_crossover+macd+adx_trend),vote(macd+ma_ribbon+adx_trend),0.8589702158646192,0.8873720136518771,False,True
medium,3,vote,vote(ma_crossover+macd+hurst_switch),vote(macd+ma_ribbon+hurst_switch),0.7605888915335054,0.8938775510204081,False,False
medium,3,vote,vote(ma_crossover+macd+vol_regime),vote(macd+ma_ribbon+vol_regime),0.8483082943690868,0.9013605442176871,False,True
medium,3,vote,vote(ma_crossover+macd+breakout),vote(macd+ma_ribbon+breakout),0.8874636743357384,0.89419795221843,False,True
medium,3,vote,vote(ma_crossover+macd+bb_breakout),vote(macd+ma_ribbon+bb_breakout),0.882726838503422,0.8873720136518771,False,True
medium,3,vote,vote(ma_crossover+macd+keltner),vote(macd+ma_ribbon+keltner),0.8658332324398322,0.8873720136518771,False,True
medium,3,vote,vote(ma_crossover+macd+rsi),vote(macd+ma_ribbon+rsi),0.7278251674615722,0.9080976863753213,False,True
medium,3,vote,vote(ma_crossover+macd+stochastic),vote(macd+ma_ribbon+stochastic),0.6821172242709801,0.9574873096446701,False,True
medium,3,vote,vote(ma_crossover+macd+bb_reversion),vote(ma_crossover+macd+zscore),0.9751823875395174,0.9903907751441384,False,True
medium,3,vote,vote(ma_crossover+macd+bb_reversion),vote(macd+ma_ribbon+bb_reversion),0.6124275199881087,0.9671623296158612,False,True
medium,3,vote,vote(ma_crossover+macd+bb_reversion),vote(macd+ma_ribbon+zscore),0.6020927414956846,0.9653035935563816,False,True
medium,3,vote,vote(ma_crossover+macd+zscore),vote(macd+ma_ribbon+bb_reversion),0.5831281797535416,0.9578686493184635,False,True
medium,3,vote,vote(ma_crossover+macd+zscore),vote(macd+ma_ribbon+zscore),0.6246243925658747,0.9596523898199876,False,True
medium,3,vote,vote(macd+ma_ribbon+bb_reversion),vote(macd+ma_ribbon+zscore),0.9727856751864441,0.9981412639405205,False,True
medium,3,vote,vote(ma_crossover+macd+vwap_reversion),vote(macd+ma_ribbon+vwap_reversion),0.5838966102942388,0.9950647748303516,False,True
medium,3,vote,vote(ma_crossover+macd+ou_reversion),vote(macd+ma_ribbon+ou_reversion),0.7035190569134014,0.912532637075718,False,True
medium,3,vote,vote(ma_crossover+macd+obv_trend),vote(macd+ma_ribbon+obv_trend),0.8938878706048803,0.8981670061099797,False,True
medium,3,vote,vote(ma_crossover+ichimoku+ts_momentum),vote(ma_ribbon+ichimoku+ts_momentum),0.9321925152883993,0.7415644171779141,False,True
medium,3,vote,vote(ma_crossover+ichimoku+dual_momentum),vote(ma_ribbon+ichimoku+dual_momentum),0.9132110352586761,0.8350746268656717,False,True
medium,3,vote,vote(ma_crossover+ichimoku+sma_regime),vote(ma_ribbon+ichimoku+sma_regime),0.935383820306086,0.7096018735362998,False,True
medium,3,vote,vote(ma_crossover+ichimoku+adx_trend),vote(ma_ribbon+ichimoku+adx_trend),0.9197179719320492,0.6477541371158393,False,True
medium,3,vote,vote(ma_crossover+ichimoku+hurst_switch),vote(ma_ribbon+ichimoku+hurst_switch),0.8678257606656505,0.6442155309033281,False,True
medium,3,vote,vote(ma_crossover+ichimoku+vol_regime),vote(ma_ribbon+ichimoku+vol_regime),0.9118031760882859,0.6808176100628931,False,True
medium,3,vote,vote(ma_crossover+ichimoku+breakout),vote(ma_ribbon+ichimoku+breakout),0.9301397372653321,0.7032617342879872,False,True
medium,3,vote,vote(ma_crossover+ichimoku+bb_breakout),vote(ma_ribbon+ichimoku+bb_breakout),0.9216311581379808,0.6854646544876887,False,True
medium,3,vote,vote(ma_crossover+ichimoku+keltner),vote(ma_ribbon+ichimoku+keltner),0.9206237101255104,0.6420047732696897,False,True
medium,3,vote,vote(ma_crossover+ichimoku+rsi),vote(ma_ribbon+ichimoku+rsi),0.8277202442669083,0.7298969072164948,False,True
medium,3,vote,vote(ma_crossover+ichimoku+stochastic),vote(ma_ribbon+ichimoku+stochastic),0.8537853196799978,0.7645466847090663,False,True
medium,3,vote,vote(ma_crossover+ichimoku+bb_reversion),vote(ma_crossover+ichimoku+zscore),0.989696956658623,0.9862542955326461,False,True
medium,3,vote,vote(ma_crossover+ichimoku+bb_reversion),vote(ma_ribbon+ichimoku+bb_reversion),0.8359298777169765,0.776,False,True
medium,3,vote,vote(ma_crossover+ichimoku+bb_reversion),vote(ma_ribbon+ichimoku+zscore),0.8289370898334806,0.774,False,True
medium,3,vote,vote(ma_crossover+ichimoku+zscore),vote(ma_ribbon+ichimoku+bb_reversion),0.8190411222010763,0.7653333333333333,False,True
medium,3,vote,vote(ma_crossover+ichimoku+zscore),vote(ma_ribbon+ichimoku+zscore),0.8383411052274955,0.7668670674682698,False,True
medium,3,vote,vote(ma_ribbon+ichimoku+bb_reversion),vote(ma_ribbon+ichimoku+zscore),0.9832063402433402,0.998,False,True
medium,3,vote,vote(ma_crossover+ichimoku+vwap_reversion),vote(ma_ribbon+ichimoku+vwap_reversion),0.8584254567863843,0.8374836173001311,False,True
medium,3,vote,vote(ma_crossover+ichimoku+ou_reversion),vote(ma_ribbon+ichimoku+ou_reversion),0.8540300774877428,0.6839762611275965,False,True
medium,3,vote,vote(ma_crossover+ichimoku+obv_trend),vote(ma_ribbon+ichimoku+obv_trend),0.9097460712393138,0.8295537673738113,False,True
medium,3,vote,vote(ma_crossover+ts_momentum+dual_momentum),vote(ma_ribbon+ts_momentum+dual_momentum),0.9085948125223681,0.880760790051207,False,True
medium,3,vote,vote(ma_crossover+ts_momentum+sma_regime),vote(ma_ribbon+ts_momentum+sma_regime),0.9318973816768663,0.7660550458715596,False,True
medium,3,vote,vote(ma_crossover+ts_momentum+adx_trend),vote(ma_ribbon+ts_momentum+adx_trend),0.9130735482389899,0.7317073170731707,False,True
medium,3,vote,vote(ma_crossover+ts_momentum+hurst_switch),vote(ma_ribbon+ts_momentum+hurst_switch),0.8592750958984644,0.7333842627960275,False,True
medium,3,vote,vote(ma_crossover+ts_momentum+vol_regime),vote(ma_ribbon+ts_momentum+vol_regime),0.9065161203147523,0.7496171516079633,False,True
medium,3,vote,vote(ma_crossover+ts_momentum+breakout),vote(ma_ribbon+ts_momentum+breakout),0.9230036170858033,0.7837423312883436,False,True
medium,3,vote,vote(ma_crossover+ts_momentum+bb_breakout),vote(ma_ribbon+ts_momentum+bb_breakout),0.9136193470211801,0.7756508422664625,False,True
medium,3,vote,vote(ma_crossover+ts_momentum+keltner),vote(ma_ribbon+ts_momentum+keltner),0.9140573585199586,0.7300613496932515,False,True
medium,3,vote,vote(ma_crossover+ts_momentum+rsi),vote(ma_ribbon+ts_momentum+rsi),0.8044533828076161,0.8030707610146862,False,True
medium,3,vote,vote(ma_crossover+ts_momentum+stochastic),vote(ma_ribbon+ts_momentum+stochastic),0.8432818172634721,0.8179419525065963,False,True
medium,3,vote,vote(ma_crossover+ts_momentum+bb_reversion),vote(ma_crossover+ts_momentum+zscore),0.9899858307805647,0.9871794871794872,False,True
medium,3,vote,vote(ma_crossover+ts_momentum+bb_reversion),vote(ma_ribbon+ts_momentum+bb_reversion),0.838858983589525,0.8194353250164149,False,True
medium,3,vote,vote(ma_crossover+ts_momentum+bb_reversion),vote(ma_ribbon+ts_momentum+zscore),0.8325330255245873,0.8174655285620486,False,True
medium,3,vote,vote(ma_crossover+ts_momentum+zscore),vote(ma_ribbon+ts_momentum+bb_reversion),0.8239674644543451,0.8089297439264609,False,True
medium,3,vote,vote(ma_crossover+ts_momentum+zscore),vote(ma_ribbon+ts_momentum+zscore),0.8416209626562724,0.8105263157894737,False,True
medium,3,vote,vote(ma_ribbon+ts_momentum+bb_reversion),vote(ma_ribbon+ts_momentum+zscore),0.9856260893574328,0.9980302035456337,False,True
medium,3,vote,vote(ma_crossover+ts_momentum+vwap_reversion),vote(ma_ribbon+ts_momentum+vwap_reversion),0.855594037297798,0.8665377176015474,False,True
medium,3,vote,vote(ma_crossover+ts_momentum+ou_reversion),vote(ma_ribbon+ts_momentum+ou_reversion),0.8497628165873804,0.7507225433526011,False,True
medium,3,vote,vote(ma_crossover+ts_momentum+obv_trend),vote(ma_ribbon+ts_momentum+obv_trend),0.905189201088092,0.8785046728971962,False,True
medium,3,vote,vote(ma_crossover+dual_momentum+sma_regime),vote(ma_ribbon+dual_momentum+sma_regime),0.9117138248286237,0.8655834564254062,False,True
medium,3,vote,vote(ma_crossover+dual_momentum+adx_trend),vote(ma_ribbon+dual_momentum+adx_trend),0.8956772582318906,0.8337061894108874,False,True
medium,3,vote,vote(ma_crossover+dual_momentum+hurst_switch),vote(ma_ribbon+dual_momentum+hurst_switch),0.8253570484685628,0.8401486988847584,False,True
medium,3,vote,vote(ma_crossover+dual_momentum+vol_regime),vote(ma_ribbon+dual_momentum+vol_regime),0.883231939538284,0.851221317542561,False,True
medium,3,vote,vote(ma_crossover+dual_momentum+breakout),vote(ma_ribbon+dual_momentum+breakout),0.9152861435151466,0.841044776119403,False,True
medium,3,vote,vote(ma_crossover+dual_momentum+bb_breakout),vote(ma_ribbon+dual_momentum+bb_breakout),0.9081732818307848,0.8343283582089552,False,True
medium,3,vote,vote(ma_crossover+dual_momentum+keltner),vote(ma_ribbon+dual_momentum+keltner),0.8983642532263656,0.8335820895522388,False,True
medium,3,vote,vote(ma_crossover+dual_momentum+rsi),vote(ma_ribbon+dual_momentum+rsi),0.7606788649395325,0.8793903247183565,False,False
medium,3,vote,vote(ma_crossover+dual_momentum+stochastic),vote(ma_ribbon+dual_momentum+stochastic),0.7416502143002393,0.9216321243523317,False,True
medium,3,vote,vote(ma_crossover+dual_momentum+bb_reversion),vote(ma_crossover+dual_momentum+zscore),0.9820849251617239,0.9896907216494846,False,True
medium,3,vote,vote(ma_crossover+dual_momentum+bb_reversion),vote(ma_ribbon+dual_momentum+bb_reversion),0.7126046105373752,0.9309021113243762,False,True
medium,3,vote,vote(ma_crossover+dual_momentum+bb_reversion),vote(ma_ribbon+dual_momentum+zscore),0.7033951822194678,0.9289827255278311,False,True
medium,3,vote,vote(ma_crossover+dual_momentum+zscore),vote(ma_ribbon+dual_momentum+bb_reversion),0.6887547483189257,0.9213051823416507,False,True
medium,3,vote,vote(ma_crossover+dual_momentum+zscore),vote(ma_ribbon+dual_momentum+zscore),0.7187835975560518,0.9230769230769231,False,True
medium,3,vote,vote(ma_ribbon+dual_momentum+bb_reversion),vote(ma_ribbon+dual_momentum+zscore),0.9784520782586396,0.9980806142034548,False,True
medium,3,vote,vote(ma_crossover+dual_momentum+vwap_reversion),vote(ma_ribbon+dual_momentum+vwap_reversion),0.7212303779341974,0.966624685138539,False,True
medium,3,vote,vote(ma_crossover+dual_momentum+ou_reversion),vote(ma_ribbon+dual_momentum+ou_reversion),0.7921131681469247,0.863061797752809,False,False
medium,3,vote,vote(ma_crossover+dual_momentum+obv_trend),vote(ma_ribbon+dual_momentum+obv_trend),0.9083511671332848,0.8754473872584109,False,True
medium,3,vote,vote(ma_crossover+sma_regime+adx_trend),vote(ma_ribbon+sma_regime+adx_trend),0.914743709340218,0.7180480247869868,False,True
medium,3,vote,vote(ma_crossover+sma_regime+hurst_switch),vote(ma_ribbon+sma_regime+hurst_switch),0.8612478118879789,0.7153965785381027,False,True
medium,3,vote,vote(ma_crossover+sma_regime+vol_regime),vote(ma_ribbon+sma_regime+vol_regime),0.9150676496236128,0.7072599531615925,False,True
medium,3,vote,vote(ma_crossover+sma_regime+breakout),vote(ma_ribbon+sma_regime+breakout),0.9264367446975611,0.7650273224043715,False,True
medium,3,vote,vote(ma_crossover+sma_regime+bb_breakout),vote(ma_ribbon+sma_regime+bb_breakout),0.9180425742247924,0.7498051441932969,False,True
medium,3,vote,vote(ma_crossover+sma_regime+keltner),vote(ma_ribbon+sma_regime+keltner),0.916403330025272,0.7127244340359095,False,True
medium,3,vote,vote(ma_crossover+sma_regime+rsi),vote(ma_ribbon+sma_regime+rsi),0.8103439456851528,0.7896879240162822,False,True
medium,3,vote,vote(ma_crossover+sma_regime+stochastic),vote(ma_ribbon+sma_regime+stochastic),0.8395320022032519,0.8141711229946524,False,True
medium,3,vote,vote(ma_crossover+sma_regime+bb_reversion),vote(ma_crossover+sma_regime+zscore),0.9894596612051001,0.9871279163314561,False,True
medium,3,vote,vote(ma_crossover+sma_regime+bb_reversion),vote(ma_ribbon+sma_regime+bb_reversion),0.8296784365242813,0.8204620462046205,False,True
medium,3,vote,vote(ma_crossover+sma_regime+bb_reversion),vote(ma_ribbon+sma_regime+zscore),0.8229620403335778,0.8184818481848185,False,True
medium,3,vote,vote(ma_crossover+sma_regime+zscore),vote(ma_ribbon+sma_regime+bb_reversion),0.8137029421494996,0.80990099009901,False,True
medium,3,vote,vote(ma_crossover+sma_regime+zscore),vote(ma_ribbon+sma_regime+zscore),0.8324636576547717,0.8115079365079365,False,True
medium,3,vote,vote(ma_ribbon+sma_regime+bb_reversion),vote(ma_ribbon+sma_regime+zscore),0.9845846576202251,0.998019801980198,False,True
medium,3,vote,vote(ma_crossover+sma_regime+vwap_reversion),vote(ma_ribbon+sma_regime+vwap_reversion),0.8472630577796835,0.8703823720025924,False,True
medium,3,vote,vote(ma_crossover+sma_regime+ou_reversion),vote(ma_ribbon+sma_regime+ou_reversion),0.8463839409356317,0.7439824945295405,False,True
medium,3,vote,vote(ma_crossover+sma_regime+obv_trend),vote(ma_ribbon+sma_regime+obv_trend),0.9091931300007191,0.8594319009468318,False,True
medium,3,vote,vote(ma_crossover+adx_trend+hurst_switch),vote(ma_ribbon+adx_trend+hurst_switch),0.8225835396374972,0.6255886970172685,False,True
medium,3,vote,vote(ma_crossover+adx_trend+vol_regime),vote(ma_ribbon+adx_trend+vol_regime),0.8745578427753856,0.6822429906542056,False,True
medium,3,vote,vote(ma_crossover+adx_trend+breakout),vote(ma_ribbon+adx_trend+breakout),0.9129864336342208,0.7029156816390859,False,True
medium,3,vote,vote(ma_crossover+adx_trend+bb_breakout),vote(ma_ribbon+adx_trend+bb_breakout),0.9040691521119519,0.6834645669291338,False,True
medium,3,vote,vote(ma_crossover+adx_trend+keltner),vote(ma_ribbon+adx_trend+keltner),0.9034711351876505,0.6272655634357762,False,True
medium,3,vote,vote(ma_crossover+adx_trend+rsi),vote(ma_ribbon+adx_trend+rsi),0.7660481879484045,0.7126279863481229,False,False
medium,3,vote,vote(ma_crossover+adx_trend+stochastic),vote(ma_ribbon+adx_trend+stochastic),0.7984150979448054,0.7479838709677419,False,False
medium,3,vote,vote(ma_crossover+adx_trend+bb_reversion),vote(ma_crossover+adx_trend+zscore),0.9866637177938646,0.9860627177700348,False,True
medium,3,vote,vote(ma_crossover+adx_trend+bb_reversion),vote(ma_ribbon+adx_trend+bb_reversion),0.7798973469218295,0.7592592592592593,False,False
medium,3,vote,vote(ma_crossover+adx_trend+bb_reversion),vote(ma_ribbon+adx_trend+zscore),0.7708663688515695,0.7572751322751323,False,False
medium,3,vote,vote(ma_crossover+adx_trend+zscore),vote(ma_ribbon+adx_trend+bb_reversion),0.7563828088288728,0.7486772486772487,False,False
medium,3,vote,vote(ma_crossover+adx_trend+zscore),vote(ma_ribbon+adx_trend+zscore),0.781511000246796,0.7501656726308814,False,False
medium,3,vote,vote(ma_ribbon+adx_trend+bb_reversion),vote(ma_ribbon+adx_trend+zscore),0.9780887287903918,0.998015873015873,False,True
medium,3,vote,vote(ma_crossover+adx_trend+vwap_reversion),vote(ma_ribbon+adx_trend+vwap_reversion),0.8077809913991708,0.8205461638491548,False,True
medium,3,vote,vote(ma_crossover+adx_trend+ou_reversion),vote(ma_ribbon+adx_trend+ou_reversion),0.7983853100835906,0.6661764705882353,False,False
medium,3,vote,vote(ma_crossover+adx_trend+obv_trend),vote(ma_ribbon+adx_trend+obv_trend),0.891289030203857,0.8295537673738113,False,True
medium,3,vote,vote(ma_crossover+hurst_switch+vol_regime),vote(ma_ribbon+hurst_switch+vol_regime),0.8032711410889455,0.6781519185591229,False,True
medium,3,vote,vote(ma_crossover+hurst_switch+breakout),vote(ma_ribbon+hurst_switch+breakout),0.8528748849149443,0.7060221870047544,False,True
medium,3,vote,vote(ma_crossover+hurst_switch+bb_breakout),vote(ma_ribbon+hurst_switch+bb_breakout),0.8302866796973181,0.6867088607594937,False,True
medium,3,vote,vote(ma_crossover+hurst_switch+keltner),vote(ma_ribbon+hurst_switch+keltner),0.8209945780629696,0.6275752773375595,False,True
medium,3,vote,vote(ma_crossover+hurst_switch+rsi),vote(ma_ribbon+hurst_switch+rsi),0.5586370231960887,0.7024054982817869,False,False
medium,3,vote,vote(ma_crossover+hurst_switch+stochastic),vote(ma_ribbon+hurst_switch+stochastic),0.6955529800359364,0.7395411605937922,False,False
medium,3,vote,vote(ma_crossover+hurst_switch+bb_reversion),vote(ma_crossover+hurst_switch+zscore),0.9801612532950186,0.9857397504456328,False,True
medium,3,vote,vote(ma_crossover+hurst_switch+bb_reversion),vote(ma_ribbon+hurst_switch+bb_reversion),0.6694110081861524,0.748,False,False
medium,3,vote,vote(ma_crossover+hurst_switch+bb_reversion),vote(ma_ribbon+hurst_switch+zscore),0.6540601828678282,0.746,False,False
medium,3,vote,vote(ma_crossover+hurst_switch+zscore),vote(ma_ribbon+hurst_switch+bb_reversion),0.6332866936826627,0.7373333333333333,False,False
medium,3,vote,vote(ma_crossover+hurst_switch+zscore),vote(ma_ribbon+hurst_switch+zscore),0.665555975245471,0.738810955243821,False,False
medium,3,vote,vote(ma_ribbon+hurst_switch+bb_reversion),vote(ma_ribbon+hurst_switch+zscore),0.9713106341750973,0.998,False,True
medium,3,vote,vote(ma_crossover+hurst_switch+vwap_reversion),vote(ma_ribbon+hurst_switch+vwap_reversion),0.7450407002236982,0.8099606815203145,False,False
medium,3,vote,vote(ma_crossover+hurst_switch+ou_reversion),vote(ma_ribbon+hurst_switch+ou_reversion),0.6276061386389736,0.6585185185185185,False,False
medium,3,vote,vote(ma_crossover+hurst_switch+obv_trend),vote(ma_ribbon+hurst_switch+obv_trend),0.8162842460516422,0.8360058309037901,False,True
medium,3,vote,vote(ma_crossover+vol_regime+breakout),vote(ma_ribbon+vol_regime+breakout),0.9007558982141752,0.7358490566037735,False,True
medium,3,vote,vote(ma_crossover+vol_regime+bb_breakout),vote(ma_ribbon+vol_regime+bb_breakout),0.8888439122428022,0.7197802197802198,False,True
medium,3,vote,vote(ma_crossover+vol_regime+keltner),vote(ma_ribbon+vol_regime+keltner),0.8820300056347682,0.6792452830188679,False,True
medium,3,vote,vote(ma_crossover+vol_regime+rsi),vote(ma_ribbon+vol_regime+rsi),0.7397680230039184,0.757679180887372,False,False
medium,3,vote,vote(ma_crossover+vol_regime+stochastic),vote(ma_ribbon+vol_regime+stochastic),0.8002546977569066,0.7841291190316073,False,True
medium,3,vote,vote(ma_crossover+vol_regime+bb_reversion),vote(ma_crossover+vol_regime+zscore),0.9863164780397622,0.9867330016583747,False,True
medium,3,vote,vote(ma_crossover+vol_regime+bb_reversion),vote(ma_ribbon+vol_regime+bb_reversion),0.7772316290948518,0.7997347480106101,False,False
medium,3,vote,vote(ma_crossover+vol_regime+bb_reversion),vote(ma_ribbon+vol_regime+zscore),0.7684881356035412,0.7977453580901857,False,False
medium,3,vote,vote(ma_crossover+vol_regime+zscore),vote(ma_ribbon+vol_regime+bb_reversion),0.7551725370596403,0.7891246684350133,False,False
medium,3,vote,vote(ma_crossover+vol_regime+zscore),vote(ma_ribbon+vol_regime+zscore),0.7784589995394582,0.7906976744186046,False,False
medium,3,vote,vote(ma_ribbon+vol_regime+bb_reversion),vote(ma_ribbon+vol_regime+zscore),0.9812270712483181,0.9980106100795756,False,True
medium,3,vote,vote(ma_crossover+vol_regime+vwap_reversion),vote(ma_ribbon+vol_regime+vwap_reversion),0.8152355394007478,0.8489583333333334,False,True
medium,3,vote,vote(ma_crossover+vol_regime+ou_reversion),vote(ma_ribbon+vol_regime+ou_reversion),0.7864376043143184,0.7121879588839941,False,False
medium,3,vote,vote(ma_crossover+vol_regime+obv_trend),vote(ma_ribbon+vol_regime+obv_trend),0.8796833219853345,0.8462099125364432,False,True
medium,3,vote,vote(ma_crossover+breakout+bb_breakout),vote(ma_ribbon+breakout+bb_breakout),0.9215281868011654,0.7053216838760922,False,True
medium,3,vote,vote(ma_crossover+breakout+keltner),vote(ma_ribbon+breakout+keltner),0.9151792144938784,0.6976929196499603,False,True
medium,3,vote,vote(ma_crossover+breakout+rsi),vote(ma_ribbon+breakout+rsi),0.7996818443160558,0.7835051546391752,False,False
medium,3,vote,vote(ma_crossover+breakout+stochastic),vote(ma_ribbon+breakout+stochastic),0.8151751367234987,0.8146143437077131,False,True
medium,3,vote,vote(ma_crossover+breakout+bb_reversion),vote(ma_crossover+breakout+zscore),0.987757861593351,0.9871175523349437,False,True
medium,3,vote,vote(ma_crossover+breakout+bb_reversion),vote(ma_ribbon+breakout+bb_reversion),0.7997556992839066,0.828,False,False
medium,3,vote,vote(ma_crossover+breakout+bb_reversion),vote(ma_ribbon+breakout+zscore),0.7920464852995476,0.826,False,False
medium,3,vote,vote(ma_crossover+breakout+zscore),vote(ma_ribbon+breakout+bb_reversion),0.7808780284120412,0.8173333333333334,False,False
medium,3,vote,vote(ma_crossover+breakout+zscore),vote(ma_ribbon+breakout+zscore),0.8026085252014472,0.8189712758851035,False,True
medium,3,vote,vote(ma_ribbon+breakout+bb_reversion),vote(ma_ribbon+breakout+zscore),0.9822757250978121,0.998,False,True
medium,3,vote,vote(ma_crossover+breakout+vwap_reversion),vote(ma_ribbon+breakout+vwap_reversion),0.8196889658377922,0.8820445609436435,False,True
medium,3,vote,vote(ma_crossover+breakout+ou_reversion),vote(ma_ribbon+breakout+ou_reversion),0.830850370293074,0.7418397626112759,False,True
medium,3,vote,vote(ma_crossover+breakout+obv_trend),vote(ma_ribbon+breakout+obv_trend),0.9108063023804084,0.8354059985369422,False,True
medium,3,vote,vote(ma_crossover+bb_breakout+keltner),vote(ma_ribbon+bb_breakout+keltner),0.9086962678367534,0.6783161239078633,False,True
medium,3,vote,vote(ma_crossover+bb_breakout+rsi),vote(ma_ribbon+bb_breakout+rsi),0.7692104316628305,0.7666437886067261,False,False
medium,3,vote,vote(ma_crossover+bb_breakout+stochastic),vote(ma_ribbon+bb_breakout+stochastic),0.7915375831374136,0.8013513513513514,False,False
medium,3,vote,vote(ma_crossover+bb_breakout+bb_reversion),vote(ma_crossover+bb_breakout+zscore),0.9862688309927218,0.9868744872846595,False,True
medium,3,vote,vote(ma_crossover+bb_breakout+bb_reversion),vote(ma_ribbon+bb_breakout+bb_reversion),0.7746628560681869,0.8115845539280959,False,False
medium,3,vote,vote(ma_crossover+bb_breakout+bb_reversion),vote(ma_ribbon+bb_breakout+zscore),0.7659056154922039,0.8095872170439414,False,False
medium,3,vote,vote(ma_crossover+bb_breakout+zscore),vote(ma_ribbon+bb_breakout+bb_reversion),0.7527731209725949,0.8009320905459387,False,False
medium,3,vote,vote(ma_crossover+bb_breakout+zscore),vote(ma_ribbon+bb_breakout+zscore),0.7767331068578518,0.8025350233488993,False,False
medium,3,vote,vote(ma_ribbon+bb_breakout+bb_reversion),vote(ma_ribbon+bb_breakout+zscore),0.9804814483246173,0.9980026631158455,False,True
medium,3,vote,vote(ma_crossover+bb_breakout+vwap_reversion),vote(ma_ribbon+bb_breakout+vwap_reversion),0.7770044019417844,0.8723821989528796,False,False
medium,3,vote,vote(ma_crossover+bb_breakout+ou_reversion),vote(ma_ribbon+bb_breakout+ou_reversion),0.8051829908398302,0.7237037037037037,False,True
medium,3,vote,vote(ma_crossover+bb_breakout+obv_trend),vote(ma_ribbon+bb_breakout+obv_trend),0.9047036907587297,0.8295537673738113,False,True
medium,3,vote,vote(ma_crossover+keltner+rsi),vote(ma_ribbon+keltner+rsi),0.7644967213104144,0.7154639175257732,False,False
medium,3,vote,vote(ma_crossover+keltner+stochastic),vote(ma_ribbon+keltner+stochastic),0.7969523719876248,0.7510148849797023,False,False
medium,3,vote,vote(ma_crossover+keltner+bb_reversion),vote(ma_crossover+keltner+zscore),0.9866645406639764,0.9860017497812773,False,True
medium,3,vote,vote(ma_crossover+keltner+bb_reversion),vote(ma_ribbon+keltner+bb_reversion),0.7801425533587553,0.762,False,False
medium,3,vote,vote(ma_crossover+keltner+bb_reversion),vote(ma_ribbon+keltner+zscore),0.7712007555790937,0.76,False,False
medium,3,vote,vote(ma_crossover+keltner+zscore),vote(ma_ribbon+keltner+bb_reversion),0.7569282923640336,0.7513333333333333,False,False
medium,3,vote,vote(ma_crossover+keltner+zscore),vote(ma_ribbon+keltner+zscore),0.7815390645214547,0.7528390113560455,False,False
medium,3,vote,vote(ma_ribbon+keltner+bb_reversion),vote(ma_ribbon+keltner+zscore),0.9788589890799404,0.998,False,True
medium,3,vote,vote(ma_crossover+keltner+vwap_reversion),vote(ma_ribbon+keltner+vwap_reversion),0.7928008730462667,0.8237221494102228,False,False
medium,3,vote,vote(ma_crossover+keltner+ou_reversion),vote(ma_ribbon+keltner+ou_reversion),0.7979107100599551,0.6683976261127597,False,False
medium,3,vote,vote(ma_crossover+keltner+obv_trend),vote(ma_ribbon+keltner+obv_trend),0.8940370355757528,0.8295537673738113,False,True
medium,3,vote,vote(ma_crossover+rsi+stochastic),vote(ma_ribbon+rsi+stochastic),0.7395336037087864,0.7718954248366013,False,False
medium,3,vote,vote(ma_crossover+rsi+bb_reversion),vote(ma_crossover+rsi+zscore),0.9840841317986142,0.9864978902953586,False,True
medium,3,vote,vote(ma_crossover+rsi+bb_reversion),vote(ma_ribbon+rsi+bb_reversion),0.7389604533951464,0.7765399737876802,False,False
medium,3,vote,vote(ma_crossover+rsi+bb_reversion),vote(ma_ribbon+rsi+zscore),0.7282985130961971,0.7745740498034076,False,False
medium,3,vote,vote(ma_crossover+rsi+zscore),vote(ma_ribbon+rsi+bb_reversion),0.7125903007630066,0.7660550458715596,False,False
medium,3,vote,vote(ma_crossover+rsi+zscore),vote(ma_ribbon+rsi+zscore),0.7393257875215475,0.767564018384767,False,False
medium,3,vote,vote(ma_ribbon+rsi+bb_reversion),vote(ma_ribbon+rsi+zscore),0.9779886395035777,0.9980340760157274,False,True
medium,3,vote,vote(ma_crossover+rsi+vwap_reversion),vote(ma_ribbon+rsi+vwap_reversion),0.7618786909826099,0.834403080872914,False,False
medium,3,vote,vote(ma_crossover+rsi+ou_reversion),vote(ma_ribbon+rsi+ou_reversion),0.5920966033014079,0.7276995305164319,False,False
medium,3,vote,vote(ma_crossover+rsi+obv_trend),vote(ma_ribbon+rsi+obv_trend),0.7400348703887014,0.8771929824561403,False,False
medium,3,vote,vote(ma_crossover+stochastic+bb_reversion),vote(ma_crossover+stochastic+zscore),0.9888179030692362,0.9983319432860718,False,True
medium,3,vote,vote(ma_crossover+stochastic+bb_reversion),vote(ma_ribbon+stochastic+bb_reversion),0.8231304457599748,0.7790773229369721,False,True
medium,3,vote,vote(ma_crossover+stochastic+bb_reversion),vote(ma_ribbon+stochastic+zscore),0.8149916975908683,0.7790773229369721,False,True
medium,3,vote,vote(ma_crossover+stochastic+zscore),vote(ma_ribbon+stochastic+bb_reversion),0.7992402002682674,0.7777777777777778,False,False
medium,3,vote,vote(ma_crossover+stochastic+zscore),vote(ma_ribbon+stochastic+zscore),0.8163102867224337,0.7777777777777778,False,True
medium,3,vote,vote(ma_ribbon+stochastic+bb_reversion),vote(ma_ribbon+stochastic+zscore),0.9856545300017406,1.0,False,True
medium,3,vote,vote(ma_crossover+stochastic+vwap_reversion),vote(ma_ribbon+stochastic+vwap_reversion),0.851710634140922,0.8181818181818182,False,True
medium,3,vote,vote(ma_crossover+stochastic+ou_reversion),vote(ma_ribbon+stochastic+ou_reversion),0.7198293243169367,0.7593688362919132,False,False
medium,3,vote,vote(ma_crossover+stochastic+obv_trend),vote(ma_ribbon+stochastic+obv_trend),0.7579250500184794,0.9098573281452659,False,True
medium,3,vote,vote(ma_crossover+bb_reversion+vwap_reversion),vote(ma_crossover+zscore+vwap_reversion),0.9905314063592613,1.0,False,True
medium,3,vote,vote(ma_crossover+bb_reversion+vwap_reversion),vote(ma_ribbon+bb_reversion+vwap_reversion),0.8525343879712133,0.8143322475570033,False,True
medium,3,vote,vote(ma_crossover+bb_reversion+vwap_reversion),vote(ma_ribbon+zscore+vwap_reversion),0.8460781574928735,0.8143322475570033,False,True
medium,3,vote,vote(ma_crossover+zscore+vwap_reversion),vote(ma_ribbon+bb_reversion+vwap_reversion),0.8340976469579865,0.8143322475570033,False,True
medium,3,vote,vote(ma_crossover+zscore+vwap_reversion),vote(ma_ribbon+zscore+vwap_reversion),0.8484993442853886,0.8143322475570033,False,True
medium,3,vote,vote(ma_ribbon+bb_reversion+vwap_reversion),vote(ma_ribbon+zscore+vwap_reversion),0.9884509932595037,1.0,False,True
medium,3,vote,vote(ma_crossover+bb_reversion+ou_reversion),vote(ma_crossover+zscore+ou_reversion),0.984885128198869,0.9857397504456328,False,True
medium,3,vote,vote(ma_crossover+bb_reversion+ou_reversion),vote(ma_ribbon+bb_reversion+ou_reversion),0.7547113200569873,0.748,False,False
medium,3,vote,vote(ma_crossover+bb_reversion+ou_reversion),vote(ma_ribbon+zscore+ou_reversion),0.744453479100978,0.746,False,False
medium,3,vote,vote(ma_crossover+zscore+ou_reversion),vote(ma_ribbon+bb_reversion+ou_reversion),0.7290698618331649,0.7373333333333333,False,False
medium,3,vote,vote(ma_crossover+zscore+ou_reversion),vote(ma_ribbon+zscore+ou_reversion),0.7538534003379427,0.738810955243821,False,False
medium,3,vote,vote(ma_ribbon+bb_reversion+ou_reversion),vote(ma_ribbon+zscore+ou_reversion),0.9796456722155774,0.998,False,True
medium,3,vote,vote(ma_crossover+bb_reversion+obv_trend),vote(ma_crossover+zscore+obv_trend),0.9810913563509472,0.9891156462585035,False,True
medium,3,vote,vote(ma_crossover+bb_reversion+obv_trend),vote(ma_ribbon+bb_reversion+obv_trend),0.6910599378134815,0.9251101321585903,False,True
medium,3,vote,vote(ma_crossover+bb_reversion+obv_trend),vote(ma_ribbon+zscore+obv_trend),0.6810966531637278,0.9232221522970422,False,True
medium,3,vote,vote(ma_crossover+zscore+obv_trend),vote(ma_ribbon+bb_reversion+obv_trend),0.6657622698363402,0.9150409062303335,False,True
medium,3,vote,vote(ma_crossover+zscore+obv_trend),vote(ma_ribbon+zscore+obv_trend),0.6982312355269193,0.9167717528373266,False,True
medium,3,vote,vote(ma_ribbon+bb_reversion+obv_trend),vote(ma_ribbon+zscore+obv_trend),0.9761210040909886,0.9981120201384519,False,True
medium,3,vote,vote(ma_crossover+vwap_reversion+ou_reversion),vote(ma_ribbon+vwap_reversion+ou_reversion),0.7820073937192985,0.8124183006535948,False,False
medium,3,vote,vote(ma_crossover+vwap_reversion+obv_trend),vote(ma_ribbon+vwap_reversion+obv_trend),0.7051735821887269,0.9668542839274546,False,True
medium,3,vote,vote(ma_crossover+ou_reversion+obv_trend),vote(ma_ribbon+ou_reversion+obv_trend),0.7765240300471469,0.8601928374655647,False,False
medium,3,vote,vote(macd+ichimoku+bb_reversion),vote(macd+ichimoku+zscore),0.9797424351530443,0.9842896174863388,False,True
medium,3,vote,vote(macd+ts_momentum+bb_reversion),vote(macd+ts_momentum+zscore),0.9820709007520869,0.9844804318488529,False,True
medium,3,vote,vote(macd+dual_momentum+bb_reversion),vote(macd+dual_momentum+zscore),0.9873848447195815,0.9838709677419355,False,True
medium,3,vote,vote(macd+sma_regime+bb_reversion),vote(macd+sma_regime+zscore),0.9821429640272579,0.9843217450579413,False,True
medium,3,vote,vote(macd+adx_trend+bb_reversion),vote(macd+adx_trend+zscore),0.9806102388652927,0.9829629629629629,False,True
medium,3,vote,vote(macd+hurst_switch+bb_reversion),vote(macd+hurst_switch+zscore),0.9766590337262221,0.9814963797264682,False,True
medium,3,vote,vote(macd+vol_regime+bb_reversion),vote(macd+vol_regime+zscore),0.9818477553175825,0.9829123328380386,False,True
medium,3,vote,vote(macd+breakout+bb_reversion),vote(macd+breakout+zscore),0.9827553781252024,0.9837914023960536,False,True
medium,3,vote,vote(macd+bb_breakout+bb_reversion),vote(macd+bb_breakout+zscore),0.9849181753849371,0.982496194824962,False,True
medium,3,vote,vote(macd+keltner+bb_reversion),vote(macd+keltner+zscore),0.9823789882796456,0.9825095057034221,False,True
medium,3,vote,vote(macd+rsi+bb_reversion),vote(macd+rsi+zscore),0.9874505240964876,0.9814366424535916,False,True
medium,3,vote,vote(macd+stochastic+bb_reversion),vote(macd+stochastic+zscore),0.9866240202169813,0.9985141158989599,False,True
medium,3,vote,vote(macd+bb_reversion+vwap_reversion),vote(macd+zscore+vwap_reversion),0.9853839751154292,1.0,False,True
medium,3,vote,vote(macd+bb_reversion+ou_reversion),vote(macd+zscore+ou_reversion),0.982910410763369,0.9814366424535916,False,True
medium,3,vote,vote(macd+bb_reversion+obv_trend),vote(macd+zscore+obv_trend),0.9872756769588038,0.9838827838827838,False,True
medium,3,vote,vote(ichimoku+ts_momentum+bb_reversion),vote(ichimoku+ts_momentum+zscore),0.9896087790637594,0.9795744680851064,False,True
medium,3,vote,vote(ichimoku+dual_momentum+bb_reversion),vote(ichimoku+dual_momentum+zscore),0.9832907299600948,0.9832727272727273,False,True
medium,3,vote,vote(ichimoku+sma_regime+bb_reversion),vote(ichimoku+sma_regime+zscore),0.9899871578415749,0.9787234042553191,False,True
medium,3,vote,vote(ichimoku+adx_trend+bb_reversion),vote(ichimoku+adx_trend+zscore),0.9861411056472655,0.9773156899810964,False,True
medium,3,vote,vote(ichimoku+hurst_switch+bb_reversion),vote(ichimoku+hurst_switch+zscore),0.9772357820700148,0.9763779527559056,False,True
medium,3,vote,vote(ichimoku+vol_regime+bb_reversion),vote(ichimoku+vol_regime+zscore),0.9863455108610132,0.977961432506887,False,True
medium,3,vote,vote(ichimoku+breakout+bb_reversion),vote(ichimoku+breakout+zscore),0.9878861885724568,0.9793103448275862,False,True
medium,3,vote,vote(ichimoku+bb_breakout+bb_reversion),vote(ichimoku+bb_breakout+zscore),0.9868060851346615,0.9783393501805054,False,True
medium,3,vote,vote(ichimoku+keltner+bb_reversion),vote(ichimoku+keltner+zscore),0.9867313238276642,0.9767666989351403,False,True
medium,3,vote,vote(ichimoku+rsi+bb_reversion),vote(ichimoku+rsi+zscore),0.9836843964645573,0.9777571825764597,False,True
medium,3,vote,vote(ichimoku+stochastic+bb_reversion),vote(ichimoku+stochastic+zscore),0.9870968546656433,0.998220640569395,False,True
medium,3,vote,vote(ichimoku+bb_reversion+vwap_reversion),vote(ichimoku+zscore+vwap_reversion),0.9883459889750807,1.0,False,True
medium,3,vote,vote(ichimoku+bb_reversion+ou_reversion),vote(ichimoku+zscore+ou_reversion),0.9833367883340529,0.9763779527559056,False,True
medium,3,vote,vote(ichimoku+bb_reversion+obv_trend),vote(ichimoku+zscore+obv_trend),0.9823989377448183,0.9834651329978433,False,True
medium,3,vote,vote(ts_momentum+dual_momentum+bb_reversion),vote(ts_momentum+dual_momentum+zscore),0.9851110554627578,0.9835948644793152,False,True
medium,3,vote,vote(ts_momentum+sma_regime+bb_reversion),vote(ts_momentum+sma_regime+zscore),0.9906859595687908,0.9800166527893422,False,True
medium,3,vote,vote(ts_momentum+adx_trend+bb_reversion),vote(ts_momentum+adx_trend+zscore),0.9870648315364045,0.9789473684210527,False,True
medium,3,vote,vote(ts_momentum+hurst_switch+bb_reversion),vote(ts_momentum+hurst_switch+zscore),0.9814201185082617,0.9782411604714415,False,True
medium,3,vote,vote(ts_momentum+vol_regime+bb_reversion),vote(ts_momentum+vol_regime+zscore),0.9876827730264539,0.979539641943734,False,True
medium,3,vote,vote(ts_momentum+breakout+bb_reversion),vote(ts_momentum+breakout+zscore),0.9877129059060852,0.9808153477218226,False,True
medium,3,vote,vote(ts_momentum+bb_breakout+bb_reversion),vote(ts_momentum+bb_breakout+zscore),0.9868603771424143,0.9800995024875622,False,True
medium,3,vote,vote(ts_momentum+keltner+bb_reversion),vote(ts_momentum+keltner+zscore),0.9875017922970568,0.9785522788203753,False,True
medium,3,vote,vote(ts_momentum+rsi+bb_reversion),vote(ts_momentum+rsi+zscore),0.9853607778032457,0.9793637145313844,False,True
medium,3,vote,vote(ts_momentum+stochastic+bb_reversion),vote(ts_momentum+stochastic+zscore),0.9886490025073086,0.9983108108108109,False,True
medium,3,vote,vote(ts_momentum+bb_reversion+vwap_reversion),vote(ts_momentum+zscore+vwap_reversion),0.9900900230010066,1.0,False,True
medium,3,vote,vote(ts_momentum+bb_reversion+ou_reversion),vote(ts_momentum+zscore+ou_reversion),0.9864993042194714,0.9781818181818182,False,True
medium,3,vote,vote(ts_momentum+bb_reversion+obv_trend),vote(ts_momentum+zscore+obv_trend),0.9846324071196039,0.9836879432624114,False,True
medium,3,vote,vote(dual_momentum+sma_regime+bb_reversion),vote(dual_momentum+sma_regime+zscore),0.9847502722379907,0.9834293948126801,False,True
medium,3,vote,vote(dual_momentum+adx_trend+bb_reversion),vote(dual_momentum+adx_trend+zscore),0.9822853693272714,0.9820732657833203,False,True
medium,3,vote,vote(dual_momentum+hurst_switch+bb_reversion),vote(dual_momentum+hurst_switch+zscore),0.971640180013482,0.9814366424535916,False,True
medium,3,vote,vote(dual_momentum+vol_regime+bb_reversion),vote(dual_momentum+vol_regime+zscore),0.9812271941424618,0.9825625473843821,False,True
medium,3,vote,vote(dual_momentum+breakout+bb_reversion),vote(dual_momentum+breakout+zscore),0.9856024084795962,0.9826415094339622,False,True
medium,3,vote,vote(dual_momentum+bb_breakout+bb_reversion),vote(dual_momentum+bb_breakout+zscore),0.9857185263431946,0.9817315329626688,False,True
medium,3,vote,vote(dual_momentum+keltner+bb_reversion),vote(dual_momentum+keltner+zscore),0.9833899695262696,0.981687898089172,False,True
medium,3,vote,vote(dual_momentum+rsi+bb_reversion),vote(dual_momentum+rsi+zscore),0.9823540457931911,0.9817893903404592,False,True
medium,3,vote,vote(dual_momentum+stochastic+bb_reversion),vote(dual_momentum+stochastic+zscore),0.9817790758864892,0.999266862170088,False,True
medium,3,vote,vote(dual_momentum+bb_reversion+vwap_reversion),vote(dual_momentum+zscore+vwap_reversion),0.9819196128760665,1.0,False,True
medium,3,vote,vote(dual_momentum+bb_reversion+ou_reversion),vote(dual_momentum+zscore+ou_reversion),0.9796666908470323,0.9814066289409863,False,True
medium,3,vote,vote(dual_momentum+bb_reversion+obv_trend),vote(dual_momentum+zscore+obv_trend),0.9858053091126818,0.984081041968162,False,True
medium,3,vote,vote(sma_regime+adx_trend+bb_reversion),vote(sma_regime+adx_trend+zscore),0.9863976120735376,0.9787234042553191,False,True
medium,3,vote,vote(sma_regime+hurst_switch+bb_reversion),vote(sma_regime+hurst_switch+zscore),0.9792312206754024,0.9780018331805683,False,True
medium,3,vote,vote(sma_regime+vol_regime+bb_reversion),vote(sma_regime+vol_regime+zscore),0.9888599507339535,0.9780018331805683,False,True
medium,3,vote,vote(sma_regime+breakout+bb_reversion),vote(sma_regime+breakout+zscore),0.9879668137656865,0.9802631578947368,False,True
medium,3,vote,vote(sma_regime+bb_breakout+bb_reversion),vote(sma_regime+bb_breakout+zscore),0.9871933161674369,0.979381443298969,False,True
medium,3,vote,vote(sma_regime+keltner+bb_reversion),vote(sma_regime+keltner+zscore),0.9871277551747644,0.9781420765027322,False,True
medium,3,vote,vote(sma_regime+rsi+bb_reversion),vote(sma_regime+rsi+zscore),0.9842403185504344,0.9792027729636048,False,True
medium,3,vote,vote(sma_regime+stochastic+bb_reversion),vote(sma_regime+stochastic+zscore),0.9873281890658766,0.9983193277310924,False,True
medium,3,vote,vote(sma_regime+bb_reversion+vwap_reversion),vote(sma_regime+zscore+vwap_reversion),0.9886849819909364,1.0,False,True
medium,3,vote,vote(sma_regime+bb_reversion+ou_reversion),vote(sma_regime+zscore+ou_reversion),0.9845670304310828,0.9780018331805683,False,True
medium,3,vote,vote(sma_regime+bb_reversion+obv_trend),vote(sma_regime+zscore+obv_trend),0.984528842803588,0.9835125448028674,False,True
medium,3,vote,vote(adx_trend+hurst_switch+bb_reversion),vote(adx_trend+hurst_switch+zscore),0.9762359149586352,0.9701492537313433,False,True
medium,3,vote,vote(adx_trend+vol_regime+bb_reversion),vote(adx_trend+vol_regime+zscore),0.9803553257023246,0.9766309639727361,False,True
medium,3,vote,vote(adx_trend+breakout+bb_reversion),vote(adx_trend+breakout+zscore),0.9854916592002386,0.977961432506887,False,True
medium,3,vote,vote(adx_trend+bb_breakout+bb_reversion),vote(adx_trend+bb_breakout+zscore),0.9854476489853883,0.9756345177664975,False,True
medium,3,vote,vote(adx_trend+keltner+bb_reversion),vote(adx_trend+keltner+zscore),0.9859106064179352,0.9726027397260274,False,True
medium,3,vote,vote(adx_trend+rsi+bb_reversion),vote(adx_trend+rsi+zscore),0.9847778703856535,0.9721577726218097,False,True
medium,3,vote,vote(adx_trend+stochastic+bb_reversion),vote(adx_trend+stochastic+zscore),0.9871655199289483,0.9978902953586498,False,True
medium,3,vote,vote(adx_trend+bb_reversion+vwap_reversion),vote(adx_trend+zscore+vwap_reversion),0.9883967101222351,1.0,False,True
medium,3,vote,vote(adx_trend+bb_reversion+ou_reversion),vote(adx_trend+zscore+ou_reversion),0.9830613989310591,0.9700374531835206,False,True
medium,3,vote,vote(adx_trend+bb_reversion+obv_trend),vote(adx_trend+zscore+obv_trend),0.9816435736872391,0.9821981424148607,False,True
medium,3,vote,vote(hurst_switch+vol_regime+bb_reversion),vote(hurst_switch+vol_regime+zscore),0.9785798124149828,0.9702970297029703,False,True
medium,3,vote,vote(hurst_switch+breakout+bb_reversion),vote(hurst_switch+breakout+zscore),0.9748044139662388,0.9772727272727273,False,True
medium,3,vote,vote(hurst_switch+bb_breakout+bb_reversion),vote(hurst_switch+bb_breakout+zscore),0.9755825172497126,0.9738562091503268,False,True
medium,3,vote,vote(hurst_switch+keltner+bb_reversion),vote(hurst_switch+keltner+zscore),0.9759573010923115,0.9699248120300752,False,True
medium,3,vote,vote(hurst_switch+rsi+bb_reversion),vote(hurst_switch+rsi+zscore),0.9864275968588678,0.9576719576719577,False,True
medium,3,vote,vote(hurst_switch+stochastic+bb_reversion),vote(hurst_switch+stochastic+zscore),0.9891512512640313,0.9969325153374233,False,True
medium,3,vote,vote(hurst_switch+bb_reversion+vwap_reversion),vote(hurst_switch+zscore+vwap_reversion),0.9905520998988183,1.0,False,True
medium,3,vote,vote(hurst_switch+bb_reversion+ou_reversion),vote(hurst_switch+zscore+ou_reversion),0.984157477903696,0.9523809523809523,False,True
medium,3,vote,vote(hurst_switch+bb_reversion+obv_trend),vote(hurst_switch+zscore+obv_trend),0.9715707555857053,0.9813614262560778,False,True
medium,3,vote,vote(vol_regime+breakout+bb_reversion),vote(vol_regime+breakout+zscore),0.9840874420536,0.9792207792207792,False,True
medium,3,vote,vote(vol_regime+bb_breakout+bb_reversion),vote(vol_regime+bb_breakout+zscore),0.9838079803181685,0.9771210676835081,False,True
medium,3,vote,vote(vol_regime+keltner+bb_reversion),vote(vol_regime+keltner+zscore),0.9829506277066847,0.9753593429158111,False,True
medium,3,vote,vote(vol_regime+rsi+bb_reversion),vote(vol_regime+rsi+zscore),0.9861727982463475,0.9718969555035128,False,True
medium,3,vote,vote(vol_regime+stochastic+bb_reversion),vote(vol_regime+stochastic+zscore),0.9891416215664663,0.9977827050997783,False,True
medium,3,vote,vote(vol_regime+bb_reversion+vwap_reversion),vote(vol_regime+zscore+vwap_reversion),0.9902531191177631,1.0,False,True
medium,3,vote,vote(vol_regime+bb_reversion+ou_reversion),vote(vol_regime+zscore+ou_reversion),0.9852690779768518,0.9696586599241467,False,True
medium,3,vote,vote(vol_regime+bb_reversion+obv_trend),vote(vol_regime+zscore+obv_trend),0.9813119403470739,0.9825493171471927,False,True
medium,3,vote,vote(breakout+bb_breakout+bb_reversion),vote(breakout+bb_breakout+zscore),0.9880990382947057,0.9775700934579439,False,True
medium,3,vote,vote(breakout+keltner+bb_reversion),vote(breakout+keltner+zscore),0.9864579152973894,0.9772296015180265,False,True
medium,3,vote,vote(breakout+rsi+bb_reversion),vote(breakout+rsi+zscore),0.9824540304050192,0.9785138764547896,False,True
medium,3,vote,vote(breakout+stochastic+bb_reversion),vote(breakout+stochastic+zscore),0.9846536265950756,0.9983193277310924,False,True
medium,3,vote,vote(breakout+bb_reversion+vwap_reversion),vote(breakout+zscore+vwap_reversion),0.9860889177376713,1.0,False,True
medium,3,vote,vote(breakout+bb_reversion+ou_reversion),vote(breakout+zscore+ou_reversion),0.9813863758561547,0.9772296015180265,False,True
medium,3,vote,vote(breakout+bb_reversion+obv_trend),vote(breakout+zscore+obv_trend),0.9845134516033965,0.9829881656804734,False,True
medium,3,vote,vote(bb_breakout+keltner+bb_reversion),vote(bb_breakout+keltner+zscore),0.9869927567835454,0.9741935483870968,False,True
medium,3,vote,vote(bb_breakout+rsi+bb_reversion),vote(bb_breakout+rsi+zscore),0.9838463285837045,0.9754350051177073,False,True
medium,3,vote,vote(bb_breakout+stochastic+bb_reversion),vote(bb_breakout+stochastic+zscore),0.9859690148475433,0.9981203007518797,False,True
medium,3,vote,vote(bb_breakout+bb_reversion+vwap_reversion),vote(bb_breakout+zscore+vwap_reversion),0.9859943414998418,1.0,False,True
medium,3,vote,vote(bb_breakout+bb_reversion+ou_reversion),vote(bb_breakout+zscore+ou_reversion),0.9824243998920316,0.973741794310722,False,True
medium,3,vote,vote(bb_breakout+bb_reversion+obv_trend),vote(bb_breakout+zscore+obv_trend),0.9853168125377021,0.9818611987381703,False,True
medium,3,vote,vote(keltner+rsi+bb_reversion),vote(keltner+rsi+zscore),0.9847500382871864,0.9719298245614035,False,True
medium,3,vote,vote(keltner+stochastic+bb_reversion),vote(keltner+stochastic+zscore),0.9871531472384449,0.9978768577494692,False,True
medium,3,vote,vote(keltner+bb_reversion+vwap_reversion),vote(keltner+zscore+vwap_reversion),0.9876767525638817,1.0,False,True
medium,3,vote,vote(keltner+bb_reversion+ou_reversion),vote(keltner+zscore+ou_reversion),0.9830940653821679,0.9696969696969697,False,True
medium,3,vote,vote(keltner+bb_reversion+obv_trend),vote(keltner+zscore+obv_trend),0.9827755870163253,0.9818325434439179,False,True
medium,3,vote,vote(rsi+stochastic+bb_reversion),vote(rsi+stochastic+zscore),0.9930245479989647,0.9970414201183432,False,True
medium,3,vote,vote(rsi+bb_reversion+vwap_reversion),vote(rsi+zscore+vwap_reversion),0.9934687944957521,1.0,False,True
medium,3,vote,vote(rsi+bb_reversion+ou_reversion),vote(rsi+zscore+ou_reversion),0.9903358190363841,0.9553072625698324,False,True
medium,3,vote,vote(rsi+bb_reversion+obv_trend),vote(rsi+zscore+obv_trend),0.9820944122428196,0.9817749603803486,False,True
medium,3,vote,vote(stochastic+bb_reversion+vwap_reversion),vote(stochastic+zscore+vwap_reversion),0.9948836099710336,1.0,False,True
medium,3,vote,vote(stochastic+bb_reversion+ou_reversion),vote(stochastic+zscore+ou_reversion),0.9918762896537288,0.9967948717948718,False,True
medium,3,vote,vote(stochastic+bb_reversion+obv_trend),vote(stochastic+zscore+obv_trend),0.9840352271709455,0.9984917043740573,False,True
medium,3,vote,vote(bb_reversion+vwap_reversion+ou_reversion),vote(zscore+vwap_reversion+ou_reversion),0.9929745168507974,1.0,False,True
medium,3,vote,vote(bb_reversion+vwap_reversion+obv_trend),vote(zscore+vwap_reversion+obv_trend),0.9822869082343703,1.0,False,True
medium,3,vote,vote(bb_reversion+ou_reversion+obv_trend),vote(zscore+ou_reversion+obv_trend),0.9792963656365735,0.9813311688311688,False,True
