horizon,size,mode,a,b,corr,agree_active,both_flat,redundant
short,2,all,all(ma_crossover+ts_momentum),all(ma_crossover+dual_momentum),0.901918430656284,0.8871693866066404,False,True
short,2,all,all(ma_crossover+rsi),all(ma_crossover+bb_reversion),0.7239501781368596,0.5758835758835759,False,False
short,2,all,all(ma_crossover+rsi),all(ma_crossover+zscore),0.72226443994554,0.5708245243128964,False,False
short,2,all,all(ma_crossover+bb_reversion),all(ma_crossover+zscore),0.9764668611060485,0.9552238805970149,False,True
short,2,all,all(macd+ts_momentum),all(macd+dual_momentum),0.8648534202235783,0.8049010367577757,False,True
short,2,all,all(macd+rsi),all(macd+bb_reversion),0.8855120695774005,0.8204172876304023,False,True
short,2,all,all(macd+rsi),all(macd+zscore),0.8807699914052213,0.8130142109199701,False,True
short,2,all,all(macd+bb_reversion),all(macd+zscore),0.9906774912558292,0.9839662447257383,False,True
short,2,all,all(ma_ribbon+ts_momentum),all(ma_ribbon+dual_momentum),0.9207563118175698,0.8284832451499118,False,True
short,2,all,all(ma_ribbon+rsi),all(ma_ribbon+bb_reversion),0.6693277499739083,0.6416083916083916,False,False
short,2,all,all(ma_ribbon+rsi),all(ma_ribbon+zscore),0.6681356274807017,0.6326530612244898,False,False
short,2,all,all(ma_ribbon+bb_reversion),all(ma_ribbon+zscore),0.9638458289837143,0.9558652729384437,False,True
short,2,all,all(ichimoku+ts_momentum),all(ichimoku+dual_momentum),0.9162033515342907,0.8937728937728938,False,True
short,2,all,all(ichimoku+rsi),all(ichimoku+bb_reversion),0.6359176146963366,0.468503937007874,False,False
short,2,all,all(ichimoku+rsi),all(ichimoku+zscore),0.6530320361033524,0.483739837398374,False,False
short,2,all,all(ichimoku+bb_reversion),all(ichimoku+zscore),0.9745326418562515,0.9506172839506173,False,True
short,2,all,all(ts_momentum+sma_regime),all(dual_momentum+sma_regime),0.909434198774034,0.8826423049894588,False,True
short,2,all,all(ts_momentum+adx_trend),all(dual_momentum+adx_trend),0.9416128287626141,0.9156837046745303,False,True
short,2,all,all(ts_momentum+hurst_switch),all(dual_momentum+hurst_switch),0.9362691655304943,0.8842105263157894,False,True
short,2,all,all(ts_momentum+vol_regime),all(dual_momentum+vol_regime),0.9160779595661943,0.8672752808988764,False,True
short,2,all,all(ts_momentum+breakout),all(dual_momentum+breakout),0.9260921066702533,0.9014958044509304,False,True
short,2,all,all(ts_momentum+bb_breakout),all(dual_momentum+bb_breakout),0.9606725564951836,0.9414519906323185,False,True
short,2,all,all(ts_momentum+keltner),all(dual_momentum+keltner),0.9821684768551797,0.9676113360323887,False,True
short,2,all,all(ts_momentum+rsi),all(ts_momentum+bb_reversion),0.599709712349925,0.42134831460674155,False,False
short,2,all,all(ts_momentum+rsi),all(ts_momentum+zscore),0.6177024972086429,0.42857142857142855,False,False
short,2,all,all(ts_momentum+rsi),all(dual_momentum+rsi),0.5475300731528872,0.3711340206185567,False,False
short,2,all,all(ts_momentum+rsi),all(dual_momentum+bb_reversion),0.263914000065923,0.16083916083916083,False,False
short,2,all,all(ts_momentum+rsi),all(dual_momentum+zscore),0.26886038943797846,0.16423357664233576,False,False
short,2,all,all(ts_momentum+bb_reversion),all(ts_momentum+zscore),0.9327122058036531,0.8712871287128713,False,True
short,2,all,all(ts_momentum+bb_reversion),all(dual_momentum+rsi),0.278475578642176,0.152317880794702,False,False
short,2,all,all(ts_momentum+bb_reversion),all(dual_momentum+bb_reversion),0.481664029481442,0.30697674418604654,False,False
short,2,all,all(ts_momentum+bb_reversion),all(dual_momentum+zscore),0.4304719113211486,0.27014218009478674,False,False
short,2,all,all(ts_momentum+zscore),all(dual_momentum+rsi),0.2937811268919038,0.15517241379310345,False,False
short,2,all,all(ts_momentum+zscore),all(dual_momentum+bb_reversion),0.4451780495363369,0.27014218009478674,False,False
short,2,all,all(ts_momentum+zscore),all(dual_momentum+zscore),0.4629406100288588,0.2878787878787879,False,False
short,2,all,all(dual_momentum+rsi),all(dual_momentum+bb_reversion),0.6459728898047523,0.47750865051903113,False,False
short,2,all,all(dual_momentum+rsi),all(dual_momentum+zscore),0.6467875178979511,0.47330960854092524,False,False
short,2,all,all(dual_momentum+bb_reversion),all(dual_momentum+zscore),0.9624670308010899,0.9277777777777778,False,True
short,2,all,all(ts_momentum+stochastic),all(dual_momentum+stochastic),0.7376816107271785,0.5925925925925926,False,False
short,2,all,all(ts_momentum+vwap_reversion),all(dual_momentum+vwap_reversion),0.6816832196821753,0.5201535508637236,False,False
short,2,all,all(ts_momentum+ou_reversion),all(dual_momentum+ou_reversion),0.46536170724379305,0.27927927927927926,False,False
short,2,all,all(ts_momentum+obv_trend),all(dual_momentum+obv_trend),0.8998012190967754,0.8822343794989922,False,True
short,2,all,all(sma_regime+rsi),all(sma_regime+bb_reversion),0.8390678256542372,0.7330960854092526,False,True
short,2,all,all(sma_regime+rsi),all(sma_regime+zscore),0.8431223102178669,0.7383512544802867,False,True
short,2,all,all(sma_regime+bb_reversion),all(sma_regime+zscore),0.9953300443458238,0.9911699779249448,False,True
short,2,all,all(adx_trend+rsi),all(adx_trend+bb_reversion),0.7993076429708226,0.6625,False,False
short,2,all,all(adx_trend+rsi),all(adx_trend+zscore),0.7993076429708226,0.6625,False,False
short,2,all,all(adx_trend+bb_reversion),all(adx_trend+zscore),0.9999999999999999,1.0,False,True
short,2,all,all(hurst_switch+rsi),all(hurst_switch+bb_reversion),0.9298164565956851,0.8705882352941177,False,True
short,2,all,all(hurst_switch+rsi),all(hurst_switch+zscore),0.9298164565956851,0.8705882352941177,False,True
short,2,all,all(hurst_switch+bb_reversion),all(hurst_switch+zscore),1.0,1.0,False,True
short,2,all,all(vol_regime+rsi),all(vol_regime+bb_reversion),0.8434146375395373,0.7349081364829396,False,True
short,2,all,all(vol_regime+rsi),all(vol_regime+zscore),0.8448710399019869,0.7368421052631579,False,True
short,2,all,all(vol_regime+bb_reversion),all(vol_regime+zscore),0.9983096150869715,0.996742671009772,False,True
short,2,all,all(breakout+rsi),all(breakout+bb_reversion),0.4574630511730071,0.29411764705882354,False,False
short,2,all,all(breakout+rsi),all(breakout+zscore),0.4878977098056672,0.3225806451612903,False,False
short,2,all,all(breakout+bb_reversion),all(breakout+zscore),0.9379185615340877,0.88,False,True
short,2,all,all(bb_breakout+rsi),all(bb_breakout+bb_reversion),,,True,True
short,2,all,all(bb_breakout+rsi),all(bb_breakout+zscore),,,True,True
short,2,all,all(bb_breakout+bb_reversion),all(bb_breakout+zscore),,,True,True
short,2,all,all(keltner+rsi),all(keltner+bb_reversion),,,True,True
short,2,all,all(keltner+rsi),all(keltner+zscore),,,True,True
short,2,all,all(keltner+bb_reversion),all(keltner+zscore),,,True,True
short,2,all,all(rsi+stochastic),all(stochastic+bb_reversion),0.9012974856287611,0.8550578761952693,False,True
short,2,all,all(rsi+stochastic),all(stochastic+zscore),0.8990848270042364,0.851063829787234,False,True
short,2,all,all(stochastic+bb_reversion),all(stochastic+zscore),0.9886537183648987,0.9820426487093153,False,True
short,2,all,all(rsi+vwap_reversion),all(bb_reversion+vwap_reversion),0.8842540337373483,0.8426614481409002,False,True
short,2,all,all(rsi+vwap_reversion),all(zscore+vwap_reversion),0.8785504795949127,0.8340542666142352,False,True
short,2,all,all(bb_reversion+vwap_reversion),all(zscore+vwap_reversion),0.9867191716358202,0.9803834150691039,False,True
short,2,all,all(rsi+ou_reversion),all(bb_reversion+ou_reversion),0.9630855762023622,0.9386590584878745,False,True
short,2,all,all(rsi+ou_reversion),all(zscore+ou_reversion),0.9630855762023622,0.9386590584878745,False,True
short,2,all,all(bb_reversion+ou_reversion),all(zscore+ou_reversion),1.0,1.0,False,True
short,2,all,all(rsi+obv_trend),all(bb_reversion+obv_trend),0.721525754175252,0.5722070844686649,False,False
short,2,all,all(rsi+obv_trend),all(zscore+obv_trend),0.7274326556874382,0.5785123966942148,False,False
short,2,all,all(bb_reversion+obv_trend),all(zscore+obv_trend),0.9921275213886239,0.9847908745247148,False,True
short,2,any,any(ma_crossover+ts_momentum),any(ma_crossover+dual_momentum),0.9011526028800323,0.9190085870413739,False,True
short,2,any,any(ma_crossover+rsi),any(ma_crossover+bb_reversion),0.8848595327174756,0.9417252982563475,False,True
short,2,any,any(ma_crossover+rsi),any(ma_crossover+zscore),0.8819100218668684,0.9394357559030972,False,True
short,2,any,any(ma_crossover+bb_reversion),any(ma_crossover+zscore),0.9864329509734967,0.9926902907993008,False,True
short,2,any,any(macd+ts_momentum),any(macd+dual_momentum),0.8716079413536092,0.9408736578908663,False,True
short,2,any,any(macd+rsi),any(macd+bb_reversion),0.9096790137391451,0.9418918918918919,False,True
short,2,any,any(macd+rsi),any(macd+zscore),0.9093630198641609,0.9410269445856635,False,True
short,2,any,any(macd+bb_reversion),any(macd+zscore),0.9891284694213357,0.9926134365107281,False,True
short,2,any,any(ma_ribbon+ts_momentum),any(ma_ribbon+dual_momentum),0.9193505722651253,0.9942796929098299,False,True
short,2,any,any(ma_ribbon+rsi),any(ma_ribbon+bb_reversion),0.7819380050735175,0.9791069723018148,False,True
short,2,any,any(ma_ribbon+rsi),any(ma_ribbon+zscore),0.7773254409255632,0.9780140996534831,False,True
short,2,any,any(ma_ribbon+bb_reversion),any(ma_ribbon+zscore),0.975938876101098,0.9972181906144171,False,True
short,2,any,any(ichimoku+ts_momentum),any(ichimoku+dual_momentum),0.8830458681036012,0.8996162391436073,False,True
short,2,any,any(ichimoku+rsi),any(ichimoku+bb_reversion),0.8804038538628688,0.9255090216851515,False,True
short,2,any,any(ichimoku+rsi),any(ichimoku+zscore),0.8760172800643703,0.9218257261410788,False,True
short,2,any,any(ichimoku+bb_reversion),any(ichimoku+zscore),0.9861824494711156,0.9907697666318356,False,True
short,2,any,any(ts_momentum+sma_regime),any(dual_momentum+sma_regime),0.8819844773062894,0.9117862371888726,False,True
short,2,any,any(ts_momentum+adx_trend),any(dual_momentum+adx_trend),0.8540558909352576,0.8742430359305612,False,True
short,2,any,any(ts_momentum+hurst_switch),any(dual_momentum+hurst_switch),0.8198055596477055,0.837951301427372,False,True
short,2,any,any(ts_momentum+vol_regime),any(dual_momentum+vol_regime),0.8510528199991056,0.8789107763615296,False,True
short,2,any,any(ts_momentum+breakout),any(dual_momentum+breakout),0.8714066794260636,0.8915159944367177,False,True
short,2,any,any(ts_momentum+bb_breakout),any(dual_momentum+bb_breakout),0.838999609417551,0.8514617368873603,False,True
short,2,any,any(ts_momentum+keltner),any(dual_momentum+keltner),0.8151197824230698,0.8270364708451627,False,True
short,2,any,any(ts_momentum+rsi),any(ts_momentum+bb_reversion),0.8381261365630522,0.9302762910458556,False,True
short,2,any,any(ts_momentum+rsi),any(ts_momentum+zscore),0.8336713137663776,0.9272358312798956,False,True
short,2,any,any(ts_momentum+rsi),any(dual_momentum+rsi),0.7843498365490851,0.9097519247219846,False,True
short,2,any,any(ts_momentum+rsi),any(dual_momentum+bb_reversion),0.6506629139900895,0.8526536312849162,False,False
short,2,any,any(ts_momentum+rsi),any(dual_momentum+zscore),0.6480612300512956,0.8495661908760146,False,False
short,2,any,any(ts_momentum+bb_reversion),any(ts_momentum+zscore),0.9844533051763411,0.9927261706319139,False,True
short,2,any,any(ts_momentum+bb_reversion),any(dual_momentum+rsi),0.6443062122164698,0.8504189944134078,False,False
short,2,any,any(ts_momentum+bb_reversion),any(dual_momentum+bb_reversion),0.7837267963922546,0.9032351661105469,False,True
short,2,any,any(ts_momentum+bb_reversion),any(dual_momentum+zscore),0.7704664171598128,0.8962715798636298,False,False
short,2,any,any(ts_momentum+zscore),any(dual_momentum+rsi),0.6410702859795874,0.8473271760425413,False,False
short,2,any,any(ts_momentum+zscore),any(dual_momentum+bb_reversion),0.7697949854154561,0.8962715798636298,False,False
short,2,any,any(ts_momentum+zscore),any(dual_momentum+zscore),0.784648342989348,0.9014454664914586,False,True
short,2,any,any(dual_momentum+rsi),any(dual_momentum+bb_reversion),0.8586607238505624,0.9361952366950896,False,True
short,2,any,any(dual_momentum+rsi),any(dual_momentum+zscore),0.8553388386476176,0.9336870026525199,False,True
short,2,any,any(dual_momentum+bb_reversion),any(dual_momentum+zscore),0.984859973497259,0.992638036809816,False,True
short,2,any,any(ts_momentum+stochastic),any(dual_momentum+stochastic),0.7805081995634617,0.8958702064896755,False,False
short,2,any,any(ts_momentum+vwap_reversion),any(dual_momentum+vwap_reversion),0.7985204857174354,0.9202592279515357,False,True
short,2,any,any(ts_momentum+ou_reversion),any(dual_momentum+ou_reversion),0.8133237941091565,0.8746166950596252,False,True
short,2,any,any(ts_momentum+obv_trend),any(dual_momentum+obv_trend),0.8997836996816916,0.9266666666666666,False,True
short,2,any,any(sma_regime+rsi),any(sma_regime+bb_reversion),0.8829835483081152,0.9285596978157333,False,True
short,2,any,any(sma_regime+rsi),any(sma_regime+zscore),0.8796717445157649,0.9255231504366452,False,True
short,2,any,any(sma_regime+bb_reversion),any(sma_regime+zscore),0.9849792293186852,0.990184260375409,False,True
short,2,any,any(adx_trend+rsi),any(adx_trend+bb_reversion),0.8644750513547597,0.8986191860465116,False,True
short,2,any,any(adx_trend+rsi),any(adx_trend+zscore),0.8625422178034605,0.8958029197080292,False,True
short,2,any,any(adx_trend+bb_reversion),any(adx_trend+zscore),0.9853571626075901,0.9880859375,False,True
short,2,any,any(hurst_switch+rsi),any(hurst_switch+bb_reversion),0.8576387302349953,0.8301659125188537,False,True
short,2,any,any(hurst_switch+rsi),any(hurst_switch+zscore),0.8545207526988037,0.8249772105742935,False,True
short,2,any,any(hurst_switch+bb_reversion),any(hurst_switch+zscore),0.9842320034617001,0.9791879904469465,False,True
short,2,any,any(vol_regime+rsi),any(vol_regime+bb_reversion),0.8876451731181085,0.8939061814993424,False,True
short,2,any,any(vol_regime+rsi),any(vol_regime+zscore),0.8849389306086315,0.8902842035690681,False,True
short,2,any,any(vol_regime+bb_reversion),any(vol_regime+zscore),0.9860944495173284,0.9858657243816255,False,True
short,2,any,any(breakout+rsi),any(breakout+bb_reversion),0.8517759436210193,0.9077454366058214,False,True
short,2,any,any(breakout+rsi),any(breakout+zscore),0.8491886848920611,0.9047854785478547,False,True
short,2,any,any(breakout+bb_reversion),any(breakout+zscore),0.9850054312032578,0.989822775925601,False,True
short,2,any,any(bb_breakout+rsi),any(bb_breakout+bb_reversion),0.8622435505823827,0.8859204368174727,False,True
short,2,any,any(bb_breakout+rsi),any(bb_breakout+zscore),0.8601333552550656,0.8828369905956113,False,True
short,2,any,any(bb_breakout+bb_reversion),any(bb_breakout+zscore),0.9857318037926803,0.9871226514671733,False,True
short,2,any,any(keltner+rsi),any(keltner+bb_reversion),0.8580280512441496,0.8402075935536739,False,True
short,2,any,any(keltner+rsi),any(keltner+zscore),0.8551498120394303,0.8355787737146,False,True
short,2,any,any(keltner+bb_reversion),any(keltner+zscore),0.9849789412721777,0.9813455657492355,False,True
short,2,any,any(rsi+stochastic),any(stochastic+bb_reversion),0.9266187525482176,0.9127497062279671,False,True
short,2,any,any(rsi+stochastic),any(stochastic+zscore),0.9249079724592288,0.910403772472738,False,True
short,2,any,any(stochastic+bb_reversion),any(stochastic+zscore),0.9927987764544496,0.9909881914232442,False,True
short,2,any,any(rsi+vwap_reversion),any(bb_reversion+vwap_reversion),0.9550037567142301,0.9462555066079296,False,True
short,2,any,any(rsi+vwap_reversion),any(zscore+vwap_reversion),0.9566677686362254,0.9481284998526378,False,True
short,2,any,any(bb_reversion+vwap_reversion),any(zscore+vwap_reversion),0.9958288849870092,0.9948887552615755,False,True
short,2,any,any(rsi+ou_reversion),any(bb_reversion+ou_reversion),0.8670317519277203,0.8291095890410959,False,True
short,2,any,any(rsi+ou_reversion),any(zscore+ou_reversion),0.8639616940015226,0.8232044198895028,False,True
short,2,any,any(bb_reversion+ou_reversion),any(zscore+ou_reversion),0.9829177948636362,0.9758797943851325,False,True
short,2,any,any(rsi+obv_trend),any(bb_reversion+obv_trend),0.8500269368355764,0.9388309275403744,False,True
short,2,any,any(rsi+obv_trend),any(zscore+obv_trend),0.8468944286879,0.9362190053031388,False,True
short,2,any,any(bb_reversion+obv_trend),any(zscore+obv_trend),0.9808438031166579,0.99150521609538,False,True
short,2,vote,vote(ma_crossover+ts_momentum),vote(ma_crossover+dual_momentum),0.9417437878628161,0.9190085870413739,False,True
short,2,vote,vote(ma_crossover+rsi),vote(ma_crossover+bb_reversion),0.8684670953976679,0.9417252982563475,False,True
short,2,vote,vote(ma_crossover+rsi),vote(ma_crossover+zscore),0.8663330133093353,0.9394357559030972,False,True
short,2,vote,vote(ma_crossover+bb_reversion),vote(ma_crossover+zscore),0.986074326896743,0.9926902907993008,False,True
short,2,vote,vote(macd+ts_momentum),vote(macd+dual_momentum),0.8974072115274219,0.9408736578908663,False,True
short,2,vote,vote(macd+rsi),vote(macd+bb_reversion),0.9225001433537511,0.9418918918918919,False,True
short,2,vote,vote(macd+rsi),vote(macd+zscore),0.9211800477406411,0.9410269445856635,False,True
short,2,vote,vote(macd+bb_reversion),vote(macd+zscore),0.9918870054975605,0.9926134365107281,False,True
short,2,vote,vote(ma_ribbon+ts_momentum),vote(ma_ribbon+dual_momentum),0.9262324090750822,0.9942796929098299,False,True
short,2,vote,vote(ma_ribbon+rsi),vote(ma_ribbon+bb_reversion),0.7526920605299215,0.9791069723018148,False,True
short,2,vote,vote(ma_ribbon+rsi),vote(ma_ribbon+zscore),0.7478058524656263,0.9780140996534831,False,True
short,2,vote,vote(ma_ribbon+bb_reversion),vote(ma_ribbon+zscore),0.9730885088791605,0.9972181906144171,False,True
short,2,vote,vote(ichimoku+ts_momentum),vote(ichimoku+dual_momentum),0.938135486052353,0.8996162391436073,False,True
short,2,vote,vote(ichimoku+rsi),vote(ichimoku+bb_reversion),0.8663296379118431,0.9255090216851515,False,True
short,2,vote,vote(ichimoku+rsi),vote(ichimoku+zscore),0.8642827756759991,0.9218257261410788,False,True
short,2,vote,vote(ichimoku+bb_reversion),vote(ichimoku+zscore),0.9860129425024333,0.9907697666318356,False,True
short,2,vote,vote(ts_momentum+sma_regime),vote(dual_momentum+sma_regime),0.9317636171815945,0.9117862371888726,False,True
short,2,vote,vote(ts_momentum+adx_trend),vote(dual_momentum+adx_trend),0.9295220100755284,0.8742430359305612,False,True
short,2,vote,vote(ts_momentum+hurst_switch),vote(dual_momentum+hurst_switch),0.8561250685175114,0.837951301427372,False,True
short,2,vote,vote(ts_momentum+vol_regime),vote(dual_momentum+vol_regime),0.9068442933067689,0.8789107763615296,False,True
short,2,vote,vote(ts_momentum+breakout),vote(dual_momentum+breakout),0.934874946669203,0.8915159944367177,False,True
short,2,vote,vote(ts_momentum+bb_breakout),vote(dual_momentum+bb_breakout),0.9295002881441916,0.8514617368873603,False,True
short,2,vote,vote(ts_momentum+keltner),vote(dual_momentum+keltner),0.8852614118136881,0.8270364708451627,False,True
short,2,vote,vote(ts_momentum+rsi),vote(ts_momentum+bb_reversion),0.8250012851551479,0.9302762910458556,False,True
short,2,vote,vote(ts_momentum+rsi),vote(ts_momentum+zscore),0.8224923953306649,0.9272358312798956,False,True
short,2,vote,vote(ts_momentum+rsi),vote(dual_momentum+rsi),0.7675526097232677,0.9097519247219846,False,True
short,2,vote,vote(ts_momentum+rsi),vote(dual_momentum+bb_reversion),0.6080735057499057,0.8526536312849162,False,False
short,2,vote,vote(ts_momentum+rsi),vote(dual_momentum+zscore),0.6062277682600761,0.8495661908760146,False,False
short,2,vote,vote(ts_momentum+bb_reversion),vote(ts_momentum+zscore),0.9818599579684969,0.9927261706319139,False,True
short,2,vote,vote(ts_momentum+bb_reversion),vote(dual_momentum+rsi),0.5934180379734902,0.8504189944134078,False,False
short,2,vote,vote(ts_momentum+bb_reversion),vote(dual_momentum+bb_reversion),0.7668665333418647,0.9032351661105469,False,True
short,2,vote,vote(ts_momentum+bb_reversion),vote(dual_momentum+zscore),0.7501318653082938,0.8962715798636298,False,False
short,2,vote,vote(ts_momentum+zscore),vote(dual_momentum+rsi),0.5914874352052888,0.8473271760425413,False,False
short,2,vote,vote(ts_momentum+zscore),vote(dual_momentum+bb_reversion),0.7499779295933714,0.8962715798636298,False,False
short,2,vote,vote(ts_momentum+zscore),vote(dual_momentum+zscore),0.7679182686081479,0.9014454664914586,False,True
short,2,vote,vote(dual_momentum+rsi),vote(dual_momentum+bb_reversion),0.841622917564463,0.9361952366950896,False,True
short,2,vote,vote(dual_momentum+rsi),vote(dual_momentum+zscore),0.8392993866388011,0.9336870026525199,False,True
short,2,vote,vote(dual_momentum+bb_reversion),vote(dual_momentum+zscore),0.9834283808191983,0.992638036809816,False,True
short,2,vote,vote(ts_momentum+stochastic),vote(dual_momentum+stochastic),0.7881061128567814,0.8958702064896755,False,False
short,2,vote,vote(ts_momentum+vwap_reversion),vote(dual_momentum+vwap_reversion),0.7914851217410387,0.9202592279515357,False,True
short,2,vote,vote(ts_momentum+ou_reversion),vote(dual_momentum+ou_reversion),0.8051986986832698,0.8746166950596252,False,True
short,2,vote,vote(ts_momentum+obv_trend),vote(dual_momentum+obv_trend),0.9375269311848735,0.9266666666666666,False,True
short,2,vote,vote(sma_regime+rsi),vote(sma_regime+bb_reversion),0.8890289710379562,0.9285596978157333,False,True
short,2,vote,vote(sma_regime+rsi),vote(sma_regime+zscore),0.8875651606971465,0.9255231504366452,False,True
short,2,vote,vote(sma_regime+bb_reversion),vote(sma_regime+zscore),0.9883787514203182,0.990184260375409,False,True
short,2,vote,vote(adx_trend+rsi),vote(adx_trend+bb_reversion),0.8655609217974227,0.8986191860465116,False,True
short,2,vote,vote(adx_trend+rsi),vote(adx_trend+zscore),0.8637366849004183,0.8958029197080292,False,True
short,2,vote,vote(adx_trend+bb_reversion),vote(adx_trend+zscore),0.9862344049545021,0.9880859375,False,True
short,2,vote,vote(hurst_switch+rsi),vote(hurst_switch+bb_reversion),0.874942167953443,0.8301659125188537,False,True
short,2,vote,vote(hurst_switch+rsi),vote(hurst_switch+zscore),0.8723905798959548,0.8249772105742935,False,True
short,2,vote,vote(hurst_switch+bb_reversion),vote(hurst_switch+zscore),0.9868092826474653,0.9791879904469465,False,True
short,2,vote,vote(vol_regime+rsi),vote(vol_regime+bb_reversion),0.8959604739615805,0.8939061814993424,False,True
short,2,vote,vote(vol_regime+rsi),vote(vol_regime+zscore),0.8942318178648022,0.8902842035690681,False,True
short,2,vote,vote(vol_regime+bb_reversion),vote(vol_regime+zscore),0.9889857290108968,0.9858657243816255,False,True
short,2,vote,vote(breakout+rsi),vote(breakout+bb_reversion),0.8482784499507608,0.9077454366058214,False,True
short,2,vote,vote(breakout+rsi),vote(breakout+zscore),0.8463592638242161,0.9047854785478547,False,True
short,2,vote,vote(breakout+bb_reversion),vote(breakout+zscore),0.984546233561746,0.989822775925601,False,True
short,2,vote,vote(bb_breakout+rsi),vote(bb_breakout+bb_reversion),0.8622435505823827,0.8859204368174727,False,True
short,2,vote,vote(bb_breakout+rsi),vote(bb_breakout+zscore),0.8601333552550656,0.8828369905956113,False,True
short,2,vote,vote(bb_breakout+bb_reversion),vote(bb_breakout+zscore),0.9857318037926803,0.9871226514671733,False,True
short,2,vote,vote(keltner+rsi),vote(keltner+bb_reversion),0.8580280512441496,0.8402075935536739,False,True
short,2,vote,vote(keltner+rsi),vote(keltner+zscore),0.8551498120394303,0.8355787737146,False,True
short,2,vote,vote(keltner+bb_reversion),vote(keltner+zscore),0.9849789412721777,0.9813455657492355,False,True
short,2,vote,vote(rsi+stochastic),vote(stochastic+bb_reversion),0.9496849306102368,0.9127497062279671,False,True
short,2,vote,vote(rsi+stochastic),vote(stochastic+zscore),0.9486860522449205,0.910403772472738,False,True
short,2,vote,vote(stochastic+bb_reversion),vote(stochastic+zscore),0.99462354206646,0.9909881914232442,False,True
short,2,vote,vote(rsi+vwap_reversion),vote(bb_reversion+vwap_reversion),0.956599678662021,0.9462555066079296,False,True
short,2,vote,vote(rsi+vwap_reversion),vote(zscore+vwap_reversion),0.9557904515473676,0.9481284998526378,False,True
short,2,vote,vote(bb_reversion+vwap_reversion),vote(zscore+vwap_reversion),0.9952846276758684,0.9948887552615755,False,True
short,2,vote,vote(rsi+ou_reversion),vote(bb_reversion+ou_reversion),0.9403126601028905,0.8291095890410959,False,True
short,2,vote,vote(rsi+ou_reversion),vote(zscore+ou_reversion),0.9392636776377166,0.8232044198895028,False,True
short,2,vote,vote(bb_reversion+ou_reversion),vote(zscore+ou_reversion),0.9938570116551567,0.9758797943851325,False,True
short,2,vote,vote(rsi+obv_trend),vote(bb_reversion+obv_trend),0.8399981467429914,0.9388309275403744,False,True
short,2,vote,vote(rsi+obv_trend),vote(zscore+obv_trend),0.8387092886361527,0.9362190053031388,False,True
short,2,vote,vote(bb_reversion+obv_trend),vote(zscore+obv_trend),0.9835886546217618,0.99150521609538,False,True
short,3,all,all(ma_crossover+macd+ts_momentum),all(ma_crossover+macd+dual_momentum),0.933750956829804,0.8926031294452347,False,True
short,3,all,all(ma_crossover+macd+rsi),all(ma_crossover+macd+bb_reversion),0.8431688416703057,0.7291666666666666,False,True
short,3,all,all(ma_crossover+macd+rsi),all(ma_crossover+macd+zscore),0.829446651477934,0.7083333333333334,False,True
short,3,all,all(ma_crossover+macd+bb_reversion),all(ma_crossover+macd+zscore),0.9873630222588551,0.975,False,True
short,3,all,all(ma_crossover+ma_ribbon+ts_momentum),all(ma_crossover+ma_ribbon+dual_momentum),0.9503211830558255,0.888137503522119,False,True
short,3,all,all(ma_crossover+ma_ribbon+rsi),all(ma_crossover+ma_ribbon+bb_reversion),0.5981757313891546,0.5420560747663551,False,False
short,3,all,all(ma_crossover+ma_ribbon+rsi),all(ma_crossover+ma_ribbon+zscore),0.6001101405630668,0.5357142857142857,False,False
short,3,all,all(ma_crossover+ma_ribbon+bb_reversion),all(ma_crossover+ma_ribbon+zscore),0.9549176987761762,0.9477351916376306,False,True
short,3,all,all(ma_crossover+ichimoku+ts_momentum),all(ma_crossover+ichimoku+dual_momentum),0.9302578702415301,0.9090909090909091,False,True
short,3,all,all(ma_crossover+ichimoku+rsi),all(ma_crossover+ichimoku+bb_reversion),0.6263447426899381,0.45739910313901344,False,False
short,3,all,all(ma_crossover+ichimoku+rsi),all(ma_crossover+ichimoku+zscore),0.645719772112024,0.4744186046511628,False,False
short,3,all,all(ma_crossover+ichimoku+bb_reversion),all(ma_crossover+ichimoku+zscore),0.9707565182921659,0.9432624113475178,False,True
short,3,all,all(ma_crossover+ts_momentum+sma_regime),all(ma_crossover+dual_momentum+sma_regime),0.936465030007569,0.9128548895899053,False,True
short,3,all,all(ma_crossover+ts_momentum+adx_trend),all(ma_crossover+dual_momentum+adx_trend),0.9756817131686707,0.9622844827586207,False,True
short,3,all,all(ma_crossover+ts_momentum+hurst_switch),all(ma_crossover+dual_momentum+hurst_switch),0.9550987810262263,0.9166666666666666,False,True
short,3,all,all(ma_crossover+ts_momentum+vol_regime),all(ma_crossover+dual_momentum+vol_regime),0.9384762363882337,0.8991121872477804,False,True
short,3,all,all(ma_crossover+ts_momentum+breakout),all(ma_crossover+dual_momentum+breakout),0.9638047429671587,0.947202166064982,False,True
short,3,all,all(ma_crossover+ts_momentum+bb_breakout),all(ma_crossover+dual_momentum+bb_breakout),0.9836611269691626,0.9745257452574526,False,True
short,3,all,all(ma_crossover+ts_momentum+keltner),all(ma_crossover+dual_momentum+keltner),0.9960226987526853,0.9926900584795322,False,True
short,3,all,all(ma_crossover+ts_momentum+rsi),all(ma_crossover+ts_momentum+bb_reversion),0.5752607868407322,0.38524590163934425,False,False
short,3,all,all(ma_crossover+ts_momentum+rsi),all(ma_crossover+ts_momentum+zscore),0.6123249914261341,0.40869565217391307,False,False
short,3,all,all(ma_crossover+ts_momentum+rsi),all(ma_crossover+dual_momentum+rsi),0.6290069144917503,0.4461538461538462,False,False
short,3,all,all(ma_crossover+ts_momentum+rsi),all(ma_crossover+dual_momentum+bb_reversion),0.3126615061008058,0.19148936170212766,False,False
short,3,all,all(ma_crossover+ts_momentum+rsi),all(ma_crossover+dual_momentum+zscore),0.3248267170762478,0.2,False,False
short,3,all,all(ma_crossover+ts_momentum+bb_reversion),all(ma_crossover+ts_momentum+zscore),0.940488392358033,0.8852459016393442,False,True
short,3,all,all(ma_crossover+ts_momentum+bb_reversion),all(ma_crossover+dual_momentum+rsi),0.34211051980620744,0.18090452261306533,False,False
short,3,all,all(ma_crossover+ts_momentum+bb_reversion),all(ma_crossover+dual_momentum+bb_reversion),0.5786725469365527,0.3828125,False,False
short,3,all,all(ma_crossover+ts_momentum+bb_reversion),all(ma_crossover+dual_momentum+zscore),0.5254885411980937,0.3412698412698413,False,False
short,3,all,all(ma_crossover+ts_momentum+zscore),all(ma_crossover+dual_momentum+rsi),0.3649450908499144,0.1875,False,False
short,3,all,all(ma_crossover+ts_momentum+zscore),all(ma_crossover+dual_momentum+bb_reversion),0.5394230641584099,0.33858267716535434,False,False
short,3,all,all(ma_crossover+ts_momentum+zscore),all(ma_crossover+dual_momentum+zscore),0.5594467807483915,0.36134453781512604,False,False
short,3,all,all(ma_crossover+dual_momentum+rsi),all(ma_crossover+dual_momentum+bb_reversion),0.5988939974199519,0.4215686274509804,False,False
short,3,all,all(ma_crossover+dual_momentum+rsi),all(ma_crossover+dual_momentum+zscore),0.6067563438878347,0.42424242424242425,False,False
short,3,all,all(ma_crossover+dual_momentum+bb_reversion),all(ma_crossover+dual_momentum+zscore),0.964445171056084,0.9310344827586207,False,True
short,3,all,all(ma_crossover+ts_momentum+stochastic),all(ma_crossover+dual_momentum+stochastic),0.8347660200255463,0.7206703910614525,False,True
short,3,all,all(ma_crossover+ts_momentum+vwap_reversion),all(ma_crossover+dual_momentum+vwap_reversion),0.7495811821220469,0.6,False,False
short,3,all,all(ma_crossover+ts_momentum+ou_reversion),all(ma_crossover+dual_momentum+ou_reversion),0.5721588293130375,0.375,False,False
short,3,all,all(ma_crossover+ts_momentum+obv_trend),all(ma_crossover+dual_momentum+obv_trend),0.9515887215594332,0.93520203858755,False,True
short,3,all,all(ma_crossover+sma_regime+rsi),all(ma_crossover+sma_regime+bb_reversion),0.7613329506554216,0.6097560975609756,False,False
short,3,all,all(ma_crossover+sma_regime+rsi),all(ma_crossover+sma_regime+zscore),0.7641400490167555,0.6127450980392157,False,False
short,3,all,all(ma_crossover+sma_regime+bb_reversion),all(ma_crossover+sma_regime+zscore),0.9963885018897752,0.9929078014184397,False,True
short,3,all,all(ma_crossover+adx_trend+rsi),all(ma_crossover+adx_trend+bb_reversion),0.760322904492862,0.6,False,False
short,3,all,all(ma_crossover+adx_trend+rsi),all(ma_crossover+adx_trend+zscore),0.760322904492862,0.6,False,False
short,3,all,all(ma_crossover+adx_trend+bb_reversion),all(ma_crossover+adx_trend+zscore),1.0,1.0,False,True
short,3,all,all(ma_crossover+hurst_switch+rsi),all(ma_crossover+hurst_switch+bb_reversion),0.8599200516912806,0.7538461538461538,False,True
short,3,all,all(ma_crossover+hurst_switch+rsi),all(ma_crossover+hurst_switch+zscore),0.8599200516912806,0.7538461538461538,False,True
short,3,all,all(ma_crossover+hurst_switch+bb_reversion),all(ma_crossover+hurst_switch+zscore),1.0,1.0,False,True
short,3,all,all(ma_crossover+vol_regime+rsi),all(ma_crossover+vol_regime+bb_reversion),0.7664832406935439,0.6190476190476191,False,False
short,3,all,all(ma_crossover+vol_regime+rsi),all(ma_crossover+vol_regime+zscore),0.7708165677520641,0.624,False,False
short,3,all,all(ma_crossover+vol_regime+bb_reversion),all(ma_crossover+vol_regime+zscore),0.9944316908953057,0.989010989010989,False,True
short,3,all,all(ma_crossover+breakout+rsi),all(ma_crossover+breakout+bb_reversion),0.3160616945308891,0.1,False,False
short,3,all,all(ma_crossover+breakout+rsi),all(ma_crossover+breakout+zscore),0.3160616945308891,0.1,False,False
short,3,all,all(ma_crossover+breakout+bb_reversion),all(ma_crossover+breakout+zscore),1.0,1.0,False,True
short,3,all,all(ma_crossover+bb_breakout+rsi),all(ma_crossover+bb_breakout+bb_reversion),,,True,True
short,3,all,all(ma_crossover+bb_breakout+rsi),all(ma_crossover+bb_breakout+zscore),,,True,True
short,3,all,all(ma_crossover+bb_breakout+bb_reversion),all(ma_crossover+bb_breakout+zscore),,,True,True
short,3,all,all(ma_crossover+keltner+rsi),all(ma_crossover+keltner+bb_reversion),,,True,True
short,3,all,all(ma_crossover+keltner+rsi),all(ma_crossover+keltner+zscore),,,True,True
short,3,all,all(ma_crossover+keltner+bb_reversion),all(ma_crossover+keltner+zscore),,,True,True
short,3,all,all(ma_crossover+rsi+stochastic),all(ma_crossover+stochastic+bb_reversion),0.8163463110141964,0.6887755102040817,False,True
short,3,all,all(ma_crossover+rsi+stochastic),all(ma_crossover+stochastic+zscore),0.8249423303167663,0.6994818652849741,False,True
short,3,all,all(ma_crossover+stochastic+bb_reversion),all(ma_crossover+stochastic+zscore),0.9897054610303506,0.9798657718120806,False,True
short,3,all,all(ma_crossover+rsi+vwap_reversion),all(ma_crossover+bb_reversion+vwap_reversion),0.7618451826679286,0.6169154228855721,False,False
short,3,all,all(ma_crossover+rsi+vwap_reversion),all(ma_crossover+zscore+vwap_reversion),0.7508015571165323,0.600997506234414,False,False
short,3,all,all(ma_crossover+bb_reversion+vwap_reversion),all(ma_crossover+zscore+vwap_reversion),0.9851356529601483,0.9714285714285714,False,True
short,3,all,all(ma_crossover+rsi+ou_reversion),all(ma_crossover+bb_reversion+ou_reversion),0.9274915107685139,0.8634361233480177,False,True
short,3,all,all(ma_crossover+rsi+ou_reversion),all(ma_crossover+zscore+ou_reversion),0.9274915107685139,0.8634361233480177,False,True
short,3,all,all(ma_crossover+bb_reversion+ou_reversion),all(ma_crossover+zscore+ou_reversion),0.9999999999999998,1.0,False,True
short,3,all,all(ma_crossover+rsi+obv_trend),all(ma_crossover+bb_reversion+obv_trend),0.4521145002991665,0.28,False,False
short,3,all,all(ma_crossover+rsi+obv_trend),all(ma_crossover+zscore+obv_trend),0.4680246476328675,0.28865979381443296,False,False
short,3,all,all(ma_crossover+bb_reversion+obv_trend),all(ma_crossover+zscore+obv_trend),0.9666715094670353,0.9347826086956522,False,True
short,3,all,all(macd+ma_ribbon+ts_momentum),all(macd+ma_ribbon+dual_momentum),0.9484902485244556,0.8137535816618912,False,True
short,3,all,all(macd+ma_ribbon+rsi),all(macd+ma_ribbon+bb_reversion),0.7253060636670103,0.6417910447761194,False,False
short,3,all,all(macd+ma_ribbon+rsi),all(macd+ma_ribbon+zscore),0.7163555589720745,0.6331658291457286,False,False
short,3,all,all(macd+ma_ribbon+bb_reversion),all(macd+ma_ribbon+zscore),0.9808263696377393,0.9673202614379085,False,True
short,3,all,all(macd+ichimoku+ts_momentum),all(macd+ichimoku+dual_momentum),0.9143694440231406,0.8610095098756401,False,True
short,3,all,all(macd+ichimoku+rsi),all(macd+ichimoku+bb_reversion),0.7560159404917949,0.6037735849056604,False,False
short,3,all,all(macd+ichimoku+rsi),all(macd+ichimoku+zscore),0.7560159404917949,0.6037735849056604,False,False
short,3,all,all(macd+ichimoku+bb_reversion),all(macd+ichimoku+zscore),1.0,1.0,False,True
short,3,all,all(macd+ts_momentum+sma_regime),all(macd+dual_momentum+sma_regime),0.9125932354359657,0.8577878103837472,False,True
short,3,all,all(macd+ts_momentum+adx_trend),all(macd+dual_momentum+adx_trend),0.9216691007093507,0.8725418790968682,False,True
short,3,all,all(macd+ts_momentum+hurst_switch),all(macd+dual_momentum+hurst_switch),0.9568355684834948,0.9178082191780822,False,True
short,3,all,all(macd+ts_momentum+vol_regime),all(macd+dual_momentum+vol_regime),0.9103437569760224,0.8429629629629629,False,True
short,3,all,all(macd+ts_momentum+breakout),all(macd+dual_momentum+breakout),0.9148609093024679,0.8645287958115183,False,True
short,3,all,all(macd+ts_momentum+bb_breakout),all(macd+dual_momentum+bb_breakout),0.9415417491063377,0.9012027491408935,False,True
short,3,all,all(macd+ts_momentum+keltner),all(macd+dual_momentum+keltner),0.9662325558064306,0.9363395225464191,False,True
short,3,all,all(macd+ts_momentum+rsi),all(macd+ts_momentum+bb_reversion),0.6603785250158267,0.48717948717948717,False,False
short,3,all,all(macd+ts_momentum+rsi),all(macd+ts_momentum+zscore),0.6447365101978202,0.4594594594594595,False,False
short,3,all,all(macd+ts_momentum+rsi),all(macd+dual_momentum+rsi),0.4337534658967814,0.2564102564102564,False,False
short,3,all,all(macd+ts_momentum+rsi),all(macd+dual_momentum+bb_reversion),0.2186220767809118,0.10256410256410256,False,False
short,3,all,all(macd+ts_momentum+rsi),all(macd+dual_momentum+zscore),0.24487337679491436,0.10810810810810811,False,False
short,3,all,all(macd+ts_momentum+bb_reversion),all(macd+ts_momentum+zscore),0.9163007494820354,0.84,False,True
short,3,all,all(macd+ts_momentum+bb_reversion),all(macd+dual_momentum+rsi),0.19814070450788365,0.10810810810810811,False,False
short,3,all,all(macd+ts_momentum+bb_reversion),all(macd+dual_momentum+bb_reversion),0.3150264840402003,0.16666666666666666,False,False
short,3,all,all(macd+ts_momentum+bb_reversion),all(macd+dual_momentum+zscore),0.2817353498120262,0.13793103448275862,False,False
short,3,all,all(macd+ts_momentum+zscore),all(macd+dual_momentum+rsi),0.21654685584123007,0.12121212121212122,False,False
short,3,all,all(macd+ts_momentum+zscore),all(macd+dual_momentum+bb_reversion),0.2748326884752207,0.14814814814814814,False,False
short,3,all,all(macd+ts_momentum+zscore),all(macd+dual_momentum+zscore),0.3076150639474541,0.16,False,False
short,3,all,all(macd+dual_momentum+rsi),all(macd+dual_momentum+bb_reversion),0.7111153389886408,0.5294117647058824,False,False
short,3,all,all(macd+dual_momentum+rsi),all(macd+dual_momentum+zscore),0.7067764346227641,0.5,False,False
short,3,all,all(macd+dual_momentum+bb_reversion),all(macd+dual_momentum+zscore),0.894322744547639,0.8,False,True
short,3,all,all(macd+ts_momentum+stochastic),all(macd+dual_momentum+stochastic),0.602952262649448,0.41304347826086957,False,False
short,3,all,all(macd+ts_momentum+vwap_reversion),all(macd+dual_momentum+vwap_reversion),0.6485070761966955,0.46875,False,False
short,3,all,all(macd+ts_momentum+ou_reversion),all(macd+dual_momentum+ou_reversion),0.3328858157471191,0.18181818181818182,False,False
short,3,all,all(macd+ts_momentum+obv_trend),all(macd+dual_momentum+obv_trend),0.8944475121495393,0.8390616475722859,False,True
short,3,all,all(macd+sma_regime+rsi),all(macd+sma_regime+bb_reversion),0.8831089033175391,0.7948717948717948,False,True
short,3,all,all(macd+sma_regime+rsi),all(macd+sma_regime+zscore),0.8831089033175391,0.7948717948717948,False,True
short,3,all,all(macd+sma_regime+bb_reversion),all(macd+sma_regime+zscore),0.9999999999999998,1.0,False,True
short,3,all,all(macd+adx_trend+rsi),all(macd+adx_trend+bb_reversion),0.7851723641359576,0.6417910447761194,False,False
short,3,all,all(macd+adx_trend+rsi),all(macd+adx_trend+zscore),0.7851723641359576,0.6417910447761194,False,False
short,3,all,all(macd+adx_trend+bb_reversion),all(macd+adx_trend+zscore),1.0,1.0,False,True
short,3,all,all(macd+hurst_switch+rsi),all(macd+hurst_switch+bb_reversion),0.8577706767283981,0.75,False,True
short,3,all,all(macd+hurst_switch+rsi),all(macd+hurst_switch+zscore),0.8577706767283981,0.75,False,True
short,3,all,all(macd+hurst_switch+bb_reversion),all(macd+hurst_switch+zscore),1.0,1.0,False,True
short,3,all,all(macd+vol_regime+rsi),all(macd+vol_regime+bb_reversion),0.8767623192695895,0.7831325301204819,False,True
short,3,all,all(macd+vol_regime+rsi),all(macd+vol_regime+zscore),0.8767623192695895,0.7831325301204819,False,True
short,3,all,all(macd+vol_regime+bb_reversion),all(macd+vol_regime+zscore),0.9999999999999998,1.0,False,True
short,3,all,all(macd+breakout+rsi),all(macd+breakout+bb_reversion),0.2822647867958301,0.15384615384615385,False,False
short,3,all,all(macd+breakout+rsi),all(macd+breakout+zscore),0.3647860460255202,0.18181818181818182,False,False
short,3,all,all(macd+breakout+bb_reversion),all(macd+breakout+zscore),0.7745062687429258,0.6,False,False
short,3,all,all(macd+bb_breakout+rsi),all(macd+bb_breakout+bb_reversion),,,True,True
short,3,all,all(macd+bb_breakout+rsi),all(macd+bb_breakout+zscore),,,True,True
short,3,all,all(macd+bb_breakout+bb_reversion),all(macd+bb_breakout+zscore),,,True,True
short,3,all,all(macd+keltner+rsi),all(macd+keltner+bb_reversion),,,True,True
short,3,all,all(macd+keltner+rsi),all(macd+keltner+zscore),,,True,True
short,3,all,all(macd+keltner+bb_reversion),all(macd+keltner+zscore),,,True,True
short,3,all,all(macd+rsi+stochastic),all(macd+stochastic+bb_reversion),0.9151451769206123,0.8597156398104265,False,True
short,3,all,all(macd+rsi+stochastic),all(macd+stochastic+zscore),0.912101435003681,0.8548387096774194,False,True
short,3,all,all(macd+stochastic+bb_reversion),all(macd+stochastic+zscore),0.9958821755114089,0.9926931106471816,False,True
short,3,all,all(macd+rsi+vwap_reversion),all(macd+bb_reversion+vwap_reversion),0.928334718623231,0.8805704099821747,False,True
short,3,all,all(macd+rsi+vwap_reversion),all(macd+zscore+vwap_reversion),0.9228033018072073,0.8714285714285714,False,True
short,3,all,all(macd+bb_reversion+vwap_reversion),all(macd+zscore+vwap_reversion),0.9921809766882482,0.9862475442043221,False,True
short,3,all,all(macd+rsi+ou_reversion),all(macd+bb_reversion+ou_reversion),0.9636404222294473,0.933641975308642,False,True
short,3,all,all(macd+rsi+ou_reversion),all(macd+zscore+ou_reversion),0.9636404222294473,0.933641975308642,False,True
short,3,all,all(macd+bb_reversion+ou_reversion),all(macd+zscore+ou_reversion),1.0,1.0,False,True
short,3,all,all(macd+rsi+obv_trend),all(macd+bb_reversion+obv_trend),0.7643719266716229,0.6231884057971014,False,False
short,3,all,all(macd+rsi+obv_trend),all(macd+zscore+obv_trend),0.7668673773839668,0.6262135922330098,False,False
short,3,all,all(macd+bb_reversion+obv_trend),all(macd+zscore+obv_trend),0.9967911465140424,0.9937106918238994,False,True
short,3,all,all(ma_ribbon+ichimoku+ts_momentum),all(ma_ribbon+ichimoku+dual_momentum),0.9618760749093559,0.896125584502338,False,True
short,3,all,all(ma_ribbon+ichimoku+rsi),all(ma_ribbon+ichimoku+bb_reversion),0.47553556437291145,0.43722943722943725,False,False
short,3,all,all(ma_ribbon+ichimoku+rsi),all(ma_ribbon+ichimoku+zscore),0.5089756702841604,0.452914798206278,False,False
short,3,all,all(ma_ribbon+ichimoku+bb_reversion),all(ma_ribbon+ichimoku+zscore),0.9359607299158798,0.9436619718309859,False,True
short,3,all,all(ma_ribbon+ts_momentum+sma_regime),all(ma_ribbon+dual_momentum+sma_regime),0.9594288484522148,0.8844256518675123,False,True
short,3,all,all(ma_ribbon+ts_momentum+adx_trend),all(ma_ribbon+dual_momentum+adx_trend),0.9801594724878703,0.9196663740122915,False,True
short,3,all,all(ma_ribbon+ts_momentum+hurst_switch),all(ma_ribbon+dual_momentum+hurst_switch),0.974735979858955,0.8888888888888888,False,True
short,3,all,all(ma_ribbon+ts_momentum+vol_regime),all(ma_ribbon+dual_momentum+vol_regime),0.9617895587328826,0.868402533427164,False,True
short,3,all,all(ma_ribbon+ts_momentum+breakout),all(ma_ribbon+dual_momentum+breakout),0.9680732697961193,0.9034381858083395,False,True
short,3,all,all(ma_ribbon+ts_momentum+bb_breakout),all(ma_ribbon+dual_momentum+bb_breakout),0.9840793746585794,0.9436619718309859,False,True
short,3,all,all(ma_ribbon+ts_momentum+keltner),all(ma_ribbon+dual_momentum+keltner),0.9945493345680099,0.9676113360323887,False,True
short,3,all,all(ma_ribbon+ts_momentum+rsi),all(ma_ribbon+ts_momentum+bb_reversion),0.5336855247040215,0.41714285714285715,False,False
short,3,all,all(ma_ribbon+ts_momentum+rsi),all(ma_ribbon+ts_momentum+zscore),0.5709602583118515,0.42424242424242425,False,False
short,3,all,all(ma_ribbon+ts_momentum+rsi),all(ma_ribbon+dual_momentum+rsi),0.5617847054176569,0.38489208633093525,False,False
short,3,all,all(ma_ribbon+ts_momentum+rsi),all(ma_ribbon+dual_momentum+bb_reversion),0.2403382063593079,0.16666666666666666,False,False
short,3,all,all(ma_ribbon+ts_momentum+rsi),all(ma_ribbon+dual_momentum+zscore),0.2525133065029387,0.17054263565891473,False,False
short,3,all,all(ma_ribbon+ts_momentum+bb_reversion),all(ma_ribbon+ts_momentum+zscore),0.9253720847665342,0.8673469387755102,False,True
short,3,all,all(ma_ribbon+ts_momentum+bb_reversion),all(ma_ribbon+dual_momentum+rsi),0.23822019807387282,0.15625,False,False
short,3,all,all(ma_ribbon+ts_momentum+bb_reversion),all(ma_ribbon+dual_momentum+bb_reversion),0.5260749107148825,0.3282828282828283,False,False
short,3,all,all(ma_ribbon+ts_momentum+bb_reversion),all(ma_ribbon+dual_momentum+zscore),0.45358183067649593,0.28865979381443296,False,False
short,3,all,all(ma_ribbon+ts_momentum+zscore),all(ma_ribbon+dual_momentum+rsi),0.2576431366423447,0.15942028985507245,False,False
short,3,all,all(ma_ribbon+ts_momentum+zscore),all(ma_ribbon+dual_momentum+bb_reversion),0.4661856648616147,0.28865979381443296,False,False
short,3,all,all(ma_ribbon+ts_momentum+zscore),all(ma_ribbon+dual_momentum+zscore),0.49130735550724497,0.30939226519337015,False,False
short,3,all,all(ma_ribbon+dual_momentum+rsi),all(ma_ribbon+dual_momentum+bb_reversion),0.5547738195698366,0.4652014652014652,False,False
short,3,all,all(ma_ribbon+dual_momentum+rsi),all(ma_ribbon+dual_momentum+zscore),0.5644189869348935,0.46037735849056605,False,False
short,3,all,all(ma_ribbon+dual_momentum+bb_reversion),all(ma_ribbon+dual_momentum+zscore),0.9496089387314005,0.9212121212121213,False,True
short,3,all,all(ma_ribbon+ts_momentum+stochastic),all(ma_ribbon+dual_momentum+stochastic),0.8375660636146869,0.62109375,False,True
short,3,all,all(ma_ribbon+ts_momentum+vwap_reversion),all(ma_ribbon+dual_momentum+vwap_reversion),0.6981994904542526,0.5283757338551859,False,False
short,3,all,all(ma_ribbon+ts_momentum+ou_reversion),all(ma_ribbon+dual_momentum+ou_reversion),0.49191806283904177,0.30097087378640774,False,False
short,3,all,all(ma_ribbon+ts_momentum+obv_trend),all(ma_ribbon+dual_momentum+obv_trend),0.9569231554233575,0.8847154001733603,False,True
short,3,all,all(ma_ribbon+sma_regime+rsi),all(ma_ribbon+sma_regime+bb_reversion),0.6464408935693751,0.5986394557823129,False,False
short,3,all,all(ma_ribbon+sma_regime+rsi),all(ma_ribbon+sma_regime+zscore),0.6541775120874987,0.6068965517241379,False,False
short,3,all,all(ma_ribbon+sma_regime+bb_reversion),all(ma_ribbon+sma_regime+zscore),0.9884932294547254,0.9808612440191388,False,True
short,3,all,all(ma_ribbon+adx_trend+rsi),all(ma_ribbon+adx_trend+bb_reversion),0.728298591311991,0.6097560975609756,False,False
short,3,all,all(ma_ribbon+adx_trend+rsi),all(ma_ribbon+adx_trend+zscore),0.728298591311991,0.6097560975609756,False,False
short,3,all,all(ma_ribbon+adx_trend+bb_reversion),all(ma_ribbon+adx_trend+zscore),1.0,1.0,False,True
short,3,all,all(ma_ribbon+hurst_switch+rsi),all(ma_ribbon+hurst_switch+bb_reversion),0.9020673142021166,0.7662337662337663,False,True
short,3,all,all(ma_ribbon+hurst_switch+rsi),all(ma_ribbon+hurst_switch+zscore),0.9020673142021166,0.7662337662337663,False,True
short,3,all,all(ma_ribbon+hurst_switch+bb_reversion),all(ma_ribbon+hurst_switch+zscore),1.0,1.0,False,True
short,3,all,all(ma_ribbon+vol_regime+rsi),all(ma_ribbon+vol_regime+bb_reversion),0.6729399329382096,0.5777777777777777,False,False
short,3,all,all(ma_ribbon+vol_regime+rsi),all(ma_ribbon+vol_regime+zscore),0.677819718881249,0.5810055865921788,False,False
short,3,all,all(ma_ribbon+vol_regime+bb_reversion),all(ma_ribbon+vol_regime+zscore),0.9928951496200058,0.9921259842519685,False,True
short,3,all,all(ma_ribbon+breakout+rsi),all(ma_ribbon+breakout+bb_reversion),0.25854719483214816,0.20833333333333334,False,False
short,3,all,all(ma_ribbon+breakout+rsi),all(ma_ribbon+breakout+zscore),0.2757806213856359,0.23809523809523808,False,False
short,3,all,all(ma_ribbon+breakout+bb_reversion),all(ma_ribbon+breakout+zscore),0.9379859001255431,0.8421052631578947,False,True
short,3,all,all(ma_ribbon+bb_breakout+rsi),all(ma_ribbon+bb_breakout+bb_reversion),,,True,True
short,3,all,all(ma_ribbon+bb_breakout+rsi),all(ma_ribbon+bb_breakout+zscore),,,True,True
short,3,all,all(ma_ribbon+bb_breakout+bb_reversion),all(ma_ribbon+bb_breakout+zscore),,,True,True
short,3,all,all(ma_ribbon+keltner+rsi),all(ma_ribbon+keltner+bb_reversion),,,True,True
short,3,all,all(ma_ribbon+keltner+rsi),all(ma_ribbon+keltner+zscore),,,True,True
short,3,all,all(ma_ribbon+keltner+bb_reversion),all(ma_ribbon+keltner+zscore),,,True,True
short,3,all,all(ma_ribbon+rsi+stochastic),all(ma_ribbon+stochastic+bb_reversion),0.778827559282321,0.7203389830508474,False,False
short,3,all,all(ma_ribbon+rsi+stochastic),all(ma_ribbon+stochastic+zscore),0.7909208442526057,0.7204116638078902,False,False
short,3,all,all(ma_ribbon+stochastic+bb_reversion),all(ma_ribbon+stochastic+zscore),0.9771269777159984,0.9745222929936306,False,True
short,3,all,all(ma_ribbon+rsi+vwap_reversion),all(ma_ribbon+bb_reversion+vwap_reversion),0.7290420668070688,0.7045454545454546,False,False
short,3,all,all(ma_ribbon+rsi+vwap_reversion),all(ma_ribbon+zscore+vwap_reversion),0.7172304021306775,0.6895424836601307,False,False
short,3,all,all(ma_ribbon+bb_reversion+vwap_reversion),all(ma_ribbon+zscore+vwap_reversion),0.9777014600682998,0.9661016949152542,False,True
short,3,all,all(ma_ribbon+rsi+ou_reversion),all(ma_ribbon+bb_reversion+ou_reversion),0.936150025463204,0.8784067085953878,False,True
short,3,all,all(ma_ribbon+rsi+ou_reversion),all(ma_ribbon+zscore+ou_reversion),0.936150025463204,0.8784067085953878,False,True
short,3,all,all(ma_ribbon+bb_reversion+ou_reversion),all(ma_ribbon+zscore+ou_reversion),0.9999999999999998,1.0,False,True
short,3,all,all(ma_ribbon+rsi+obv_trend),all(ma_ribbon+bb_reversion+obv_trend),0.5198560763879306,0.4343891402714932,False,False
short,3,all,all(ma_ribbon+rsi+obv_trend),all(ma_ribbon+zscore+obv_trend),0.5446672291541184,0.4423963133640553,False,False
short,3,all,all(ma_ribbon+bb_reversion+obv_trend),all(ma_ribbon+zscore+obv_trend),0.9552249598901564,0.9708029197080292,False,True
short,3,all,all(ichimoku+ts_momentum+sma_regime),all(ichimoku+dual_momentum+sma_regime),0.935838899277266,0.9099624843684869,False,True
short,3,all,all(ichimoku+ts_momentum+adx_trend),all(ichimoku+dual_momentum+adx_trend),0.964701247289367,0.9440847557386698,False,True
short,3,all,all(ichimoku+ts_momentum+hurst_switch),all(ichimoku+dual_momentum+hurst_switch),0.9660692051666778,0.9367469879518072,False,True
short,3,all,all(ichimoku+ts_momentum+vol_regime),all(ichimoku+dual_momentum+vol_regime),0.9371516116737789,0.8951612903225806,False,True
short,3,all,all(ichimoku+ts_momentum+breakout),all(ichimoku+dual_momentum+breakout),0.9543441979986289,0.9312248995983936,False,True
short,3,all,all(ichimoku+ts_momentum+bb_breakout),all(ichimoku+dual_momentum+bb_breakout),0.9751791939872754,0.9604952830188679,False,True
short,3,all,all(ichimoku+ts_momentum+keltner),all(ichimoku+dual_momentum+keltner),0.9858396643538726,0.9741007194244604,False,True
short,3,all,all(ichimoku+ts_momentum+rsi),all(ichimoku+ts_momentum+bb_reversion),0.5781466272768881,0.3950617283950617,False,False
short,3,all,all(ichimoku+ts_momentum+rsi),all(ichimoku+ts_momentum+zscore),0.6313321286278802,0.43243243243243246,False,False
short,3,all,all(ichimoku+ts_momentum+rsi),all(ichimoku+dual_momentum+rsi),0.688819380869835,0.5185185185185185,False,False
short,3,all,all(ichimoku+ts_momentum+rsi),all(ichimoku+dual_momentum+bb_reversion),0.3590858746597911,0.2222222222222222,False,False
short,3,all,all(ichimoku+ts_momentum+rsi),all(ichimoku+dual_momentum+zscore),0.37815514393783467,0.23529411764705882,False,False
short,3,all,all(ichimoku+ts_momentum+bb_reversion),all(ichimoku+ts_momentum+zscore),0.916634833165489,0.8409090909090909,False,True
short,3,all,all(ichimoku+ts_momentum+bb_reversion),all(ichimoku+dual_momentum+rsi),0.3666449137110145,0.20869565217391303,False,False
short,3,all,all(ichimoku+ts_momentum+bb_reversion),all(ichimoku+dual_momentum+bb_reversion),0.662764854857923,0.4861111111111111,False,False
short,3,all,all(ichimoku+ts_momentum+bb_reversion),all(ichimoku+dual_momentum+zscore),0.5766291988693502,0.4027777777777778,False,False
short,3,all,all(ichimoku+ts_momentum+zscore),all(ichimoku+dual_momentum+rsi),0.4009807772890522,0.2222222222222222,False,False
short,3,all,all(ichimoku+ts_momentum+zscore),all(ichimoku+dual_momentum+bb_reversion),0.5985169072374377,0.4084507042253521,False,False
short,3,all,all(ichimoku+ts_momentum+zscore),all(ichimoku+dual_momentum+zscore),0.6295751020882544,0.4461538461538462,False,False
short,3,all,all(ichimoku+dual_momentum+rsi),all(ichimoku+dual_momentum+bb_reversion),0.5257921984169253,0.3504273504273504,False,False
short,3,all,all(ichimoku+dual_momentum+rsi),all(ichimoku+dual_momentum+zscore),0.5534901417004296,0.36936936936936937,False,False
short,3,all,all(ichimoku+dual_momentum+bb_reversion),all(ichimoku+dual_momentum+zscore),0.9508545495255278,0.9047619047619048,False,True
short,3,all,all(ichimoku+ts_momentum+stochastic),all(ichimoku+dual_momentum+stochastic),0.8316083297600184,0.7133333333333334,False,True
short,3,all,all(ichimoku+ts_momentum+vwap_reversion),all(ichimoku+dual_momentum+vwap_reversion),0.8120837718645414,0.6853932584269663,False,True
short,3,all,all(ichimoku+ts_momentum+ou_reversion),all(ichimoku+dual_momentum+ou_reversion),0.707722732520558,0.5348837209302325,False,False
short,3,all,all(ichimoku+ts_momentum+obv_trend),all(ichimoku+dual_momentum+obv_trend),0.9445680507429121,0.9215767634854771,False,True
short,3,all,all(ichimoku+sma_regime+rsi),all(ichimoku+sma_regime+bb_reversion),0.7005675024314988,0.5327868852459017,False,False
short,3,all,all(ichimoku+sma_regime+rsi),all(ichimoku+sma_regime+zscore),0.7051412919475919,0.5371900826446281,False,False
short,3,all,all(ichimoku+sma_regime+bb_reversion),all(ichimoku+sma_regime+zscore),0.9935922364051825,0.9873417721518988,False,True
short,3,all,all(ichimoku+adx_trend+rsi),all(ichimoku+adx_trend+bb_reversion),0.8658736868740913,0.75,False,True
short,3,all,all(ichimoku+adx_trend+rsi),all(ichimoku+adx_trend+zscore),0.8658736868740913,0.75,False,True
short,3,all,all(ichimoku+adx_trend+bb_reversion),all(ichimoku+adx_trend+zscore),1.0,1.0,False,True
short,3,all,all(ichimoku+hurst_switch+rsi),all(ichimoku+hurst_switch+bb_reversion),0.8298109105895851,0.7096774193548387,False,True
short,3,all,all(ichimoku+hurst_switch+rsi),all(ichimoku+hurst_switch+zscore),0.8298109105895851,0.7096774193548387,False,True
short,3,all,all(ichimoku+hurst_switch+bb_reversion),all(ichimoku+hurst_switch+zscore),0.9999999999999999,1.0,False,True
short,3,all,all(ichimoku+vol_regime+rsi),all(ichimoku+vol_regime+bb_reversion),0.7316832511022084,0.5737704918032787,False,False
short,3,all,all(ichimoku+vol_regime+rsi),all(ichimoku+vol_regime+zscore),0.7404309067029676,0.5833333333333334,False,False
short,3,all,all(ichimoku+vol_regime+bb_reversion),all(ichimoku+vol_regime+zscore),0.988245758456838,0.9767441860465116,False,True
short,3,all,all(ichimoku+breakout+rsi),all(ichimoku+breakout+bb_reversion),,0.0,False,False
short,3,all,all(ichimoku+breakout+rsi),all(ichimoku+breakout+zscore),,0.0,False,False
short,3,all,all(ichimoku+breakout+bb_reversion),all(ichimoku+breakout+zscore),0.9999999999999999,1.0,False,True
short,3,all,all(ichimoku+bb_breakout+rsi),all(ichimoku+bb_breakout+bb_reversion),,,True,True
short,3,all,all(ichimoku+bb_breakout+rsi),all(ichimoku+bb_breakout+zscore),,,True,True
short,3,all,all(ichimoku+bb_breakout+bb_reversion),all(ichimoku+bb_breakout+zscore),,,True,True
short,3,all,all(ichimoku+keltner+rsi),all(ichimoku+keltner+bb_reversion),,,True,True
short,3,all,all(ichimoku+keltner+rsi),all(ichimoku+keltner+zscore),,,True,True
short,3,all,all(ichimoku+keltner+bb_reversion),all(ichimoku+keltner+zscore),,,True,True
short,3,all,all(ichimoku+rsi+stochastic),all(ichimoku+stochastic+bb_reversion),0.759218821224665,0.6020408163265306,False,False
short,3,all,all(ichimoku+rsi+stochastic),all(ichimoku+stochastic+zscore),0.7773726709511402,0.6210526315789474,False,False
short,3,all,all(ichimoku+stochastic+bb_reversion),all(ichimoku+stochastic+zscore),0.9768361748463154,0.9545454545454546,False,True
short,3,all,all(ichimoku+rsi+vwap_reversion),all(ichimoku+bb_reversion+vwap_reversion),0.6861343004180893,0.5147058823529411,False,False
short,3,all,all(ichimoku+rsi+vwap_reversion),all(ichimoku+zscore+vwap_reversion),0.6889763285205802,0.5172413793103449,False,False
short,3,all,all(ichimoku+bb_reversion+vwap_reversion),all(ichimoku+zscore+vwap_reversion),0.9959648821134472,0.9920634920634921,False,True
short,3,all,all(ichimoku+rsi+ou_reversion),all(ichimoku+bb_reversion+ou_reversion),0.8922419214493548,0.7981651376146789,False,True
short,3,all,all(ichimoku+rsi+ou_reversion),all(ichimoku+zscore+ou_reversion),0.8922419214493548,0.7981651376146789,False,True
short,3,all,all(ichimoku+bb_reversion+ou_reversion),all(ichimoku+zscore+ou_reversion),1.0,1.0,False,True
short,3,all,all(ichimoku+rsi+obv_trend),all(ichimoku+bb_reversion+obv_trend),0.39791753577875405,0.23529411764705882,False,False
short,3,all,all(ichimoku+rsi+obv_trend),all(ichimoku+zscore+obv_trend),0.4206854234591983,0.24615384615384617,False,False
short,3,all,all(ichimoku+bb_reversion+obv_trend),all(ichimoku+zscore+obv_trend),0.9466979440904019,0.896551724137931,False,True
short,3,all,all(ts_momentum+sma_regime+adx_trend),all(dual_momentum+sma_regime+adx_trend),0.9627956358335874,0.9406364749082007,False,True
short,3,all,all(ts_momentum+sma_regime+hurst_switch),all(dual_momentum+sma_regime+hurst_switch),0.9565373413564723,0.919889502762431,False,True
short,3,all,all(ts_momentum+sma_regime+vol_regime),all(dual_momentum+sma_regime+vol_regime),0.9160779595661943,0.8672752808988764,False,True
short,3,all,all(ts_momentum+sma_regime+breakout),all(dual_momentum+sma_regime+breakout),0.9526080290632981,0.9280125195618153,False,True
short,3,all,all(ts_momentum+sma_regime+bb_breakout),all(dual_momentum+sma_regime+bb_breakout),0.9705541155023916,0.9529051987767584,False,True
short,3,all,all(ts_momentum+sma_regime+keltner),all(dual_momentum+sma_regime+keltner),0.9841739583807709,0.9710564399421129,False,True
short,3,all,all(ts_momentum+sma_regime+rsi),all(ts_momentum+sma_regime+bb_reversion),0.6217662648150437,0.39705882352941174,False,False
short,3,all,all(ts_momentum+sma_regime+rsi),all(ts_momentum+sma_regime+zscore),0.6217662648150437,0.39705882352941174,False,False
short,3,all,all(ts_momentum+sma_regime+rsi),all(dual_momentum+sma_regime+rsi),0.6445402627549335,0.4752475247524752,False,False
short,3,all,all(ts_momentum+sma_regime+rsi),all(dual_momentum+sma_regime+bb_reversion),0.3124648125115209,0.1827956989247312,False,False
short,3,all,all(ts_momentum+sma_regime+rsi),all(dual_momentum+sma_regime+zscore),0.3124648125115209,0.1827956989247312,False,False
short,3,all,all(ts_momentum+sma_regime+bb_reversion),all(ts_momentum+sma_regime+zscore),1.0,1.0,False,True
short,3,all,all(ts_momentum+sma_regime+bb_reversion),all(dual_momentum+sma_regime+rsi),0.3514499903332352,0.1827956989247312,False,False
short,3,all,all(ts_momentum+sma_regime+bb_reversion),all(dual_momentum+sma_regime+bb_reversion),0.5168441157609066,0.33962264150943394,False,False
short,3,all,all(ts_momentum+sma_regime+bb_reversion),all(dual_momentum+sma_regime+zscore),0.5168441157609066,0.33962264150943394,False,False
short,3,all,all(ts_momentum+sma_regime+zscore),all(dual_momentum+sma_regime+rsi),0.3514499903332352,0.1827956989247312,False,False
short,3,all,all(ts_momentum+sma_regime+zscore),all(dual_momentum+sma_regime+bb_reversion),0.5168441157609066,0.33962264150943394,False,False
short,3,all,all(ts_momentum+sma_regime+zscore),all(dual_momentum+sma_regime+zscore),0.5168441157609066,0.33962264150943394,False,False
short,3,all,all(dual_momentum+sma_regime+rsi),all(dual_momentum+sma_regime+bb_reversion),0.65463287662605,0.45348837209302323,False,False
short,3,all,all(dual_momentum+sma_regime+rsi),all(dual_momentum+sma_regime+zscore),0.65463287662605,0.45348837209302323,False,False
short,3,all,all(dual_momentum+sma_regime+bb_reversion),all(dual_momentum+sma_regime+zscore),1.0,1.0,False,True
short,3,all,all(ts_momentum+sma_regime+stochastic),all(dual_momentum+sma_regime+stochastic),0.8125014357976542,0.6875,False,True
short,3,all,all(ts_momentum+sma_regime+vwap_reversion),all(dual_momentum+sma_regime+vwap_reversion),0.7911613486438375,0.657258064516129,False,False
short,3,all,all(ts_momentum+sma_regime+ou_reversion),all(dual_momentum+sma_regime+ou_reversion),0.5923304654310422,0.41935483870967744,False,False
short,3,all,all(ts_momentum+sma_regime+obv_trend),all(dual_momentum+sma_regime+obv_trend),0.9393739136410747,0.9129483814523185,False,True
short,3,all,all(ts_momentum+adx_trend+hurst_switch),all(dual_momentum+adx_trend+hurst_switch),0.9669112850472841,0.93717277486911,False,True
short,3,all,all(ts_momentum+adx_trend+vol_regime),all(dual_momentum+adx_trend+vol_regime),0.9639511355055771,0.9358974358974359,False,True
short,3,all,all(ts_momentum+adx_trend+breakout),all(dual_momentum+adx_trend+breakout),0.9572212605325744,0.934926283680732,False,True
short,3,all,all(ts_momentum+adx_trend+bb_breakout),all(dual_momentum+adx_trend+bb_breakout),0.9698503787403189,0.9522422830518346,False,True
short,3,all,all(ts_momentum+adx_trend+keltner),all(dual_momentum+adx_trend+keltner),0.984740536088569,0.972183588317107,False,True
short,3,all,all(ts_momentum+adx_trend+rsi),all(ts_momentum+adx_trend+bb_reversion),0.9534069077207777,0.9090909090909091,False,True
short,3,all,all(ts_momentum+adx_trend+rsi),all(ts_momentum+adx_trend+zscore),0.9534069077207777,0.9090909090909091,False,True
short,3,all,all(ts_momentum+adx_trend+rsi),all(dual_momentum+adx_trend+rsi),0.6151196928171392,0.4166666666666667,False,False
short,3,all,all(ts_momentum+adx_trend+rsi),all(dual_momentum+adx_trend+bb_reversion),0.6151196928171392,0.4166666666666667,False,False
short,3,all,all(ts_momentum+adx_trend+rsi),all(dual_momentum+adx_trend+zscore),0.6151196928171392,0.4166666666666667,False,False
short,3,all,all(ts_momentum+adx_trend+bb_reversion),all(ts_momentum+adx_trend+zscore),1.0,1.0,False,True
short,3,all,all(ts_momentum+adx_trend+bb_reversion),all(dual_momentum+adx_trend+rsi),0.6451957486297869,0.45454545454545453,False,False
short,3,all,all(ts_momentum+adx_trend+bb_reversion),all(dual_momentum+adx_trend+bb_reversion),0.6451957486297869,0.45454545454545453,False,False
short,3,all,all(ts_momentum+adx_trend+bb_reversion),all(dual_momentum+adx_trend+zscore),0.6451957486297869,0.45454545454545453,False,False
short,3,all,all(ts_momentum+adx_trend+zscore),all(dual_momentum+adx_trend+rsi),0.6451957486297869,0.45454545454545453,False,False
short,3,all,all(ts_momentum+adx_trend+zscore),all(dual_momentum+adx_trend+bb_reversion),0.6451957486297869,0.45454545454545453,False,False
short,3,all,all(ts_momentum+adx_trend+zscore),all(dual_momentum+adx_trend+zscore),0.6451957486297869,0.45454545454545453,False,False
short,3,all,all(dual_momentum+adx_trend+rsi),all(dual_momentum+adx_trend+bb_reversion),0.8332165927309492,0.7142857142857143,False,True
short,3,all,all(dual_momentum+adx_trend+rsi),all(dual_momentum+adx_trend+zscore),0.8332165927309492,0.7142857142857143,False,True
short,3,all,all(dual_momentum+adx_trend+bb_reversion),all(dual_momentum+adx_trend+zscore),0.9999999999999999,1.0,False,True
short,3,all,all(ts_momentum+adx_trend+stochastic),all(dual_momentum+adx_trend+stochastic),0.6232258191275828,0.40625,False,False
short,3,all,all(ts_momentum+adx_trend+vwap_reversion),all(dual_momentum+adx_trend+vwap_reversion),0.7554872129502108,0.6,False,False
short,3,all,all(ts_momentum+adx_trend+ou_reversion),all(dual_momentum+adx_trend+ou_reversion),0.5666930211582049,0.375,False,False
short,3,all,all(ts_momentum+adx_trend+obv_trend),all(dual_momentum+adx_trend+obv_trend),0.9498669823865133,0.924720738222438,False,True
short,3,all,all(ts_momentum+hurst_switch+vol_regime),all(dual_momentum+hurst_switch+vol_regime),0.9311096476257196,0.8717948717948718,False,True
short,3,all,all(ts_momentum+hurst_switch+breakout),all(dual_momentum+hurst_switch+breakout),0.9770460299263162,0.9559471365638766,False,True
short,3,all,all(ts_momentum+hurst_switch+bb_breakout),all(dual_momentum+hurst_switch+bb_breakout),0.9702555647526082,0.9432989690721649,False,True
short,3,all,all(ts_momentum+hurst_switch+keltner),all(dual_momentum+hurst_switch+keltner),0.982524942759517,0.9658119658119658,False,True
short,3,all,all(ts_momentum+hurst_switch+rsi),all(ts_momentum+hurst_switch+bb_reversion),0.7744157943600299,0.6,False,False
short,3,all,all(ts_momentum+hurst_switch+rsi),all(ts_momentum+hurst_switch+zscore),0.7744157943600299,0.6,False,False
short,3,all,all(ts_momentum+hurst_switch+rsi),all(dual_momentum+hurst_switch+rsi),0.5766755578814208,0.3333333333333333,False,False
short,3,all,all(ts_momentum+hurst_switch+rsi),all(dual_momentum+hurst_switch+bb_reversion),0.35114451907204913,0.18181818181818182,False,False
short,3,all,all(ts_momentum+hurst_switch+rsi),all(dual_momentum+hurst_switch+zscore),0.35114451907204913,0.18181818181818182,False,False
short,3,all,all(ts_momentum+hurst_switch+bb_reversion),all(ts_momentum+hurst_switch+zscore),1.0,1.0,False,True
short,3,all,all(ts_momentum+hurst_switch+bb_reversion),all(dual_momentum+hurst_switch+rsi),0.4465866602447607,0.2,False,False
short,3,all,all(ts_momentum+hurst_switch+bb_reversion),all(dual_momentum+hurst_switch+bb_reversion),0.45424776001464423,0.20689655172413793,False,False
short,3,all,all(ts_momentum+hurst_switch+bb_reversion),all(dual_momentum+hurst_switch+zscore),0.45424776001464423,0.20689655172413793,False,False
short,3,all,all(ts_momentum+hurst_switch+zscore),all(dual_momentum+hurst_switch+rsi),0.4465866602447607,0.2,False,False
short,3,all,all(ts_momentum+hurst_switch+zscore),all(dual_momentum+hurst_switch+bb_reversion),0.45424776001464423,0.20689655172413793,False,False
short,3,all,all(ts_momentum+hurst_switch+zscore),all(dual_momentum+hurst_switch+zscore),0.45424776001464423,0.20689655172413793,False,False
short,3,all,all(dual_momentum+hurst_switch+rsi),all(dual_momentum+hurst_switch+bb_reversion),0.8470535196118429,0.7352941176470589,False,True
short,3,all,all(dual_momentum+hurst_switch+rsi),all(dual_momentum+hurst_switch+zscore),0.8470535196118429,0.7352941176470589,False,True
short,3,all,all(dual_momentum+hurst_switch+bb_reversion),all(dual_momentum+hurst_switch+zscore),1.0,1.0,False,True
short,3,all,all(ts_momentum+hurst_switch+stochastic),all(dual_momentum+hurst_switch+stochastic),0.8784334258757815,0.7777777777777778,False,True
short,3,all,all(ts_momentum+hurst_switch+vwap_reversion),all(dual_momentum+hurst_switch+vwap_reversion),0.8126501594925095,0.6625,False,True
short,3,all,all(ts_momentum+hurst_switch+ou_reversion),all(dual_momentum+hurst_switch+ou_reversion),0.5266462415124648,0.2777777777777778,False,False
short,3,all,all(ts_momentum+hurst_switch+obv_trend),all(dual_momentum+hurst_switch+obv_trend),0.9717789302648663,0.9465648854961832,False,True
short,3,all,all(ts_momentum+vol_regime+breakout),all(dual_momentum+vol_regime+breakout),0.954036921385823,0.920392584514722,False,True
short,3,all,all(ts_momentum+vol_regime+bb_breakout),all(dual_momentum+vol_regime+bb_breakout),0.9729894709602955,0.9515477792732167,False,True
short,3,all,all(ts_momentum+vol_regime+keltner),all(dual_momentum+vol_regime+keltner),0.9935252041547731,0.9874476987447699,False,True
short,3,all,all(ts_momentum+vol_regime+rsi),all(ts_momentum+vol_regime+bb_reversion),0.6240935702526921,0.40540540540540543,False,False
short,3,all,all(ts_momentum+vol_regime+rsi),all(ts_momentum+vol_regime+zscore),0.6240935702526921,0.40540540540540543,False,False
short,3,all,all(ts_momentum+vol_regime+rsi),all(dual_momentum+vol_regime+rsi),0.5986078101365988,0.42857142857142855,False,False
short,3,all,all(ts_momentum+vol_regime+rsi),all(dual_momentum+vol_regime+bb_reversion),0.32148892020782577,0.17777777777777778,False,False
short,3,all,all(ts_momentum+vol_regime+rsi),all(dual_momentum+vol_regime+zscore),0.32148892020782577,0.17777777777777778,False,False
short,3,all,all(ts_momentum+vol_regime+bb_reversion),all(ts_momentum+vol_regime+zscore),1.0,1.0,False,True
short,3,all,all(ts_momentum+vol_regime+bb_reversion),all(dual_momentum+vol_regime+rsi),0.3412717389987117,0.19047619047619047,False,False
short,3,all,all(ts_momentum+vol_regime+bb_reversion),all(dual_momentum+vol_regime+bb_reversion),0.544829897204548,0.375,False,False
short,3,all,all(ts_momentum+vol_regime+bb_reversion),all(dual_momentum+vol_regime+zscore),0.544829897204548,0.375,False,False
short,3,all,all(ts_momentum+vol_regime+zscore),all(dual_momentum+vol_regime+rsi),0.3412717389987117,0.19047619047619047,False,False
short,3,all,all(ts_momentum+vol_regime+zscore),all(dual_momentum+vol_regime+bb_reversion),0.544829897204548,0.375,False,False
short,3,all,all(ts_momentum+vol_regime+zscore),all(dual_momentum+vol_regime+zscore),0.544829897204548,0.375,False,False
short,3,all,all(dual_momentum+vol_regime+rsi),all(dual_momentum+vol_regime+bb_reversion),0.6229665874224357,0.4166666666666667,False,False
short,3,all,all(dual_momentum+vol_regime+rsi),all(dual_momentum+vol_regime+zscore),0.6229665874224357,0.4166666666666667,False,False
short,3,all,all(dual_momentum+vol_regime+bb_reversion),all(dual_momentum+vol_regime+zscore),1.0,1.0,False,True
short,3,all,all(ts_momentum+vol_regime+stochastic),all(dual_momentum+vol_regime+stochastic),0.8138068817739408,0.686046511627907,False,True
short,3,all,all(ts_momentum+vol_regime+vwap_reversion),all(dual_momentum+vol_regime+vwap_reversion),0.7764634293918816,0.6377952755905512,False,False
short,3,all,all(ts_momentum+vol_regime+ou_reversion),all(dual_momentum+vol_regime+ou_reversion),0.6385511400031995,0.4666666666666667,False,False
short,3,all,all(ts_momentum+vol_regime+obv_trend),all(dual_momentum+vol_regime+obv_trend),0.9401085099828904,0.8998257839721254,False,True
short,3,all,all(ts_momentum+breakout+bb_breakout),all(dual_momentum+breakout+bb_breakout),0.9603729426680306,0.9395325203252033,False,True
short,3,all,all(ts_momentum+breakout+keltner),all(dual_momentum+breakout+keltner),0.9810635528430631,0.9654178674351584,False,True
short,3,all,all(ts_momentum+breakout+rsi),all(ts_momentum+breakout+bb_reversion),,0.0,False,False
short,3,all,all(ts_momentum+breakout+rsi),all(ts_momentum+breakout+zscore),,0.0,False,False
short,3,all,all(ts_momentum+breakout+rsi),all(dual_momentum+breakout+rsi),,,True,True
short,3,all,all(ts_momentum+breakout+rsi),all(dual_momentum+breakout+bb_reversion),,0.0,False,False
short,3,all,all(ts_momentum+breakout+rsi),all(dual_momentum+breakout+zscore),,0.0,False,False
short,3,all,all(ts_momentum+breakout+bb_reversion),all(ts_momentum+breakout+zscore),0.8365134883025434,0.7,False,True
short,3,all,all(ts_momentum+breakout+bb_reversion),all(dual_momentum+breakout+rsi),,0.0,False,False
short,3,all,all(ts_momentum+breakout+bb_reversion),all(dual_momentum+breakout+bb_reversion),0.8431016961694691,0.7272727272727273,False,True
short,3,all,all(ts_momentum+breakout+bb_reversion),all(dual_momentum+breakout+zscore),0.7168719889577745,0.5454545454545454,False,False
short,3,all,all(ts_momentum+breakout+zscore),all(dual_momentum+breakout+rsi),,0.0,False,False
short,3,all,all(ts_momentum+breakout+zscore),all(dual_momentum+breakout+bb_reversion),0.755708280646682,0.6,False,False
short,3,all,all(ts_momentum+breakout+zscore),all(dual_momentum+breakout+zscore),0.8570261029105158,0.75,False,True
short,3,all,all(dual_momentum+breakout+rsi),all(dual_momentum+breakout+bb_reversion),,0.0,False,False
short,3,all,all(dual_momentum+breakout+rsi),all(dual_momentum+breakout+zscore),,0.0,False,False
short,3,all,all(dual_momentum+breakout+bb_reversion),all(dual_momentum+breakout+zscore),0.8818141301221126,0.7777777777777778,False,True
short,3,all,all(ts_momentum+breakout+stochastic),all(dual_momentum+breakout+stochastic),0.8702154338736009,0.7692307692307693,False,True
short,3,all,all(ts_momentum+breakout+vwap_reversion),all(dual_momentum+breakout+vwap_reversion),0.82701569879019,0.7,False,True
short,3,all,all(ts_momentum+breakout+ou_reversion),all(dual_momentum+breakout+ou_reversion),0.8570261029105158,0.75,False,True
short,3,all,all(ts_momentum+breakout+obv_trend),all(dual_momentum+breakout+obv_trend),0.9389524807791371,0.9138991389913899,False,True
short,3,all,all(ts_momentum+bb_breakout+keltner),all(dual_momentum+bb_breakout+keltner),0.9839937940768847,0.9708333333333333,False,True
short,3,all,all(ts_momentum+bb_breakout+rsi),all(ts_momentum+bb_breakout+bb_reversion),,,True,True
short,3,all,all(ts_momentum+bb_breakout+rsi),all(ts_momentum+bb_breakout+zscore),,,True,True
short,3,all,all(ts_momentum+bb_breakout+rsi),all(dual_momentum+bb_breakout+rsi),,,True,True
short,3,all,all(ts_momentum+bb_breakout+rsi),all(dual_momentum+bb_breakout+bb_reversion),,,True,True
short,3,all,all(ts_momentum+bb_breakout+rsi),all(dual_momentum+bb_breakout+zscore),,,True,True
short,3,all,all(ts_momentum+bb_breakout+bb_reversion),all(ts_momentum+bb_breakout+zscore),,,True,True
short,3,all,all(ts_momentum+bb_breakout+bb_reversion),all(dual_momentum+bb_breakout+rsi),,,True,True
short,3,all,all(ts_momentum+bb_breakout+bb_reversion),all(dual_momentum+bb_breakout+bb_reversion),,,True,True
short,3,all,all(ts_momentum+bb_breakout+bb_reversion),all(dual_momentum+bb_breakout+zscore),,,True,True
short,3,all,all(ts_momentum+bb_breakout+zscore),all(dual_momentum+bb_breakout+rsi),,,True,True
short,3,all,all(ts_momentum+bb_breakout+zscore),all(dual_momentum+bb_breakout+bb_reversion),,,True,True
short,3,all,all(ts_momentum+bb_breakout+zscore),all(dual_momentum+bb_breakout+zscore),,,True,True
short,3,all,all(dual_momentum+bb_breakout+rsi),all(dual_momentum+bb_breakout+bb_reversion),,,True,True
short,3,all,all(dual_momentum+bb_breakout+rsi),all(dual_momentum+bb_breakout+zscore),,,True,True
short,3,all,all(dual_momentum+bb_breakout+bb_reversion),all(dual_momentum+bb_breakout+zscore),,,True,True
short,3,all,all(ts_momentum+bb_breakout+stochastic),all(dual_momentum+bb_breakout+stochastic),,,True,True
short,3,all,all(ts_momentum+bb_breakout+vwap_reversion),all(dual_momentum+bb_breakout+vwap_reversion),,,True,True
short,3,all,all(ts_momentum+bb_breakout+ou_reversion),all(dual_momentum+bb_breakout+ou_reversion),,,True,True
short,3,all,all(ts_momentum+bb_breakout+obv_trend),all(dual_momentum+bb_breakout+obv_trend),0.9606424026189864,0.9401408450704225,False,True
short,3,all,all(ts_momentum+keltner+rsi),all(ts_momentum+keltner+bb_reversion),,,True,True
short,3,all,all(ts_momentum+keltner+rsi),all(ts_momentum+keltner+zscore),,,True,True
short,3,all,all(ts_momentum+keltner+rsi),all(dual_momentum+keltner+rsi),,,True,True
short,3,all,all(ts_momentum+keltner+rsi),all(dual_momentum+keltner+bb_reversion),,,True,True
short,3,all,all(ts_momentum+keltner+rsi),all(dual_momentum+keltner+zscore),,,True,True
short,3,all,all(ts_momentum+keltner+bb_reversion),all(ts_momentum+keltner+zscore),,,True,True
short,3,all,all(ts_momentum+keltner+bb_reversion),all(dual_momentum+keltner+rsi),,,True,True
short,3,all,all(ts_momentum+keltner+bb_reversion),all(dual_momentum+keltner+bb_reversion),,,True,True
short,3,all,all(ts_momentum+keltner+bb_reversion),all(dual_momentum+keltner+zscore),,,True,True
short,3,all,all(ts_momentum+keltner+zscore),all(dual_momentum+keltner+rsi),,,True,True
short,3,all,all(ts_momentum+keltner+zscore),all(dual_momentum+keltner+bb_reversion),,,True,True
short,3,all,all(ts_momentum+keltner+zscore),all(dual_momentum+keltner+zscore),,,True,True
short,3,all,all(dual_momentum+keltner+rsi),all(dual_momentum+keltner+bb_reversion),,,True,True
short,3,all,all(dual_momentum+keltner+rsi),all(dual_momentum+keltner+zscore),,,True,True
short,3,all,all(dual_momentum+keltner+bb_reversion),all(dual_momentum+keltner+zscore),,,True,True
short,3,all,all(ts_momentum+keltner+stochastic),all(dual_momentum+keltner+stochastic),,,True,True
short,3,all,all(ts_momentum+keltner+vwap_reversion),all(dual_momentum+keltner+vwap_reversion),,,True,True
short,3,all,all(ts_momentum+keltner+ou_reversion),all(dual_momentum+keltner+ou_reversion),,,True,True
short,3,all,all(ts_momentum+keltner+obv_trend),all(dual_momentum+keltner+obv_trend),0.9816226797399039,0.9665271966527197,False,True
short,3,all,all(ts_momentum+rsi+stochastic),all(ts_momentum+stochastic+bb_reversion),0.6612749629597957,0.46774193548387094,False,False
short,3,all,all(ts_momentum+rsi+stochastic),all(ts_momentum+stochastic+zscore),0.6939183661422549,0.4915254237288136,False,False
short,3,all,all(ts_momentum+rsi+stochastic),all(dual_momentum+rsi+stochastic),0.6814660356773627,0.5111111111111111,False,False
short,3,all,all(ts_momentum+rsi+stochastic),all(dual_momentum+stochastic+bb_reversion),0.3561432917923722,0.21839080459770116,False,False
short,3,all,all(ts_momentum+rsi+stochastic),all(dual_momentum+stochastic+zscore),0.36815822749992255,0.2261904761904762,False,False
short,3,all,all(ts_momentum+stochastic+bb_reversion),all(ts_momentum+stochastic+zscore),0.9532951437434799,0.9090909090909091,False,True
short,3,all,all(ts_momentum+stochastic+bb_reversion),all(dual_momentum+rsi+stochastic),0.3709824458024852,0.20652173913043478,False,False
short,3,all,all(ts_momentum+stochastic+bb_reversion),all(dual_momentum+stochastic+bb_reversion),0.525484840279432,0.35,False,False
short,3,all,all(ts_momentum+stochastic+bb_reversion),all(dual_momentum+stochastic+zscore),0.49078685169124353,0.3220338983050847,False,False
short,3,all,all(ts_momentum+stochastic+zscore),all(dual_momentum+rsi+stochastic),0.3895892405910716,0.21348314606741572,False,False
short,3,all,all(ts_momentum+stochastic+zscore),all(dual_momentum+stochastic+bb_reversion),0.49853553075158613,0.3220338983050847,False,False
short,3,all,all(ts_momentum+stochastic+zscore),all(dual_momentum+stochastic+zscore),0.5150817102390021,0.3392857142857143,False,False
short,3,all,all(dual_momentum+rsi+stochastic),all(dual_momentum+stochastic+bb_reversion),0.7007626759647116,0.5180722891566265,False,False
short,3,all,all(dual_momentum+rsi+stochastic),all(dual_momentum+stochastic+zscore),0.7070803542680413,0.5185185185185185,False,False
short,3,all,all(dual_momentum+stochastic+bb_reversion),all(dual_momentum+stochastic+zscore),0.9680754956908573,0.9375,False,True
short,3,all,all(ts_momentum+rsi+vwap_reversion),all(ts_momentum+bb_reversion+vwap_reversion),0.7078197026641546,0.512396694214876,False,False
short,3,all,all(ts_momentum+rsi+vwap_reversion),all(ts_momentum+zscore+vwap_reversion),0.6958549707505757,0.49586776859504134,False,False
short,3,all,all(ts_momentum+rsi+vwap_reversion),all(dual_momentum+rsi+vwap_reversion),0.5282590051092845,0.34854771784232363,False,False
short,3,all,all(ts_momentum+rsi+vwap_reversion),all(dual_momentum+bb_reversion+vwap_reversion),0.29048005608953226,0.17674418604651163,False,False
short,3,all,all(ts_momentum+rsi+vwap_reversion),all(dual_momentum+zscore+vwap_reversion),0.2952982827952067,0.18009478672985782,False,False
short,3,all,all(ts_momentum+bb_reversion+vwap_reversion),all(ts_momentum+zscore+vwap_reversion),0.9841353192902397,0.96875,False,True
short,3,all,all(ts_momentum+bb_reversion+vwap_reversion),all(dual_momentum+rsi+vwap_reversion),0.3226457986985123,0.16379310344827586,False,False
short,3,all,all(ts_momentum+bb_reversion+vwap_reversion),all(dual_momentum+bb_reversion+vwap_reversion),0.4260550189786202,0.25316455696202533,False,False
short,3,all,all(ts_momentum+bb_reversion+vwap_reversion),all(dual_momentum+zscore+vwap_reversion),0.4327887247864845,0.2597402597402597,False,False
short,3,all,all(ts_momentum+zscore+vwap_reversion),all(dual_momentum+rsi+vwap_reversion),0.32820199662949245,0.16521739130434782,False,False
short,3,all,all(ts_momentum+zscore+vwap_reversion),all(dual_momentum+bb_reversion+vwap_reversion),0.4331684409078872,0.2564102564102564,False,False
short,3,all,all(ts_momentum+zscore+vwap_reversion),all(dual_momentum+zscore+vwap_reversion),0.4400037898834298,0.2631578947368421,False,False
short,3,all,all(dual_momentum+rsi+vwap_reversion),all(dual_momentum+bb_reversion+vwap_reversion),0.6986866255923014,0.5246636771300448,False,False
short,3,all,all(dual_momentum+rsi+vwap_reversion),all(dual_momentum+zscore+vwap_reversion),0.6848534034648031,0.5067264573991032,False,False
short,3,all,all(dual_momentum+bb_reversion+vwap_reversion),all(dual_momentum+zscore+vwap_reversion),0.9847281738040593,0.9701492537313433,False,True
short,3,all,all(ts_momentum+rsi+ou_reversion),all(ts_momentum+bb_reversion+ou_reversion),0.9063396380016,0.8222222222222222,False,True
short,3,all,all(ts_momentum+rsi+ou_reversion),all(ts_momentum+zscore+ou_reversion),0.9063396380016,0.8222222222222222,False,True
short,3,all,all(ts_momentum+rsi+ou_reversion),all(dual_momentum+rsi+ou_reversion),0.4350063613735509,0.2553191489361702,False,False
short,3,all,all(ts_momentum+rsi+ou_reversion),all(dual_momentum+bb_reversion+ou_reversion),0.3967270085328518,0.21818181818181817,False,False
short,3,all,all(ts_momentum+rsi+ou_reversion),all(dual_momentum+zscore+ou_reversion),0.3967270085328518,0.21818181818181817,False,False
short,3,all,all(ts_momentum+bb_reversion+ou_reversion),all(ts_momentum+zscore+ou_reversion),1.0,1.0,False,True
short,3,all,all(ts_momentum+bb_reversion+ou_reversion),all(dual_momentum+rsi+ou_reversion),0.39337201668887156,0.23529411764705882,False,False
short,3,all,all(ts_momentum+bb_reversion+ou_reversion),all(dual_momentum+bb_reversion+ou_reversion),0.46536170724379305,0.27927927927927926,False,False
short,3,all,all(ts_momentum+bb_reversion+ou_reversion),all(dual_momentum+zscore+ou_reversion),0.46536170724379305,0.27927927927927926,False,False
short,3,all,all(ts_momentum+zscore+ou_reversion),all(dual_momentum+rsi+ou_reversion),0.39337201668887156,0.23529411764705882,False,False
short,3,all,all(ts_momentum+zscore+ou_reversion),all(dual_momentum+bb_reversion+ou_reversion),0.46536170724379305,0.27927927927927926,False,False
short,3,all,all(ts_momentum+zscore+ou_reversion),all(dual_momentum+zscore+ou_reversion),0.46536170724379305,0.27927927927927926,False,False
short,3,all,all(dual_momentum+rsi+ou_reversion),all(dual_momentum+bb_reversion+ou_reversion),0.9129501731031563,0.8350515463917526,False,True
short,3,all,all(dual_momentum+rsi+ou_reversion),all(dual_momentum+zscore+ou_reversion),0.9129501731031563,0.8350515463917526,False,True
short,3,all,all(dual_momentum+bb_reversion+ou_reversion),all(dual_momentum+zscore+ou_reversion),0.9999999999999999,1.0,False,True
short,3,all,all(ts_momentum+rsi+obv_trend),all(ts_momentum+bb_reversion+obv_trend),0.5326751049221068,0.32786885245901637,False,False
short,3,all,all(ts_momentum+rsi+obv_trend),all(ts_momentum+zscore+obv_trend),0.5818256877641584,0.3508771929824561,False,False
short,3,all,all(ts_momentum+rsi+obv_trend),all(dual_momentum+rsi+obv_trend),0.6836671949997157,0.5211267605633803,False,False
short,3,all,all(ts_momentum+rsi+obv_trend),all(dual_momentum+bb_reversion+obv_trend),0.24773046733327297,0.12857142857142856,False,False
short,3,all,all(ts_momentum+rsi+obv_trend),all(dual_momentum+zscore+obv_trend),0.2733036680858516,0.13636363636363635,False,False
short,3,all,all(ts_momentum+bb_reversion+obv_trend),all(ts_momentum+zscore+obv_trend),0.9163007494820382,0.84,False,True
short,3,all,all(ts_momentum+bb_reversion+obv_trend),all(dual_momentum+rsi+obv_trend),0.24651639498355044,0.1323529411764706,False,False
short,3,all,all(ts_momentum+bb_reversion+obv_trend),all(dual_momentum+bb_reversion+obv_trend),0.5826743608912284,0.4117647058823529,False,False
short,3,all,all(ts_momentum+bb_reversion+obv_trend),all(dual_momentum+zscore+obv_trend),0.45746305117301117,0.29411764705882354,False,False
short,3,all,all(ts_momentum+zscore+obv_trend),all(dual_momentum+rsi+obv_trend),0.26964595584542894,0.140625,False,False
short,3,all,all(ts_momentum+zscore+obv_trend),all(dual_momentum+bb_reversion+obv_trend),0.4536161191892758,0.29411764705882354,False,False
short,3,all,all(ts_momentum+zscore+obv_trend),all(dual_momentum+zscore+obv_trend),0.49946125013238046,0.3333333333333333,False,False
short,3,all,all(dual_momentum+rsi+obv_trend),all(dual_momentum+bb_reversion+obv_trend),0.40254761770269487,0.22950819672131148,False,False
short,3,all,all(dual_momentum+rsi+obv_trend),all(dual_momentum+zscore+obv_trend),0.44357028029632767,0.24561403508771928,False,False
short,3,all,all(dual_momentum+bb_reversion+obv_trend),all(dual_momentum+zscore+obv_trend),0.90868070225406,0.8260869565217391,False,True
short,3,all,all(ts_momentum+stochastic+vwap_reversion),all(dual_momentum+stochastic+vwap_reversion),0.7780390438779962,0.6380368098159509,False,False
short,3,all,all(ts_momentum+stochastic+ou_reversion),all(dual_momentum+stochastic+ou_reversion),0.43559433205698433,0.25,False,False
short,3,all,all(ts_momentum+stochastic+obv_trend),all(dual_momentum+stochastic+obv_trend),0.7994635736804285,0.6601941747572816,False,False
short,3,all,all(ts_momentum+vwap_reversion+ou_reversion),all(dual_momentum+vwap_reversion+ou_reversion),0.415855037462358,0.2345679012345679,False,False
short,3,all,all(ts_momentum+vwap_reversion+obv_trend),all(dual_momentum+vwap_reversion+obv_trend),0.767423690531106,0.6265822784810127,False,False
short,3,all,all(ts_momentum+ou_reversion+obv_trend),all(dual_momentum+ou_reversion+obv_trend),0.6246496964035453,0.45454545454545453,False,False
short,3,all,all(sma_regime+adx_trend+rsi),all(sma_regime+adx_trend+bb_reversion),0.8801285291022056,0.782608695652174,False,True
short,3,all,all(sma_regime+adx_trend+rsi),all(sma_regime+adx_trend+zscore),0.8801285291022056,0.782608695652174,False,True
short,3,all,all(sma_regime+adx_trend+bb_reversion),all(sma_regime+adx_trend+zscore),1.0,1.0,False,True
short,3,all,all(sma_regime+hurst_switch+rsi),all(sma_regime+hurst_switch+bb_reversion),0.9045816821764101,0.8271604938271605,False,True
short,3,all,all(sma_regime+hurst_switch+rsi),all(sma_regime+hurst_switch+zscore),0.9045816821764101,0.8271604938271605,False,True
short,3,all,all(sma_regime+hurst_switch+bb_reversion),all(sma_regime+hurst_switch+zscore),0.9999999999999999,1.0,False,True
short,3,all,all(sma_regime+vol_regime+rsi),all(sma_regime+vol_regime+bb_reversion),0.8434146375395373,0.7349081364829396,False,True
short,3,all,all(sma_regime+vol_regime+rsi),all(sma_regime+vol_regime+zscore),0.8448710399019869,0.7368421052631579,False,True
short,3,all,all(sma_regime+vol_regime+bb_reversion),all(sma_regime+vol_regime+zscore),0.9983096150869715,0.996742671009772,False,True
short,3,all,all(sma_regime+breakout+rsi),all(sma_regime+breakout+bb_reversion),,0.0,False,False
short,3,all,all(sma_regime+breakout+rsi),all(sma_regime+breakout+zscore),,0.0,False,False
short,3,all,all(sma_regime+breakout+bb_reversion),all(sma_regime+breakout+zscore),0.9999999999999999,1.0,False,True
short,3,all,all(sma_regime+bb_breakout+rsi),all(sma_regime+bb_breakout+bb_reversion),,,True,True
short,3,all,all(sma_regime+bb_breakout+rsi),all(sma_regime+bb_breakout+zscore),,,True,True
short,3,all,all(sma_regime+bb_breakout+bb_reversion),all(sma_regime+bb_breakout+zscore),,,True,True
short,3,all,all(sma_regime+keltner+rsi),all(sma_regime+keltner+bb_reversion),,,True,True
short,3,all,all(sma_regime+keltner+rsi),all(sma_regime+keltner+zscore),,,True,True
short,3,all,all(sma_regime+keltner+bb_reversion),all(sma_regime+keltner+zscore),,,True,True
short,3,all,all(sma_regime+rsi+stochastic),all(sma_regime+stochastic+bb_reversion),0.8843242067149261,0.7972222222222223,False,True
short,3,all,all(sma_regime+rsi+stochastic),all(sma_regime+stochastic+zscore),0.8873882348228594,0.8016759776536313,False,True
short,3,all,all(sma_regime+stochastic+bb_reversion),all(sma_regime+stochastic+zscore),0.9965953751400057,0.9934426229508196,False,True
short,3,all,all(sma_regime+rsi+vwap_reversion),all(sma_regime+bb_reversion+vwap_reversion),0.8703498213634077,0.7773359840954275,False,True
short,3,all,all(sma_regime+rsi+vwap_reversion),all(sma_regime+zscore+vwap_reversion),0.8748918383681964,0.7835671342685371,False,True
short,3,all,all(sma_regime+bb_reversion+vwap_reversion),all(sma_regime+zscore+vwap_reversion),0.9949251398838594,0.9903614457831326,False,True
short,3,all,all(sma_regime+rsi+ou_reversion),all(sma_regime+bb_reversion+ou_reversion),0.9611013691632018,0.926056338028169,False,True
short,3,all,all(sma_regime+rsi+ou_reversion),all(sma_regime+zscore+ou_reversion),0.9611013691632018,0.926056338028169,False,True
short,3,all,all(sma_regime+bb_reversion+ou_reversion),all(sma_regime+zscore+ou_reversion),1.0,1.0,False,True
short,3,all,all(sma_regime+rsi+obv_trend),all(sma_regime+bb_reversion+obv_trend),0.6818645502308663,0.5188679245283019,False,False
short,3,all,all(sma_regime+rsi+obv_trend),all(sma_regime+zscore+obv_trend),0.6818645502308663,0.5188679245283019,False,False
short,3,all,all(sma_regime+bb_reversion+obv_trend),all(sma_regime+zscore+obv_trend),0.9999999999999999,1.0,False,True
short,3,all,all(adx_trend+hurst_switch+rsi),all(adx_trend+hurst_switch+bb_reversion),0.7069829915935891,0.5,False,False
short,3,all,all(adx_trend+hurst_switch+rsi),all(adx_trend+hurst_switch+zscore),0.7069829915935891,0.5,False,False
short,3,all,all(adx_trend+hurst_switch+bb_reversion),all(adx_trend+hurst_switch+zscore),1.0,1.0,False,True
short,3,all,all(adx_trend+vol_regime+rsi),all(adx_trend+vol_regime+bb_reversion),0.8055499596770076,0.6666666666666666,False,True
short,3,all,all(adx_trend+vol_regime+rsi),all(adx_trend+vol_regime+zscore),0.8055499596770076,0.6666666666666666,False,True
short,3,all,all(adx_trend+vol_regime+bb_reversion),all(adx_trend+vol_regime+zscore),1.0,1.0,False,True
short,3,all,all(adx_trend+breakout+rsi),all(adx_trend+breakout+bb_reversion),,0.0,False,False
short,3,all,all(adx_trend+breakout+rsi),all(adx_trend+breakout+zscore),,0.0,False,False
short,3,all,all(adx_trend+breakout+bb_reversion),all(adx_trend+breakout+zscore),,,True,True
short,3,all,all(adx_trend+bb_breakout+rsi),all(adx_trend+bb_breakout+bb_reversion),,,True,True
short,3,all,all(adx_trend+bb_breakout+rsi),all(adx_trend+bb_breakout+zscore),,,True,True
short,3,all,all(adx_trend+bb_breakout+bb_reversion),all(adx_trend+bb_breakout+zscore),,,True,True
short,3,all,all(adx_trend+keltner+rsi),all(adx_trend+keltner+bb_reversion),,,True,True
short,3,all,all(adx_trend+keltner+rsi),all(adx_trend+keltner+zscore),,,True,True
short,3,all,all(adx_trend+keltner+bb_reversion),all(adx_trend+keltner+zscore),,,True,True
short,3,all,all(adx_trend+rsi+stochastic),all(adx_trend+stochastic+bb_reversion),0.8345773515955559,0.7096774193548387,False,True
short,3,all,all(adx_trend+rsi+stochastic),all(adx_trend+stochastic+zscore),0.8345773515955559,0.7096774193548387,False,True
short,3,all,all(adx_trend+stochastic+bb_reversion),all(adx_trend+stochastic+zscore),1.0,1.0,False,True
short,3,all,all(adx_trend+rsi+vwap_reversion),all(adx_trend+bb_reversion+vwap_reversion),0.8860088576893043,0.7959183673469388,False,True
short,3,all,all(adx_trend+rsi+vwap_reversion),all(adx_trend+zscore+vwap_reversion),0.8860088576893043,0.7959183673469388,False,True
short,3,all,all(adx_trend+bb_reversion+vwap_reversion),all(adx_trend+zscore+vwap_reversion),1.0,1.0,False,True
short,3,all,all(adx_trend+rsi+ou_reversion),all(adx_trend+bb_reversion+ou_reversion),0.8157793700778733,0.6666666666666666,False,True
short,3,all,all(adx_trend+rsi+ou_reversion),all(adx_trend+zscore+ou_reversion),0.8157793700778733,0.6666666666666666,False,True
short,3,all,all(adx_trend+bb_reversion+ou_reversion),all(adx_trend+zscore+ou_reversion),1.0,1.0,False,True
short,3,all,all(adx_trend+rsi+obv_trend),all(adx_trend+bb_reversion+obv_trend),0.7482477586673285,0.5882352941176471,False,False
short,3,all,all(adx_trend+rsi+obv_trend),all(adx_trend+zscore+obv_trend),0.7482477586673285,0.5882352941176471,False,False
short,3,all,all(adx_trend+bb_reversion+obv_trend),all(adx_trend+zscore+obv_trend),0.9999999999999999,1.0,False,True
short,3,all,all(hurst_switch+vol_regime+rsi),all(hurst_switch+vol_regime+bb_reversion),0.9286741593153243,0.8653846153846154,False,True
short,3,all,all(hurst_switch+vol_regime+rsi),all(hurst_switch+vol_regime+zscore),0.9286741593153243,0.8653846153846154,False,True
short,3,all,all(hurst_switch+vol_regime+bb_reversion),all(hurst_switch+vol_regime+zscore),1.0,1.0,False,True
short,3,all,all(hurst_switch+breakout+rsi),all(hurst_switch+breakout+bb_reversion),,,True,True
short,3,all,all(hurst_switch+breakout+rsi),all(hurst_switch+breakout+zscore),,,True,True
short,3,all,all(hurst_switch+breakout+bb_reversion),all(hurst_switch+breakout+zscore),,,True,True
short,3,all,all(hurst_switch+bb_breakout+rsi),all(hurst_switch+bb_breakout+bb_reversion),,,True,True
short,3,all,all(hurst_switch+bb_breakout+rsi),all(hurst_switch+bb_breakout+zscore),,,True,True
short,3,all,all(hurst_switch+bb_breakout+bb_reversion),all(hurst_switch+bb_breakout+zscore),,,True,True
short,3,all,all(hurst_switch+keltner+rsi),all(hurst_switch+keltner+bb_reversion),,,True,True
short,3,all,all(hurst_switch+keltner+rsi),all(hurst_switch+keltner+zscore),,,True,True
short,3,all,all(hurst_switch+keltner+bb_reversion),all(hurst_switch+keltner+zscore),,,True,True
short,3,all,all(hurst_switch+rsi+stochastic),all(hurst_switch+stochastic+bb_reversion),0.9496046377585554,0.9047619047619048,False,True
short,3,all,all(hurst_switch+rsi+stochastic),all(hurst_switch+stochastic+zscore),0.9496046377585554,0.9047619047619048,False,True
short,3,all,all(hurst_switch+stochastic+bb_reversion),all(hurst_switch+stochastic+zscore),1.0,1.0,False,True
short,3,all,all(hurst_switch+rsi+vwap_reversion),all(hurst_switch+bb_reversion+vwap_reversion),0.9458040417135777,0.8987341772151899,False,True
short,3,all,all(hurst_switch+rsi+vwap_reversion),all(hurst_switch+zscore+vwap_reversion),0.9458040417135777,0.8987341772151899,False,True
short,3,all,all(hurst_switch+bb_reversion+vwap_reversion),all(hurst_switch+zscore+vwap_reversion),1.0,1.0,False,True
short,3,all,all(hurst_switch+rsi+ou_reversion),all(hurst_switch+bb_reversion+ou_reversion),0.9631688202984776,0.9285714285714286,False,True
short,3,all,all(hurst_switch+rsi+ou_reversion),all(hurst_switch+zscore+ou_reversion),0.9631688202984776,0.9285714285714286,False,True
short,3,all,all(hurst_switch+bb_reversion+ou_reversion),all(hurst_switch+zscore+ou_reversion),0.9999999999999999,1.0,False,True
short,3,all,all(hurst_switch+rsi+obv_trend),all(hurst_switch+bb_reversion+obv_trend),0.526523078368837,0.35714285714285715,False,False
short,3,all,all(hurst_switch+rsi+obv_trend),all(hurst_switch+zscore+obv_trend),0.526523078368837,0.35714285714285715,False,False
short,3,all,all(hurst_switch+bb_reversion+obv_trend),all(hurst_switch+zscore+obv_trend),1.0,1.0,False,True
short,3,all,all(vol_regime+breakout+rsi),all(vol_regime+breakout+bb_reversion),,0.0,False,False
short,3,all,all(vol_regime+breakout+rsi),all(vol_regime+breakout+zscore),,0.0,False,False
short,3,all,all(vol_regime+breakout+bb_reversion),all(vol_regime+breakout+zscore),0.9999999999999999,1.0,False,True
short,3,all,all(vol_regime+bb_breakout+rsi),all(vol_regime+bb_breakout+bb_reversion),,,True,True
short,3,all,all(vol_regime+bb_breakout+rsi),all(vol_regime+bb_breakout+zscore),,,True,True
short,3,all,all(vol_regime+bb_breakout+bb_reversion),all(vol_regime+bb_breakout+zscore),,,True,True
short,3,all,all(vol_regime+keltner+rsi),all(vol_regime+keltner+bb_reversion),,,True,True
short,3,all,all(vol_regime+keltner+rsi),all(vol_regime+keltner+zscore),,,True,True
short,3,all,all(vol_regime+keltner+bb_reversion),all(vol_regime+keltner+zscore),,,True,True
short,3,all,all(vol_regime+rsi+stochastic),all(vol_regime+stochastic+bb_reversion),0.8804820656380918,0.7896551724137931,False,True
short,3,all,all(vol_regime+rsi+stochastic),all(vol_regime+stochastic+zscore),0.8804820656380918,0.7896551724137931,False,True
short,3,all,all(vol_regime+stochastic+bb_reversion),all(vol_regime+stochastic+zscore),1.0,1.0,False,True
short,3,all,all(vol_regime+rsi+vwap_reversion),all(vol_regime+bb_reversion+vwap_reversion),0.8711273981188168,0.7732558139534884,False,True
short,3,all,all(vol_regime+rsi+vwap_reversion),all(vol_regime+zscore+vwap_reversion),0.8727782293208832,0.7755102040816326,False,True
short,3,all,all(vol_regime+bb_reversion+vwap_reversion),all(vol_regime+zscore+vwap_reversion),0.9981396479432986,0.9964028776978417,False,True
short,3,all,all(vol_regime+rsi+ou_reversion),all(vol_regime+bb_reversion+ou_reversion),0.9523230375186382,0.9090909090909091,False,True
short,3,all,all(vol_regime+rsi+ou_reversion),all(vol_regime+zscore+ou_reversion),0.9523230375186382,0.9090909090909091,False,True
short,3,all,all(vol_regime+bb_reversion+ou_reversion),all(vol_regime+zscore+ou_reversion),1.0,1.0,False,True
short,3,all,all(vol_regime+rsi+obv_trend),all(vol_regime+bb_reversion+obv_trend),0.6996699104084647,0.5396825396825397,False,False
short,3,all,all(vol_regime+rsi+obv_trend),all(vol_regime+zscore+obv_trend),0.6996699104084647,0.5396825396825397,False,False
short,3,all,all(vol_regime+bb_reversion+obv_trend),all(vol_regime+zscore+obv_trend),1.0,1.0,False,True
short,3,all,all(breakout+bb_breakout+rsi),all(breakout+bb_breakout+bb_reversion),,,True,True
short,3,all,all(breakout+bb_breakout+rsi),all(breakout+bb_breakout+zscore),,,True,True
short,3,all,all(breakout+bb_breakout+bb_reversion),all(breakout+bb_breakout+zscore),,,True,True
short,3,all,all(breakout+keltner+rsi),all(breakout+keltner+bb_reversion),,,True,True
short,3,all,all(breakout+keltner+rsi),all(breakout+keltner+zscore),,,True,True
short,3,all,all(breakout+keltner+bb_reversion),all(breakout+keltner+zscore),,,True,True
short,3,all,all(breakout+rsi+stochastic),all(breakout+stochastic+bb_reversion),,,True,True
short,3,all,all(breakout+rsi+stochastic),all(breakout+stochastic+zscore),,,True,True
short,3,all,all(breakout+stochastic+bb_reversion),all(breakout+stochastic+zscore),,,True,True
short,3,all,all(breakout+rsi+vwap_reversion),all(breakout+bb_reversion+vwap_reversion),0.9486279021030256,0.9,False,True
short,3,all,all(breakout+rsi+vwap_reversion),all(breakout+zscore+vwap_reversion),0.9486279021030256,0.9,False,True
short,3,all,all(breakout+bb_reversion+vwap_reversion),all(breakout+zscore+vwap_reversion),1.0,1.0,False,True
short,3,all,all(breakout+rsi+ou_reversion),all(breakout+bb_reversion+ou_reversion),0.576945726150918,0.3333333333333333,False,False
short,3,all,all(breakout+rsi+ou_reversion),all(breakout+zscore+ou_reversion),0.576945726150918,0.3333333333333333,False,False
short,3,all,all(breakout+bb_reversion+ou_reversion),all(breakout+zscore+ou_reversion),1.0,1.0,False,True
short,3,all,all(breakout+rsi+obv_trend),all(breakout+bb_reversion+obv_trend),0.5772829043601362,0.3333333333333333,False,False
short,3,all,all(breakout+rsi+obv_trend),all(breakout+zscore+obv_trend),0.7070655300252269,0.5,False,False
short,3,all,all(breakout+bb_reversion+obv_trend),all(breakout+zscore+obv_trend),0.8164489426313,0.6666666666666666,False,True
short,3,all,all(bb_breakout+keltner+rsi),all(bb_breakout+keltner+bb_reversion),,,True,True
short,3,all,all(bb_breakout+keltner+rsi),all(bb_breakout+keltner+zscore),,,True,True
short,3,all,all(bb_breakout+keltner+bb_reversion),all(bb_breakout+keltner+zscore),,,True,True
short,3,all,all(bb_breakout+rsi+stochastic),all(bb_breakout+stochastic+bb_reversion),,,True,True
short,3,all,all(bb_breakout+rsi+stochastic),all(bb_breakout+stochastic+zscore),,,True,True
short,3,all,all(bb_breakout+stochastic+bb_reversion),all(bb_breakout+stochastic+zscore),,,True,True
short,3,all,all(bb_breakout+rsi+vwap_reversion),all(bb_breakout+bb_reversion+vwap_reversion),,,True,True
short,3,all,all(bb_breakout+rsi+vwap_reversion),all(bb_breakout+zscore+vwap_reversion),,,True,True
short,3,all,all(bb_breakout+bb_reversion+vwap_reversion),all(bb_breakout+zscore+vwap_reversion),,,True,True
short,3,all,all(bb_breakout+rsi+ou_reversion),all(bb_breakout+bb_reversion+ou_reversion),,,True,True
short,3,all,all(bb_breakout+rsi+ou_reversion),all(bb_breakout+zscore+ou_reversion),,,True,True
short,3,all,all(bb_breakout+bb_reversion+ou_reversion),all(bb_breakout+zscore+ou_reversion),,,True,True
short,3,all,all(bb_breakout+rsi+obv_trend),all(bb_breakout+bb_reversion+obv_trend),,,True,True
short,3,all,all(bb_breakout+rsi+obv_trend),all(bb_breakout+zscore+obv_trend),,,True,True
short,3,all,all(bb_breakout+bb_reversion+obv_trend),all(bb_breakout+zscore+obv_trend),,,True,True
short,3,all,all(keltner+rsi+stochastic),all(keltner+stochastic+bb_reversion),,,True,True
short,3,all,all(keltner+rsi+stochastic),all(keltner+stochastic+zscore),,,True,True
short,3,all,all(keltner+stochastic+bb_reversion),all(keltner+stochastic+zscore),,,True,True
short,3,all,all(keltner+rsi+vwap_reversion),all(keltner+bb_reversion+vwap_reversion),,,True,True
short,3,all,all(keltner+rsi+vwap_reversion),all(keltner+zscore+vwap_reversion),,,True,True
short,3,all,all(keltner+bb_reversion+vwap_reversion),all(keltner+zscore+vwap_reversion),,,True,True
short,3,all,all(keltner+rsi+ou_reversion),all(keltner+bb_reversion+ou_reversion),,,True,True
short,3,all,all(keltner+rsi+ou_reversion),all(keltner+zscore+ou_reversion),,,True,True
short,3,all,all(keltner+bb_reversion+ou_reversion),all(keltner+zscore+ou_reversion),,,True,True
short,3,all,all(keltner+rsi+obv_trend),all(keltner+bb_reversion+obv_trend),,,True,True
short,3,all,all(keltner+rsi+obv_trend),all(keltner+zscore+obv_trend),,,True,True
short,3,all,all(keltner+bb_reversion+obv_trend),all(keltner+zscore+obv_trend),,,True,True
short,3,all,all(rsi+stochastic+vwap_reversion),all(stochastic+bb_reversion+vwap_reversion),0.9149932176464577,0.8712284482758621,False,True
short,3,all,all(rsi+stochastic+vwap_reversion),all(stochastic+zscore+vwap_reversion),0.9117577626957609,0.8658008658008658,False,True
short,3,all,all(stochastic+bb_reversion+vwap_reversion),all(stochastic+zscore+vwap_reversion),0.9906685594916605,0.9849759615384616,False,True
short,3,all,all(rsi+stochastic+ou_reversion),all(stochastic+bb_reversion+ou_reversion),0.9802718332541128,0.9652351738241309,False,True
short,3,all,all(rsi+stochastic+ou_reversion),all(stochastic+zscore+ou_reversion),0.9802718332541128,0.9652351738241309,False,True
short,3,all,all(stochastic+bb_reversion+ou_reversion),all(stochastic+zscore+ou_reversion),1.0,1.0,False,True
short,3,all,all(rsi+stochastic+obv_trend),all(stochastic+bb_reversion+obv_trend),0.7951843678932768,0.6637931034482759,False,False
short,3,all,all(rsi+stochastic+obv_trend),all(stochastic+zscore+obv_trend),0.799800698116871,0.6695652173913044,False,False
short,3,all,all(stochastic+bb_reversion+obv_trend),all(stochastic+zscore+obv_trend),0.9943104499374651,0.9888888888888889,False,True
short,3,all,all(rsi+vwap_reversion+ou_reversion),all(bb_reversion+vwap_reversion+ou_reversion),0.9849770655688043,0.9744204636290967,False,True
short,3,all,all(rsi+vwap_reversion+ou_reversion),all(zscore+vwap_reversion+ou_reversion),0.9849770655688043,0.9744204636290967,False,True
short,3,all,all(bb_reversion+vwap_reversion+ou_reversion),all(zscore+vwap_reversion+ou_reversion),0.9999999999999999,1.0,False,True
short,3,all,all(rsi+vwap_reversion+obv_trend),all(bb_reversion+vwap_reversion+obv_trend),0.7964329254591809,0.6607142857142857,False,False
short,3,all,all(rsi+vwap_reversion+obv_trend),all(zscore+vwap_reversion+obv_trend),0.7964329254591809,0.6607142857142857,False,False
short,3,all,all(bb_reversion+vwap_reversion+obv_trend),all(zscore+vwap_reversion+obv_trend),1.0,1.0,False,True
short,3,all,all(rsi+ou_reversion+obv_trend),all(bb_reversion+ou_reversion+obv_trend),0.8845877907705759,0.7851851851851852,False,True
short,3,all,all(rsi+ou_reversion+obv_trend),all(zscore+ou_reversion+obv_trend),0.8845877907705759,0.7851851851851852,False,True
short,3,all,all(bb_reversion+ou_reversion+obv_trend),all(zscore+ou_reversion+obv_trend),0.9999999999999999,1.0,False,True
short,3,any,any(ma_crossover+macd+ts_momentum),any(ma_crossover+macd+dual_momentum),0.9377827593193667,0.9789006107717935,False,True
short,3,any,any(ma_crossover+macd+rsi),any(ma_crossover+macd+bb_reversion),0.8652001242235644,0.9809701492537314,False,True
short,3,any,any(ma_crossover+macd+rsi),any(ma_crossover+macd+zscore),0.863774657448297,0.9801967866483996,False,True
short,3,any,any(ma_crossover+macd+bb_reversion),any(ma_crossover+macd+zscore),0.9766999763535876,0.9964753272910373,False,True
short,3,any,any(ma_crossover+ma_ribbon+ts_momentum),any(ma_crossover+ma_ribbon+dual_momentum),0.9486310952263476,0.9949352003575153,False,True
short,3,any,any(ma_crossover+ma_ribbon+rsi),any(ma_crossover+ma_ribbon+bb_reversion),0.8045323786887137,0.9801143129316504,False,True
short,3,any,any(ma_crossover+ma_ribbon+rsi),any(ma_crossover+ma_ribbon+zscore),0.8006223017063386,0.9790251459897509,False,True
short,3,any,any(ma_crossover+ma_ribbon+bb_reversion),any(ma_crossover+ma_ribbon+zscore),0.9767116740039267,0.9972272453285111,False,True
short,3,any,any(ma_crossover+ichimoku+ts_momentum),any(ma_crossover+ichimoku+dual_momentum),0.9145279942191009,0.9319662706017632,False,True
short,3,any,any(ma_crossover+ichimoku+rsi),any(ma_crossover+ichimoku+bb_reversion),0.8808700510549314,0.9456698741672835,False,True
short,3,any,any(ma_crossover+ichimoku+rsi),any(ma_crossover+ichimoku+zscore),0.8778363530968704,0.9434634218726814,False,True
short,3,any,any(ma_crossover+ichimoku+bb_reversion),any(ma_crossover+ichimoku+zscore),0.9854815228753608,0.9929447852760737,False,True
short,3,any,any(ma_crossover+ts_momentum+sma_regime),any(ma_crossover+dual_momentum+sma_regime),0.9227033091985744,0.9471288515406162,False,True
short,3,any,any(ma_crossover+ts_momentum+adx_trend),any(ma_crossover+dual_momentum+adx_trend),0.9278064172555059,0.9464318473674556,False,True
short,3,any,any(ma_crossover+ts_momentum+hurst_switch),any(ma_crossover+dual_momentum+hurst_switch),0.9037864679697857,0.9237368922783603,False,True
short,3,any,any(ma_crossover+ts_momentum+vol_regime),any(ma_crossover+dual_momentum+vol_regime),0.9127711612248864,0.9364820846905537,False,True
short,3,any,any(ma_crossover+ts_momentum+breakout),any(ma_crossover+dual_momentum+breakout),0.93475158579922,0.9523289665211062,False,True
short,3,any,any(ma_crossover+ts_momentum+bb_breakout),any(ma_crossover+dual_momentum+bb_breakout),0.9189995607483525,0.9350424055512722,False,True
short,3,any,any(ma_crossover+ts_momentum+keltner),any(ma_crossover+dual_momentum+keltner),0.9055614646713854,0.9227166276346604,False,True
short,3,any,any(ma_crossover+ts_momentum+rsi),any(ma_crossover+ts_momentum+bb_reversion),0.8515270599961011,0.9518614482476476,False,True
short,3,any,any(ma_crossover+ts_momentum+rsi),any(ma_crossover+ts_momentum+zscore),0.8480962193409529,0.9498633879781421,False,True
short,3,any,any(ma_crossover+ts_momentum+rsi),any(ma_crossover+dual_momentum+rsi),0.8565213761342175,0.9536216068749147,False,True
short,3,any,any(ma_crossover+ts_momentum+rsi),any(ma_crossover+dual_momentum+bb_reversion),0.7229156158330098,0.908993288590604,False,True
short,3,any,any(ma_crossover+ts_momentum+rsi),any(ma_crossover+dual_momentum+zscore),0.7209944728455895,0.9068172650262203,False,True
short,3,any,any(ma_crossover+ts_momentum+bb_reversion),any(ma_crossover+ts_momentum+zscore),0.9838666190231316,0.9943693693693694,False,True
short,3,any,any(ma_crossover+ts_momentum+bb_reversion),any(ma_crossover+dual_momentum+rsi),0.7186196884606976,0.9083221476510067,False,True
short,3,any,any(ma_crossover+ts_momentum+bb_reversion),any(ma_crossover+dual_momentum+bb_reversion),0.8621885397845246,0.9522887567418061,False,True
short,3,any,any(ma_crossover+ts_momentum+bb_reversion),any(ma_crossover+dual_momentum+zscore),0.8479885306081656,0.9466187249343107,False,True
short,3,any,any(ma_crossover+ts_momentum+zscore),any(ma_crossover+dual_momentum+rsi),0.7160774532846547,0.9062794137421003,False,True
short,3,any,any(ma_crossover+ts_momentum+zscore),any(ma_crossover+dual_momentum+bb_reversion),0.8473035458557562,0.9467570183930301,False,True
short,3,any,any(ma_crossover+ts_momentum+zscore),any(ma_crossover+dual_momentum+zscore),0.8630422523479494,0.9513415820937022,False,True
short,3,any,any(ma_crossover+dual_momentum+rsi),any(ma_crossover+dual_momentum+bb_reversion),0.8607852026608812,0.9519137764266962,False,True
short,3,any,any(ma_crossover+dual_momentum+rsi),any(ma_crossover+dual_momentum+zscore),0.8577735377198962,0.9500207669943237,False,True
short,3,any,any(ma_crossover+dual_momentum+bb_reversion),any(ma_crossover+dual_momentum+zscore),0.9842146745478442,0.9941537145301583,False,True
short,3,any,any(ma_crossover+ts_momentum+stochastic),any(ma_crossover+dual_momentum+stochastic),0.8664650953616166,0.9500562746201463,False,True
short,3,any,any(ma_crossover+ts_momentum+vwap_reversion),any(ma_crossover+dual_momentum+vwap_reversion),0.8628068748350601,0.9563205878350796,False,True
short,3,any,any(ma_crossover+ts_momentum+ou_reversion),any(ma_crossover+dual_momentum+ou_reversion),0.8930483090376791,0.939297124600639,False,True
short,3,any,any(ma_crossover+ts_momentum+obv_trend),any(ma_crossover+dual_momentum+obv_trend),0.9506642961729304,0.9689870217427945,False,True
short,3,any,any(ma_crossover+sma_regime+rsi),any(ma_crossover+sma_regime+bb_reversion),0.8837258733804209,0.9560672411357536,False,True
short,3,any,any(ma_crossover+sma_regime+rsi),any(ma_crossover+sma_regime+zscore),0.8791400949818572,0.9535805264647609,False,True
short,3,any,any(ma_crossover+sma_regime+bb_reversion),any(ma_crossover+sma_regime+zscore),0.9844462090926029,0.993749091437709,False,True
short,3,any,any(ma_crossover+adx_trend+rsi),any(ma_crossover+adx_trend+bb_reversion),0.8569814985639117,0.950228121111572,False,True
short,3,any,any(ma_crossover+adx_trend+rsi),any(ma_crossover+adx_trend+zscore),0.8540153116260846,0.9481779132603575,False,True
short,3,any,any(ma_crossover+adx_trend+bb_reversion),any(ma_crossover+adx_trend+zscore),0.9824887312314101,0.99342293394338,False,True
short,3,any,any(ma_crossover+hurst_switch+rsi),any(ma_crossover+hurst_switch+bb_reversion),0.8849731952492659,0.9430610385666566,False,True
short,3,any,any(ma_crossover+hurst_switch+rsi),any(ma_crossover+hurst_switch+zscore),0.8820129396442408,0.9407914764079147,False,True
short,3,any,any(ma_crossover+hurst_switch+bb_reversion),any(ma_crossover+hurst_switch+zscore),0.9862427523218317,0.9927479110830837,False,True
short,3,any,any(ma_crossover+vol_regime+rsi),any(ma_crossover+vol_regime+bb_reversion),0.8880391128166071,0.9522561863173217,False,True
short,3,any,any(ma_crossover+vol_regime+rsi),any(ma_crossover+vol_regime+zscore),0.8847890667844032,0.9501021301429822,False,True
short,3,any,any(ma_crossover+vol_regime+bb_reversion),any(ma_crossover+vol_regime+zscore),0.9847427514309323,0.9930972388955582,False,True
short,3,any,any(ma_crossover+breakout+rsi),any(ma_crossover+breakout+bb_reversion),0.8394857756292391,0.9506139522331669,False,True
short,3,any,any(ma_crossover+breakout+rsi),any(ma_crossover+breakout+zscore),0.8350374132789787,0.9482292511489592,False,True
short,3,any,any(ma_crossover+breakout+bb_reversion),any(ma_crossover+breakout+zscore),0.9820004155321451,0.9940069686411149,False,True
short,3,any,any(ma_crossover+bb_breakout+rsi),any(ma_crossover+bb_breakout+bb_reversion),0.8703643479565404,0.9447185142193848,False,True
short,3,any,any(ma_crossover+bb_breakout+rsi),any(ma_crossover+bb_breakout+zscore),0.8673834449885974,0.9425538103548575,False,True
short,3,any,any(ma_crossover+bb_breakout+bb_reversion),any(ma_crossover+bb_breakout+zscore),0.9848363769385651,0.9930795847750865,False,True
short,3,any,any(ma_crossover+keltner+rsi),any(ma_crossover+keltner+bb_reversion),0.8828910801678689,0.9422289613343442,False,True
short,3,any,any(ma_crossover+keltner+rsi),any(ma_crossover+keltner+zscore),0.8799345247844572,0.9399604803161574,False,True
short,3,any,any(ma_crossover+keltner+bb_reversion),any(ma_crossover+keltner+zscore),0.9862153135302835,0.992755905511811,False,True
short,3,any,any(ma_crossover+rsi+stochastic),any(ma_crossover+stochastic+bb_reversion),0.9464618750136291,0.9774259747874524,False,True
short,3,any,any(ma_crossover+rsi+stochastic),any(ma_crossover+stochastic+zscore),0.9449654119469258,0.9766725352112676,False,True
short,3,any,any(ma_crossover+stochastic+bb_reversion),any(ma_crossover+stochastic+zscore),0.9941477020116065,0.9974758723088345,False,True
short,3,any,any(ma_crossover+rsi+vwap_reversion),any(ma_crossover+bb_reversion+vwap_reversion),0.9550199929255825,0.980269989615784,False,True
short,3,any,any(ma_crossover+rsi+vwap_reversion),any(ma_crossover+zscore+vwap_reversion),0.9550845872952052,0.9802553444180523,False,True
short,3,any,any(ma_crossover+bb_reversion+vwap_reversion),any(ma_crossover+zscore+vwap_reversion),0.9966132471193666,0.9985043374214777,False,True
short,3,any,any(ma_crossover+rsi+ou_reversion),any(ma_crossover+bb_reversion+ou_reversion),0.9014219810843034,0.9501376567757724,False,True
short,3,any,any(ma_crossover+rsi+ou_reversion),any(ma_crossover+zscore+ou_reversion),0.8985703007473863,0.94786875191659,False,True
short,3,any,any(ma_crossover+bb_reversion+ou_reversion),any(ma_crossover+zscore+ou_reversion),0.9864329509734967,0.9926902907993008,False,True
short,3,any,any(ma_crossover+rsi+obv_trend),any(ma_crossover+bb_reversion+obv_trend),0.8201643073161073,0.962080450935178,False,True
short,3,any,any(ma_crossover+rsi+obv_trend),any(ma_crossover+zscore+obv_trend),0.8165517346961517,0.9600821460659735,False,True
short,3,any,any(ma_crossover+bb_reversion+obv_trend),any(ma_crossover+zscore+obv_trend),0.9744846689480667,0.9940875049270792,False,True
short,3,any,any(macd+ma_ribbon+ts_momentum),any(macd+ma_ribbon+dual_momentum),0.9492978652947219,0.9981808731808732,False,True
short,3,any,any(macd+ma_ribbon+rsi),any(macd+ma_ribbon+bb_reversion),0.787725425582157,0.9908418457203241,False,True
short,3,any,any(macd+ma_ribbon+rsi),any(macd+ma_ribbon+zscore),0.7885282254372853,0.9906003994830219,False,True
short,3,any,any(macd+ma_ribbon+bb_reversion),any(macd+ma_ribbon+zscore),0.9710621788225237,0.9983471074380166,False,True
short,3,any,any(macd+ichimoku+ts_momentum),any(macd+ichimoku+dual_momentum),0.9036449436058249,0.9608770421324162,False,True
short,3,any,any(macd+ichimoku+rsi),any(macd+ichimoku+bb_reversion),0.8855675746902469,0.9694717281656491,False,True
short,3,any,any(macd+ichimoku+rsi),any(macd+ichimoku+zscore),0.8817860553993695,0.9678319819221055,False,True
short,3,any,any(macd+ichimoku+bb_reversion),any(macd+ichimoku+zscore),0.9837956174801686,0.9953910803849804,False,True
short,3,any,any(macd+ts_momentum+sma_regime),any(macd+dual_momentum+sma_regime),0.8991311398422869,0.9643055555555555,False,True
short,3,any,any(macd+ts_momentum+adx_trend),any(macd+dual_momentum+adx_trend),0.8761443599475118,0.9436950146627566,False,True
short,3,any,any(macd+ts_momentum+hurst_switch),any(macd+dual_momentum+hurst_switch),0.8753213552884928,0.9465317919075145,False,True
short,3,any,any(macd+ts_momentum+vol_regime),any(macd+dual_momentum+vol_regime),0.885093198079898,0.9548478414720453,False,True
short,3,any,any(macd+ts_momentum+breakout),any(macd+dual_momentum+breakout),0.8849807182494792,0.9510469314079423,False,True
short,3,any,any(macd+ts_momentum+bb_breakout),any(macd+dual_momentum+bb_breakout),0.8743295146642586,0.9424037613870114,False,True
short,3,any,any(macd+ts_momentum+keltner),any(macd+dual_momentum+keltner),0.8716079413536092,0.9408736578908663,False,True
short,3,any,any(macd+ts_momentum+rsi),any(macd+ts_momentum+bb_reversion),0.8224995539083061,0.9669494744839813,False,True
short,3,any,any(macd+ts_momentum+rsi),any(macd+ts_momentum+zscore),0.8195062663805526,0.965508496068983,False,True
short,3,any,any(macd+ts_momentum+rsi),any(macd+dual_momentum+rsi),0.809742922620977,0.9690580162195883,False,True
short,3,any,any(macd+ts_momentum+rsi),any(macd+dual_momentum+bb_reversion),0.6601803701894849,0.9446987504639367,False,True
short,3,any,any(macd+ts_momentum+rsi),any(macd+dual_momentum+zscore),0.6588449213678792,0.9435084241823588,False,True
short,3,any,any(macd+ts_momentum+bb_reversion),any(macd+ts_momentum+zscore),0.9789516851226429,0.9957287082578307,False,True
short,3,any,any(macd+ts_momentum+bb_reversion),any(macd+dual_momentum+rsi),0.6608705404804389,0.9424718545094644,False,True
short,3,any,any(macd+ts_momentum+bb_reversion),any(macd+dual_momentum+bb_reversion),0.8053190206256859,0.9650665996481528,False,True
short,3,any,any(macd+ts_momentum+bb_reversion),any(macd+dual_momentum+zscore),0.7841980134193426,0.9611711485297814,False,True
short,3,any,any(macd+ts_momentum+zscore),any(macd+dual_momentum+rsi),0.6628814783439052,0.9410307234886026,False,True
short,3,any,any(macd+ts_momentum+zscore),any(macd+dual_momentum+bb_reversion),0.7880849849116626,0.9609198291027896,False,True
short,3,any,any(macd+ts_momentum+zscore),any(macd+dual_momentum+zscore),0.8096045059091529,0.9644298688193743,False,True
short,3,any,any(macd+dual_momentum+rsi),any(macd+dual_momentum+bb_reversion),0.8286903354335939,0.9750124316260567,False,True
short,3,any,any(macd+dual_momentum+rsi),any(macd+dual_momentum+zscore),0.828046574127572,0.9741035856573705,False,True
short,3,any,any(macd+dual_momentum+bb_reversion),any(macd+dual_momentum+zscore),0.975394873172698,0.9960819009100101,False,True
short,3,any,any(macd+ts_momentum+stochastic),any(macd+dual_momentum+stochastic),0.8120529363324442,0.9553548387096774,False,True
short,3,any,any(macd+ts_momentum+vwap_reversion),any(macd+dual_momentum+vwap_reversion),0.8088918781269329,0.9772226304188097,False,True
short,3,any,any(macd+ts_momentum+ou_reversion),any(macd+dual_momentum+ou_reversion),0.853093667331448,0.9555883536830806,False,True
short,3,any,any(macd+ts_momentum+obv_trend),any(macd+dual_momentum+obv_trend),0.895695986265094,0.9591952394446018,False,True
short,3,any,any(macd+sma_regime+rsi),any(macd+sma_regime+bb_reversion),0.881818503392128,0.9677762982689747,False,True
short,3,any,any(macd+sma_regime+rsi),any(macd+sma_regime+zscore),0.8801971735484071,0.9666444296197465,False,True
short,3,any,any(macd+sma_regime+bb_reversion),any(macd+sma_regime+zscore),0.9821851452911298,0.9948341489940185,False,True
short,3,any,any(macd+adx_trend+rsi),any(macd+adx_trend+bb_reversion),0.8854705279612081,0.9501753360607832,False,True
short,3,any,any(macd+adx_trend+rsi),any(macd+adx_trend+zscore),0.8856568306957711,0.9494505494505494,False,True
short,3,any,any(macd+adx_trend+bb_reversion),any(macd+adx_trend+zscore),0.9863121306442846,0.9936469520496143,False,True
short,3,any,any(macd+hurst_switch+rsi),any(macd+hurst_switch+bb_reversion),0.9102074043518777,0.9464839288627835,False,True
short,3,any,any(macd+hurst_switch+rsi),any(macd+hurst_switch+zscore),0.90996280697127,0.9456628477905074,False,True
short,3,any,any(macd+hurst_switch+bb_reversion),any(macd+hurst_switch+zscore),0.9886941923505894,0.9928813559322034,False,True
short,3,any,any(macd+vol_regime+rsi),any(macd+vol_regime+bb_reversion),0.9091344542058022,0.9584821428571428,False,True
short,3,any,any(macd+vol_regime+rsi),any(macd+vol_regime+zscore),0.9085904526333736,0.957624589674724,False,True
short,3,any,any(macd+vol_regime+bb_reversion),any(macd+vol_regime+zscore),0.9869662406949099,0.9937280097904237,False,True
short,3,any,any(macd+breakout+rsi),any(macd+breakout+bb_reversion),0.8675779335099043,0.954269135120199,False,True
short,3,any,any(macd+breakout+rsi),any(macd+breakout+zscore),0.8678962996613911,0.9534626038781163,False,True
short,3,any,any(macd+breakout+bb_reversion),any(macd+breakout+zscore),0.9842757547395098,0.9941470378301214,False,True
short,3,any,any(macd+bb_breakout+rsi),any(macd+bb_breakout+bb_reversion),0.8820978708158665,0.9501304726007539,False,True
short,3,any,any(macd+bb_breakout+rsi),any(macd+bb_breakout+zscore),0.8823417763207659,0.9494112516354122,False,True
short,3,any,any(macd+bb_breakout+bb_reversion),any(macd+bb_breakout+zscore),0.9860500819225521,0.9936974789915967,False,True
short,3,any,any(macd+keltner+rsi),any(macd+keltner+bb_reversion),0.9025287129228869,0.9452577975811585,False,True
short,3,any,any(macd+keltner+rsi),any(macd+keltner+zscore),0.9023449422019528,0.9444533120510774,False,True
short,3,any,any(macd+keltner+bb_reversion),any(macd+keltner+zscore),0.9883273308771914,0.9930578512396694,False,True
short,3,any,any(macd+rsi+stochastic),any(macd+stochastic+bb_reversion),0.943238404871152,0.9666503187837175,False,True
short,3,any,any(macd+rsi+stochastic),any(macd+stochastic+zscore),0.9425836319834515,0.9661211129296235,False,True
short,3,any,any(macd+stochastic+bb_reversion),any(macd+stochastic+zscore),0.9953077328344548,0.9971624102820899,False,True
short,3,any,any(macd+rsi+vwap_reversion),any(macd+bb_reversion+vwap_reversion),0.9774384553295045,0.9879575344636349,False,True
short,3,any,any(macd+rsi+vwap_reversion),any(macd+zscore+vwap_reversion),0.9792370673890521,0.9888924151063154,False,True
short,3,any,any(macd+bb_reversion+vwap_reversion),any(macd+zscore+vwap_reversion),0.9964341409954705,0.9980906921241051,False,True
short,3,any,any(macd+rsi+ou_reversion),any(macd+bb_reversion+ou_reversion),0.9211490997963727,0.9491554054054054,False,True
short,3,any,any(macd+rsi+ou_reversion),any(macd+zscore+ou_reversion),0.9209161919969401,0.9483138451109981,False,True
short,3,any,any(macd+bb_reversion+ou_reversion),any(macd+zscore+ou_reversion),0.9891284694213357,0.9926134365107281,False,True
short,3,any,any(macd+rsi+obv_trend),any(macd+bb_reversion+obv_trend),0.8567523661438646,0.9654001827914871,False,True
short,3,any,any(macd+rsi+obv_trend),any(macd+zscore+obv_trend),0.8563409718493806,0.9644118801517728,False,True
short,3,any,any(macd+bb_reversion+obv_trend),any(macd+zscore+obv_trend),0.9800272668193042,0.994786793209464,False,True
short,3,any,any(ma_ribbon+ichimoku+ts_momentum),any(ma_ribbon+ichimoku+dual_momentum),0.9464965729111449,0.9955083096271897,False,True
short,3,any,any(ma_ribbon+ichimoku+rsi),any(ma_ribbon+ichimoku+bb_reversion),0.7942309829324686,0.979757085020243,False,True
short,3,any,any(ma_ribbon+ichimoku+rsi),any(ma_ribbon+ichimoku+zscore),0.7892839737689272,0.9786676200691217,False,True
short,3,any,any(ma_ribbon+ichimoku+bb_reversion),any(ma_ribbon+ichimoku+zscore),0.9755654858473736,0.9972265766308935,False,True
short,3,any,any(ma_ribbon+ts_momentum+sma_regime),any(ma_ribbon+dual_momentum+sma_regime),0.9449898090394144,0.9953989935298346,False,True
short,3,any,any(ma_ribbon+ts_momentum+adx_trend),any(ma_ribbon+dual_momentum+adx_trend),0.9400529189670397,0.9958456973293769,False,True
short,3,any,any(ma_ribbon+ts_momentum+hurst_switch),any(ma_ribbon+dual_momentum+hurst_switch),0.9237752883281445,0.9946579611218281,False,True
short,3,any,any(ma_ribbon+ts_momentum+vol_regime),any(ma_ribbon+dual_momentum+vol_regime),0.9337909814623211,0.9947575360419397,False,True
short,3,any,any(ma_ribbon+ts_momentum+breakout),any(ma_ribbon+dual_momentum+breakout),0.9430666503553883,0.995198799699925,False,True
short,3,any,any(ma_ribbon+ts_momentum+bb_breakout),any(ma_ribbon+dual_momentum+bb_breakout),0.9301016640591901,0.9950323648953786,False,True
short,3,any,any(ma_ribbon+ts_momentum+keltner),any(ma_ribbon+dual_momentum+keltner),0.9219575362100864,0.9942796929098299,False,True
short,3,any,any(ma_ribbon+ts_momentum+rsi),any(ma_ribbon+ts_momentum+bb_reversion),0.7795236536744401,0.9792783136834584,False,True
short,3,any,any(ma_ribbon+ts_momentum+rsi),any(ma_ribbon+ts_momentum+zscore),0.7750093750586948,0.9781883194278903,False,True
short,3,any,any(ma_ribbon+ts_momentum+rsi),any(ma_ribbon+dual_momentum+rsi),0.8629744005795922,0.9968821201582924,False,True
short,3,any,any(ma_ribbon+ts_momentum+rsi),any(ma_ribbon+dual_momentum+bb_reversion),0.6664246624281507,0.976907511010594,False,True
short,3,any,any(ma_ribbon+ts_momentum+rsi),any(ma_ribbon+dual_momentum+zscore),0.663901264542072,0.975816059089826,False,True
short,3,any,any(ma_ribbon+ts_momentum+bb_reversion),any(ma_ribbon+ts_momentum+zscore),0.9770103171647603,0.9972252382675836,False,True
short,3,any,any(ma_ribbon+ts_momentum+bb_reversion),any(ma_ribbon+dual_momentum+rsi),0.6651490479720328,0.977145577907392,False,True
short,3,any,any(ma_ribbon+ts_momentum+bb_reversion),any(ma_ribbon+dual_momentum+bb_reversion),0.871541632407806,0.9973474801061007,False,True
short,3,any,any(ma_ribbon+ts_momentum+bb_reversion),any(ma_ribbon+dual_momentum+zscore),0.8512333784307171,0.9945743911261152,False,True
short,3,any,any(ma_ribbon+ts_momentum+zscore),any(ma_ribbon+dual_momentum+rsi),0.6617934270909734,0.9760543245175125,False,True
short,3,any,any(ma_ribbon+ts_momentum+zscore),any(ma_ribbon+dual_momentum+bb_reversion),0.8502545717261553,0.9945743911261152,False,True
short,3,any,any(ma_ribbon+ts_momentum+zscore),any(ma_ribbon+dual_momentum+zscore),0.8730412870767514,0.9973401039777536,False,True
short,3,any,any(ma_ribbon+dual_momentum+rsi),any(ma_ribbon+dual_momentum+bb_reversion),0.7973243945962718,0.9797232824427481,False,True
short,3,any,any(ma_ribbon+dual_momentum+rsi),any(ma_ribbon+dual_momentum+zscore),0.7934694152097908,0.9786319684851379,False,True
short,3,any,any(ma_ribbon+dual_momentum+bb_reversion),any(ma_ribbon+dual_momentum+zscore),0.9776011671392949,0.9972212154162136,False,True
short,3,any,any(ma_ribbon+ts_momentum+stochastic),any(ma_ribbon+dual_momentum+stochastic),0.8804478666077805,0.9969177659967945,False,True
short,3,any,any(ma_ribbon+ts_momentum+vwap_reversion),any(ma_ribbon+dual_momentum+vwap_reversion),0.869764762204989,0.9965177713736791,False,True
short,3,any,any(ma_ribbon+ts_momentum+ou_reversion),any(ma_ribbon+dual_momentum+ou_reversion),0.9118466584175069,0.996031746031746,False,True
short,3,any,any(ma_ribbon+ts_momentum+obv_trend),any(ma_ribbon+dual_momentum+obv_trend),0.9548957384605945,0.9959189622504008,False,True
short,3,any,any(ma_ribbon+sma_regime+rsi),any(ma_ribbon+sma_regime+bb_reversion),0.79529519922436,0.9830327479829141,False,True
short,3,any,any(ma_ribbon+sma_regime+rsi),any(ma_ribbon+sma_regime+zscore),0.7896587093607838,0.9819498871867949,False,True
short,3,any,any(ma_ribbon+sma_regime+bb_reversion),any(ma_ribbon+sma_regime+zscore),0.9730154719395538,0.9972435282837967,False,True
short,3,any,any(ma_ribbon+adx_trend+rsi),any(ma_ribbon+adx_trend+bb_reversion),0.7677722746433254,0.9805802249851984,False,True
short,3,any,any(ma_ribbon+adx_trend+rsi),any(ma_ribbon+adx_trend+zscore),0.7641302058269899,0.9794975112585921,False,True
short,3,any,any(ma_ribbon+adx_trend+bb_reversion),any(ma_ribbon+adx_trend+zscore),0.9734323004110367,0.9972418755246433,False,True
short,3,any,any(ma_ribbon+hurst_switch+rsi),any(ma_ribbon+hurst_switch+bb_reversion),0.7879663672372665,0.9795967068368929,False,True
short,3,any,any(ma_ribbon+hurst_switch+rsi),any(ma_ribbon+hurst_switch+zscore),0.7835265561554631,0.9785048961069979,False,True
short,3,any,any(ma_ribbon+hurst_switch+bb_reversion),any(ma_ribbon+hurst_switch+zscore),0.9757896116678562,0.9972202078801063,False,True
short,3,any,any(ma_ribbon+vol_regime+rsi),any(ma_ribbon+vol_regime+bb_reversion),0.8017818004150475,0.9821471078314687,False,True
short,3,any,any(ma_ribbon+vol_regime+rsi),any(ma_ribbon+vol_regime+zscore),0.7970174349375433,0.9810601548540798,False,True
short,3,any,any(ma_ribbon+vol_regime+bb_reversion),any(ma_ribbon+vol_regime+zscore),0.9743735113199635,0.9972339146121467,False,True
short,3,any,any(ma_ribbon+breakout+rsi),any(ma_ribbon+breakout+bb_reversion),0.7740146581789764,0.9797498511018463,False,True
short,3,any,any(ma_ribbon+breakout+rsi),any(ma_ribbon+breakout+zscore),0.7693829231016154,0.9786599904625656,False,True
short,3,any,any(ma_ribbon+breakout+bb_reversion),any(ma_ribbon+breakout+zscore),0.975468876385977,0.9972259076106622,False,True
short,3,any,any(ma_ribbon+bb_breakout+rsi),any(ma_ribbon+bb_breakout+bb_reversion),0.7860133997326619,0.9791194368213817,False,True
short,3,any,any(ma_ribbon+bb_breakout+rsi),any(ma_ribbon+bb_breakout+zscore),0.7819000188312258,0.9780272271315978,False,True
short,3,any,any(ma_ribbon+bb_breakout+bb_reversion),any(ma_ribbon+bb_breakout+zscore),0.9765280587649439,0.9972198718723558,False,True
short,3,any,any(ma_ribbon+keltner+rsi),any(ma_ribbon+keltner+bb_reversion),0.7828751534238593,0.9791069723018148,False,True
short,3,any,any(ma_ribbon+keltner+rsi),any(ma_ribbon+keltner+zscore),0.7783834320640922,0.9780140996534831,False,True
short,3,any,any(ma_ribbon+keltner+bb_reversion),any(ma_ribbon+keltner+zscore),0.9760768353679367,0.9972181906144171,False,True
short,3,any,any(ma_ribbon+rsi+stochastic),any(ma_ribbon+stochastic+bb_reversion),0.8898721738497335,0.9938541543552771,False,True
short,3,any,any(ma_ribbon+rsi+stochastic),any(ma_ribbon+stochastic+zscore),0.8873658253511013,0.9937352245862884,False,True
short,3,any,any(ma_ribbon+stochastic+bb_reversion),any(ma_ribbon+stochastic+zscore),0.9899379502917097,0.9996445076430857,False,True
short,3,any,any(ma_ribbon+rsi+vwap_reversion),any(ma_ribbon+bb_reversion+vwap_reversion),0.9189667874993037,0.9945497630331753,False,True
short,3,any,any(ma_ribbon+rsi+vwap_reversion),any(ma_ribbon+zscore+vwap_reversion),0.9197033908989484,0.9944306197416756,False,True
short,3,any,any(ma_ribbon+bb_reversion+vwap_reversion),any(ma_ribbon+zscore+vwap_reversion),0.9940129674826109,0.9996440436639772,False,True
short,3,any,any(ma_ribbon+rsi+ou_reversion),any(ma_ribbon+bb_reversion+ou_reversion),0.8178301154576646,0.9824498567335244,False,True
short,3,any,any(ma_ribbon+rsi+ou_reversion),any(ma_ribbon+zscore+ou_reversion),0.8134066698989074,0.9813597801409966,False,True
short,3,any,any(ma_ribbon+bb_reversion+ou_reversion),any(ma_ribbon+zscore+ou_reversion),0.975938876101098,0.9972181906144171,False,True
short,3,any,any(ma_ribbon+rsi+obv_trend),any(ma_ribbon+bb_reversion+obv_trend),0.7664203053406133,0.983096926713948,False,True
short,3,any,any(ma_ribbon+rsi+obv_trend),any(ma_ribbon+zscore+obv_trend),0.7625024038886766,0.9820182183840057,False,True
short,3,any,any(ma_ribbon+bb_reversion+obv_trend),any(ma_ribbon+zscore+obv_trend),0.968514061573181,0.9972527472527473,False,True
short,3,any,any(ichimoku+ts_momentum+sma_regime),any(ichimoku+dual_momentum+sma_regime),0.9050699411649197,0.9323818019625335,False,True
short,3,any,any(ichimoku+ts_momentum+adx_trend),any(ichimoku+dual_momentum+adx_trend),0.9042618487862292,0.924028941355674,False,True
short,3,any,any(ichimoku+ts_momentum+hurst_switch),any(ichimoku+dual_momentum+hurst_switch),0.8874676253253402,0.9069310818770862,False,True
short,3,any,any(ichimoku+ts_momentum+vol_regime),any(ichimoku+dual_momentum+vol_regime),0.8963521531277124,0.9213399962983527,False,True
short,3,any,any(ichimoku+ts_momentum+breakout),any(ichimoku+dual_momentum+breakout),0.9119908708146871,0.9315274642588413,False,True
short,3,any,any(ichimoku+ts_momentum+bb_breakout),any(ichimoku+dual_momentum+bb_breakout),0.8964437212443301,0.9123927359808421,False,True
short,3,any,any(ichimoku+ts_momentum+keltner),any(ichimoku+dual_momentum+keltner),0.8844646132542933,0.9008281155322158,False,True
short,3,any,any(ichimoku+ts_momentum+rsi),any(ichimoku+ts_momentum+bb_reversion),0.8435984407328562,0.9452963116452548,False,True
short,3,any,any(ichimoku+ts_momentum+rsi),any(ichimoku+ts_momentum+zscore),0.8381162146658915,0.9422917243288126,False,True
short,3,any,any(ichimoku+ts_momentum+rsi),any(ichimoku+dual_momentum+rsi),0.8499059008760387,0.9497459837978854,False,True
short,3,any,any(ichimoku+ts_momentum+rsi),any(ichimoku+dual_momentum+bb_reversion),0.7098472888102288,0.9013362127142664,False,True
short,3,any,any(ichimoku+ts_momentum+rsi),any(ichimoku+dual_momentum+zscore),0.7061221637947404,0.8984586262844781,False,False
short,3,any,any(ichimoku+ts_momentum+bb_reversion),any(ichimoku+ts_momentum+zscore),0.982233956026974,0.9932664756446992,False,True
short,3,any,any(ichimoku+ts_momentum+bb_reversion),any(ichimoku+dual_momentum+rsi),0.7069500728021072,0.9001214738831151,False,True
short,3,any,any(ichimoku+ts_momentum+bb_reversion),any(ichimoku+dual_momentum+bb_reversion),0.8513254819457121,0.9463414634146341,False,True
short,3,any,any(ichimoku+ts_momentum+bb_reversion),any(ichimoku+dual_momentum+zscore),0.8355003150363034,0.9399303135888502,False,True
short,3,any,any(ichimoku+ts_momentum+zscore),any(ichimoku+dual_momentum+rsi),0.7029642154943343,0.8971065440778799,False,False
short,3,any,any(ichimoku+ts_momentum+zscore),any(ichimoku+dual_momentum+bb_reversion),0.8352236567601403,0.9397909407665506,False,True
short,3,any,any(ichimoku+ts_momentum+zscore),any(ichimoku+dual_momentum+zscore),0.8519395420533178,0.9450364554122266,False,True
short,3,any,any(ichimoku+dual_momentum+rsi),any(ichimoku+dual_momentum+bb_reversion),0.8517673666619829,0.9481256052012726,False,True
short,3,any,any(ichimoku+dual_momentum+rsi),any(ichimoku+dual_momentum+zscore),0.8472580932200744,0.9455301455301456,False,True
short,3,any,any(ichimoku+dual_momentum+bb_reversion),any(ichimoku+dual_momentum+zscore),0.9825634603694547,0.9934144595561918,False,True
short,3,any,any(ichimoku+ts_momentum+stochastic),any(ichimoku+dual_momentum+stochastic),0.8475459988756805,0.9386590584878745,False,True
short,3,any,any(ichimoku+ts_momentum+vwap_reversion),any(ichimoku+dual_momentum+vwap_reversion),0.860447751339435,0.9547628809621429,False,True
short,3,any,any(ichimoku+ts_momentum+ou_reversion),any(ichimoku+dual_momentum+ou_reversion),0.8797731801473876,0.9292422279792746,False,True
short,3,any,any(ichimoku+ts_momentum+obv_trend),any(ichimoku+dual_momentum+obv_trend),0.9289666623966468,0.9519514310494362,False,True
short,3,any,any(ichimoku+sma_regime+rsi),any(ichimoku+sma_regime+bb_reversion),0.886067280111781,0.9467323187108326,False,True
short,3,any,any(ichimoku+sma_regime+rsi),any(ichimoku+sma_regime+zscore),0.8799937978271596,0.943040813275527,False,True
short,3,any,any(ichimoku+sma_regime+bb_reversion),any(ichimoku+sma_regime+zscore),0.9844932293273622,0.9922708301128459,False,True
short,3,any,any(ichimoku+adx_trend+rsi),any(ichimoku+adx_trend+bb_reversion),0.8583701175504627,0.9379370629370629,False,True
short,3,any,any(ichimoku+adx_trend+rsi),any(ichimoku+adx_trend+zscore),0.8537235218566226,0.9347254672897196,False,True
short,3,any,any(ichimoku+adx_trend+bb_reversion),any(ichimoku+adx_trend+zscore),0.9830197339036472,0.9919354838709677,False,True
short,3,any,any(ichimoku+hurst_switch+rsi),any(ichimoku+hurst_switch+bb_reversion),0.8826479500345812,0.9282665791201575,False,True
short,3,any,any(ichimoku+hurst_switch+rsi),any(ichimoku+hurst_switch+zscore),0.8782554532712149,0.924621461487821,False,True
short,3,any,any(ichimoku+hurst_switch+bb_reversion),any(ichimoku+hurst_switch+zscore),0.9860489543936118,0.990855762594893,False,True
short,3,any,any(ichimoku+vol_regime+rsi),any(ichimoku+vol_regime+bb_reversion),0.8884293170804378,0.9421385588643728,False,True
short,3,any,any(ichimoku+vol_regime+rsi),any(ichimoku+vol_regime+zscore),0.8836060968207728,0.9387470997679814,False,True
short,3,any,any(ichimoku+vol_regime+bb_reversion),any(ichimoku+vol_regime+zscore),0.9846261894689776,0.991503687079192,False,True
short,3,any,any(ichimoku+breakout+rsi),any(ichimoku+breakout+bb_reversion),0.8392054905247582,0.9391218964791695,False,True
short,3,any,any(ichimoku+breakout+rsi),any(ichimoku+breakout+zscore),0.8331660520191366,0.9356379988757729,False,True
short,3,any,any(ichimoku+breakout+bb_reversion),any(ichimoku+breakout+zscore),0.9822684891360659,0.9926889896183653,False,True
short,3,any,any(ichimoku+bb_breakout+rsi),any(ichimoku+bb_breakout+bb_reversion),0.8655896635202602,0.9311926605504587,False,True
short,3,any,any(ichimoku+bb_breakout+rsi),any(ichimoku+bb_breakout+zscore),0.8610671114759662,0.9278050275904353,False,True
short,3,any,any(ichimoku+bb_breakout+bb_reversion),any(ichimoku+bb_breakout+zscore),0.98461414925929,0.9915077711905144,False,True
short,3,any,any(ichimoku+keltner+rsi),any(ichimoku+keltner+bb_reversion),0.8793340027807123,0.9260719566288812,False,True
short,3,any,any(ichimoku+keltner+rsi),any(ichimoku+keltner+zscore),0.8749371486723486,0.922418053039038,False,True
short,3,any,any(ichimoku+keltner+bb_reversion),any(ichimoku+keltner+zscore),0.986069208396556,0.9908431237042156,False,True
short,3,any,any(ichimoku+rsi+stochastic),any(ichimoku+stochastic+bb_reversion),0.9410567296825956,0.9682514610646028,False,True
short,3,any,any(ichimoku+rsi+stochastic),any(ichimoku+stochastic+zscore),0.9378541283566775,0.9663241106719368,False,True
short,3,any,any(ichimoku+stochastic+bb_reversion),any(ichimoku+stochastic+zscore),0.993042463549157,0.9961321514907333,False,True
short,3,any,any(ichimoku+rsi+vwap_reversion),any(ichimoku+bb_reversion+vwap_reversion),0.9567559518382582,0.976703645007924,False,True
short,3,any,any(ichimoku+rsi+vwap_reversion),any(ichimoku+zscore+vwap_reversion),0.9568036014624912,0.9766851704996035,False,True
short,3,any,any(ichimoku+bb_reversion+vwap_reversion),any(ichimoku+zscore+vwap_reversion),0.997058965499333,0.9983987189751802,False,True
short,3,any,any(ichimoku+rsi+ou_reversion),any(ichimoku+bb_reversion+ou_reversion),0.8976781902746274,0.9361032941565965,False,True
short,3,any,any(ichimoku+rsi+ou_reversion),any(ichimoku+zscore+ou_reversion),0.8934217001190289,0.932448132780083,False,True
short,3,any,any(ichimoku+bb_reversion+ou_reversion),any(ichimoku+zscore+ou_reversion),0.9861824494711156,0.9907697666318356,False,True
short,3,any,any(ichimoku+rsi+obv_trend),any(ichimoku+bb_reversion+obv_trend),0.82528191055847,0.9547184669904187,False,True
short,3,any,any(ichimoku+rsi+obv_trend),any(ichimoku+zscore+obv_trend),0.8192352814016446,0.9517359284587059,False,True
short,3,any,any(ichimoku+bb_reversion+obv_trend),any(ichimoku+zscore+obv_trend),0.9753383457057396,0.9929587000677048,False,True
short,3,any,any(ts_momentum+sma_regime+adx_trend),any(dual_momentum+sma_regime+adx_trend),0.902082301938871,0.9325528568932379,False,True
short,3,any,any(ts_momentum+sma_regime+hurst_switch),any(dual_momentum+sma_regime+hurst_switch),0.8846082799882397,0.9156278229448961,False,True
short,3,any,any(ts_momentum+sma_regime+vol_regime),any(dual_momentum+sma_regime+vol_regime),0.8819844773062894,0.9117862371888726,False,True
short,3,any,any(ts_momentum+sma_regime+breakout),any(dual_momentum+sma_regime+breakout),0.9104456278787814,0.9392782789729355,False,True
short,3,any,any(ts_momentum+sma_regime+bb_breakout),any(dual_momentum+sma_regime+bb_breakout),0.8932588700283524,0.9210622044379775,False,True
short,3,any,any(ts_momentum+sma_regime+keltner),any(dual_momentum+sma_regime+keltner),0.8829526287155934,0.9125183016105417,False,True
short,3,any,any(ts_momentum+sma_regime+rsi),any(ts_momentum+sma_regime+bb_reversion),0.8337380773171962,0.9498857987370684,False,True
short,3,any,any(ts_momentum+sma_regime+rsi),any(ts_momentum+sma_regime+zscore),0.8263697013481742,0.9465895331629222,False,True
short,3,any,any(ts_momentum+sma_regime+rsi),any(dual_momentum+sma_regime+rsi),0.83726253521001,0.9529348843428266,False,True
short,3,any,any(ts_momentum+sma_regime+rsi),any(dual_momentum+sma_regime+bb_reversion),0.7006977682521339,0.9115709014233,False,True
short,3,any,any(ts_momentum+sma_regime+rsi),any(dual_momentum+sma_regime+zscore),0.6950650658676923,0.9082871470044867,False,True
short,3,any,any(ts_momentum+sma_regime+bb_reversion),any(ts_momentum+sma_regime+zscore),0.9813497082301194,0.9938871908863574,False,True
short,3,any,any(ts_momentum+sma_regime+bb_reversion),any(dual_momentum+sma_regime+rsi),0.6944929841022659,0.9094623089088034,False,True
short,3,any,any(ts_momentum+sma_regime+bb_reversion),any(dual_momentum+sma_regime+bb_reversion),0.8409015665778563,0.950121984277582,False,True
short,3,any,any(ts_momentum+sma_regime+bb_reversion),any(dual_momentum+sma_regime+zscore),0.824349243624713,0.9441583084846842,False,True
short,3,any,any(ts_momentum+sma_regime+zscore),any(dual_momentum+sma_regime+rsi),0.6887481323411413,0.9061757719714965,False,True
short,3,any,any(ts_momentum+sma_regime+zscore),any(dual_momentum+sma_regime+bb_reversion),0.8242373245067507,0.9441583084846842,False,True
short,3,any,any(ts_momentum+sma_regime+zscore),any(dual_momentum+sma_regime+zscore),0.8415031707955043,0.9487598800763151,False,True
short,3,any,any(dual_momentum+sma_regime+rsi),any(dual_momentum+sma_regime+bb_reversion),0.8537460999101625,0.9553065082365649,False,True
short,3,any,any(dual_momentum+sma_regime+rsi),any(dual_momentum+sma_regime+zscore),0.8478214771646353,0.9525290776305112,False,True
short,3,any,any(dual_momentum+sma_regime+bb_reversion),any(dual_momentum+sma_regime+zscore),0.9814344977360274,0.9938803894297635,False,True
short,3,any,any(ts_momentum+sma_regime+stochastic),any(dual_momentum+sma_regime+stochastic),0.837181517199473,0.9422117516629712,False,True
short,3,any,any(ts_momentum+sma_regime+vwap_reversion),any(dual_momentum+sma_regime+vwap_reversion),0.8532130395177486,0.9575408518617734,False,True
short,3,any,any(ts_momentum+sma_regime+ou_reversion),any(dual_momentum+sma_regime+ou_reversion),0.8745216595121014,0.935404490925869,False,True
short,3,any,any(ts_momentum+sma_regime+obv_trend),any(dual_momentum+sma_regime+obv_trend),0.9245478674349044,0.9559157212317666,False,True
short,3,any,any(ts_momentum+adx_trend+hurst_switch),any(dual_momentum+adx_trend+hurst_switch),0.8602349407590987,0.8844348846304263,False,True
short,3,any,any(ts_momentum+adx_trend+vol_regime),any(dual_momentum+adx_trend+vol_regime),0.8819396246476886,0.9115011885170964,False,True
short,3,any,any(ts_momentum+adx_trend+breakout),any(dual_momentum+adx_trend+breakout),0.8850939175467047,0.9085203499429441,False,True
short,3,any,any(ts_momentum+adx_trend+bb_breakout),any(dual_momentum+adx_trend+bb_breakout),0.8640418726460314,0.8839071257005604,False,True
short,3,any,any(ts_momentum+adx_trend+keltner),any(dual_momentum+adx_trend+keltner),0.8550113649560678,0.875050464271296,False,True
short,3,any,any(ts_momentum+adx_trend+rsi),any(ts_momentum+adx_trend+bb_reversion),0.8220821960760544,0.9371121224658667,False,True
short,3,any,any(ts_momentum+adx_trend+rsi),any(ts_momentum+adx_trend+zscore),0.8175532317531433,0.9342268895951361,False,True
short,3,any,any(ts_momentum+adx_trend+rsi),any(dual_momentum+adx_trend+rsi),0.8149999725653676,0.9391091131998366,False,True
short,3,any,any(ts_momentum+adx_trend+rsi),any(dual_momentum+adx_trend+bb_reversion),0.6643554041682761,0.8869844670594537,False,False
short,3,any,any(ts_momentum+adx_trend+rsi),any(dual_momentum+adx_trend+zscore),0.6613197514918157,0.8840890796887577,False,False
short,3,any,any(ts_momentum+adx_trend+bb_reversion),any(ts_momentum+adx_trend+zscore),0.9821720327476908,0.993086562004897,False,True
short,3,any,any(ts_momentum+adx_trend+bb_reversion),any(dual_momentum+adx_trend+rsi),0.660420201828048,0.8847080878414569,False,False
short,3,any,any(ts_momentum+adx_trend+bb_reversion),any(dual_momentum+adx_trend+bb_reversion),0.8162427846527535,0.9333888426311407,False,True
short,3,any,any(ts_momentum+adx_trend+bb_reversion),any(dual_momentum+adx_trend+zscore),0.8000076706997946,0.9267277268942548,False,True
short,3,any,any(ts_momentum+adx_trend+zscore),any(dual_momentum+adx_trend+rsi),0.6578316086215751,0.8818084250067079,False,False
short,3,any,any(ts_momentum+adx_trend+zscore),any(dual_momentum+adx_trend+bb_reversion),0.8005538510941913,0.9267277268942548,False,True
short,3,any,any(ts_momentum+adx_trend+zscore),any(dual_momentum+adx_trend+zscore),0.81733830562574,0.9318626082099972,False,True
short,3,any,any(dual_momentum+adx_trend+rsi),any(dual_momentum+adx_trend+bb_reversion),0.8371991111153501,0.9437026841018582,False,True
short,3,any,any(dual_momentum+adx_trend+rsi),any(dual_momentum+adx_trend+zscore),0.8339441849623044,0.9413712236170506,False,True
short,3,any,any(dual_momentum+adx_trend+bb_reversion),any(dual_momentum+adx_trend+zscore),0.9817863255057057,0.9931320646730577,False,True
short,3,any,any(ts_momentum+adx_trend+stochastic),any(dual_momentum+adx_trend+stochastic),0.81407409738185,0.9243566045784161,False,True
short,3,any,any(ts_momentum+adx_trend+vwap_reversion),any(dual_momentum+adx_trend+vwap_reversion),0.8320802464208082,0.9486315221787784,False,True
short,3,any,any(ts_momentum+adx_trend+ou_reversion),any(dual_momentum+adx_trend+ou_reversion),0.8501464518335292,0.9117268041237113,False,True
short,3,any,any(ts_momentum+adx_trend+obv_trend),any(dual_momentum+adx_trend+obv_trend),0.9072151607967672,0.9353198948290973,False,True
short,3,any,any(ts_momentum+hurst_switch+vol_regime),any(dual_momentum+hurst_switch+vol_regime),0.85659272092477,0.8870205932363499,False,True
short,3,any,any(ts_momentum+hurst_switch+breakout),any(dual_momentum+hurst_switch+breakout),0.8778031955273015,0.9017085813015934,False,True
short,3,any,any(ts_momentum+hurst_switch+bb_breakout),any(dual_momentum+hurst_switch+bb_breakout),0.8462133195434538,0.863768115942029,False,True
short,3,any,any(ts_momentum+hurst_switch+keltner),any(dual_momentum+hurst_switch+keltner),0.8244456025559015,0.8421494542401343,False,True
short,3,any,any(ts_momentum+hurst_switch+rsi),any(ts_momentum+hurst_switch+bb_reversion),0.840411757162543,0.933428981348637,False,True
short,3,any,any(ts_momentum+hurst_switch+rsi),any(ts_momentum+hurst_switch+zscore),0.8359424802971666,0.9304197814836113,False,True
short,3,any,any(ts_momentum+hurst_switch+rsi),any(dual_momentum+hurst_switch+rsi),0.7865642197402031,0.9139100932994063,False,True
short,3,any,any(ts_momentum+hurst_switch+rsi),any(dual_momentum+hurst_switch+bb_reversion),0.6545989447538381,0.8587876265778888,False,False
short,3,any,any(ts_momentum+hurst_switch+rsi),any(dual_momentum+hurst_switch+zscore),0.6520459268691585,0.855733148019458,False,False
short,3,any,any(ts_momentum+hurst_switch+bb_reversion),any(ts_momentum+hurst_switch+zscore),0.9841193232988992,0.9927917104670371,False,True
short,3,any,any(ts_momentum+hurst_switch+bb_reversion),any(dual_momentum+hurst_switch+rsi),0.6471007493176083,0.8561520321819948,False,False
short,3,any,any(ts_momentum+hurst_switch+bb_reversion),any(dual_momentum+hurst_switch+bb_reversion),0.7859335213472739,0.9069700460829493,False,True
short,3,any,any(ts_momentum+hurst_switch+bb_reversion),any(dual_momentum+hurst_switch+zscore),0.7724139538746058,0.9000576036866359,False,True
short,3,any,any(ts_momentum+hurst_switch+zscore),any(dual_momentum+hurst_switch+rsi),0.6439059624822485,0.853092425295344,False,False
short,3,any,any(ts_momentum+hurst_switch+zscore),any(dual_momentum+hurst_switch+bb_reversion),0.771740301592675,0.9000576036866359,False,True
short,3,any,any(ts_momentum+hurst_switch+zscore),any(dual_momentum+hurst_switch+zscore),0.7869344793719912,0.9052173913043479,False,True
short,3,any,any(dual_momentum+hurst_switch+rsi),any(dual_momentum+hurst_switch+bb_reversion),0.8596826304395526,0.9386565641847588,False,True
short,3,any,any(dual_momentum+hurst_switch+rsi),any(dual_momentum+hurst_switch+zscore),0.8563655604347149,0.9361764276325398,False,True
short,3,any,any(dual_momentum+hurst_switch+bb_reversion),any(dual_momentum+hurst_switch+zscore),0.9845385946448113,0.9927084915691934,False,True
short,3,any,any(ts_momentum+hurst_switch+stochastic),any(dual_momentum+hurst_switch+stochastic),0.7844285075072872,0.9024461269656378,False,True
short,3,any,any(ts_momentum+hurst_switch+vwap_reversion),any(dual_momentum+hurst_switch+vwap_reversion),0.7994226528682442,0.9232060428031893,False,True
short,3,any,any(ts_momentum+hurst_switch+ou_reversion),any(dual_momentum+hurst_switch+ou_reversion),0.818306002250382,0.8817312531454454,False,True
short,3,any,any(ts_momentum+hurst_switch+obv_trend),any(dual_momentum+hurst_switch+obv_trend),0.9048417730523238,0.9339291973361374,False,True
short,3,any,any(ts_momentum+vol_regime+breakout),any(dual_momentum+vol_regime+breakout),0.8940409113172006,0.9222423146473779,False,True
short,3,any,any(ts_momentum+vol_regime+bb_breakout),any(dual_momentum+vol_regime+bb_breakout),0.8716997018651369,0.8970925784238715,False,True
short,3,any,any(ts_momentum+vol_regime+keltner),any(dual_momentum+vol_regime+keltner),0.8560089688393027,0.8829663962920047,False,True
short,3,any,any(ts_momentum+vol_regime+rsi),any(ts_momentum+vol_regime+bb_reversion),0.8410448981064607,0.9443293272551457,False,True
short,3,any,any(ts_momentum+vol_regime+rsi),any(ts_momentum+vol_regime+zscore),0.8355782337378155,0.9413230002767783,False,True
short,3,any,any(ts_momentum+vol_regime+rsi),any(dual_momentum+vol_regime+rsi),0.809472035400481,0.9354132457580734,False,True
short,3,any,any(ts_momentum+vol_regime+rsi),any(dual_momentum+vol_regime+bb_reversion),0.6808117202325881,0.890429398303944,False,False
short,3,any,any(ts_momentum+vol_regime+rsi),any(dual_momentum+vol_regime+zscore),0.6772886401970338,0.8874056094929881,False,False
short,3,any,any(ts_momentum+vol_regime+bb_reversion),any(ts_momentum+vol_regime+zscore),0.9822506726049878,0.9932645457151046,False,True
short,3,any,any(ts_momentum+vol_regime+bb_reversion),any(dual_momentum+vol_regime+rsi),0.6738151754473194,0.8878718535469108,False,False
short,3,any,any(ts_momentum+vol_regime+bb_reversion),any(dual_momentum+vol_regime+bb_reversion),0.8115039786272479,0.9316132612012762,False,True
short,3,any,any(ts_momentum+vol_regime+bb_reversion),any(dual_momentum+vol_regime+zscore),0.7961235036457437,0.9250936329588015,False,True
short,3,any,any(ts_momentum+vol_regime+zscore),any(dual_momentum+vol_regime+rsi),0.6699399358164301,0.8848435814455232,False,False
short,3,any,any(ts_momentum+vol_regime+zscore),any(dual_momentum+vol_regime+bb_reversion),0.7957653549296165,0.9250936329588015,False,True
short,3,any,any(ts_momentum+vol_regime+zscore),any(dual_momentum+vol_regime+zscore),0.8126131540099446,0.930086519676249,False,True
short,3,any,any(dual_momentum+vol_regime+rsi),any(dual_momentum+vol_regime+bb_reversion),0.8630063531397388,0.9506551435740173,False,True
short,3,any,any(dual_momentum+vol_regime+rsi),any(dual_momentum+vol_regime+zscore),0.858793605366645,0.9481771197094566,False,True
short,3,any,any(dual_momentum+vol_regime+bb_reversion),any(dual_momentum+vol_regime+zscore),0.9825042598782547,0.9932344897077875,False,True
short,3,any,any(ts_momentum+vol_regime+stochastic),any(dual_momentum+vol_regime+stochastic),0.809216425688768,0.9227162949282569,False,True
short,3,any,any(ts_momentum+vol_regime+vwap_reversion),any(dual_momentum+vol_regime+vwap_reversion),0.8228457164912623,0.9424959216965743,False,True
short,3,any,any(ts_momentum+vol_regime+ou_reversion),any(dual_momentum+vol_regime+ou_reversion),0.8463180776733786,0.9113984674329502,False,True
short,3,any,any(ts_momentum+vol_regime+obv_trend),any(dual_momentum+vol_regime+obv_trend),0.9121665775220679,0.9441649899396378,False,True
short,3,any,any(ts_momentum+breakout+bb_breakout),any(dual_momentum+breakout+bb_breakout),0.8727630677007642,0.8928783971434239,False,True
short,3,any,any(ts_momentum+breakout+keltner),any(dual_momentum+breakout+keltner),0.8714066794260636,0.8915159944367177,False,True
short,3,any,any(ts_momentum+breakout+rsi),any(ts_momentum+breakout+bb_reversion),0.8004322002893083,0.9369102183877056,False,True
short,3,any,any(ts_momentum+breakout+rsi),any(ts_momentum+breakout+zscore),0.7958832315711857,0.9340896812533765,False,True
short,3,any,any(ts_momentum+breakout+rsi),any(dual_momentum+breakout+rsi),0.8359481285837859,0.9512686266612969,False,True
short,3,any,any(ts_momentum+breakout+rsi),any(dual_momentum+breakout+bb_reversion),0.6641273430834223,0.8980371492556976,False,False
short,3,any,any(ts_momentum+breakout+rsi),any(dual_momentum+breakout+zscore),0.6613763201113196,0.8953411640490959,False,False
short,3,any,any(ts_momentum+breakout+bb_reversion),any(ts_momentum+breakout+zscore),0.9806198915802842,0.9932517924926192,False,True
short,3,any,any(ts_momentum+breakout+bb_reversion),any(dual_momentum+breakout+rsi),0.6603434565146,0.8960611250164668,False,False
short,3,any,any(ts_momentum+breakout+bb_reversion),any(dual_momentum+breakout+bb_reversion),0.8330986127108735,0.9454520660030001,False,True
short,3,any,any(ts_momentum+breakout+bb_reversion),any(dual_momentum+breakout+zscore),0.8157462902650905,0.9390426837583526,False,True
short,3,any,any(ts_momentum+breakout+zscore),any(dual_momentum+breakout+rsi),0.6577404581123553,0.893229510360301,False,False
short,3,any,any(ts_momentum+breakout+zscore),any(dual_momentum+breakout+bb_reversion),0.8159514695176474,0.9389063139233601,False,True
short,3,any,any(ts_momentum+breakout+zscore),any(dual_momentum+breakout+zscore),0.8345033693353542,0.9441624365482234,False,True
short,3,any,any(dual_momentum+breakout+rsi),any(dual_momentum+breakout+bb_reversion),0.8177554301656083,0.9435766226770805,False,True
short,3,any,any(dual_momentum+breakout+rsi),any(dual_momentum+breakout+zscore),0.8140513629324945,0.9411685332613683,False,True
short,3,any,any(dual_momentum+breakout+bb_reversion),any(dual_momentum+breakout+zscore),0.9806018350553927,0.9934293303509018,False,True
short,3,any,any(ts_momentum+breakout+stochastic),any(dual_momentum+breakout+stochastic),0.8307611179562289,0.9391207876854805,False,True
short,3,any,any(ts_momentum+breakout+vwap_reversion),any(dual_momentum+breakout+vwap_reversion),0.8530283841247014,0.9594253026473327,False,True
short,3,any,any(ts_momentum+breakout+ou_reversion),any(dual_momentum+breakout+ou_reversion),0.8677833129349024,0.9258789990497308,False,True
short,3,any,any(ts_momentum+breakout+obv_trend),any(dual_momentum+breakout+obv_trend),0.91201391783921,0.9394837809557028,False,True
short,3,any,any(ts_momentum+bb_breakout+keltner),any(dual_momentum+bb_breakout+keltner),0.839713608143375,0.8521066208082545,False,True
short,3,any,any(ts_momentum+bb_breakout+rsi),any(ts_momentum+bb_breakout+bb_reversion),0.8325063297776663,0.9311526924725039,False,True
short,3,any,any(ts_momentum+bb_breakout+rsi),any(ts_momentum+bb_breakout+zscore),0.8280302500497047,0.9281522828109346,False,True
short,3,any,any(ts_momentum+bb_breakout+rsi),any(dual_momentum+bb_breakout+rsi),0.816766500426212,0.9283194581628333,False,True
short,3,any,any(ts_momentum+bb_breakout+rsi),any(dual_momentum+bb_breakout+bb_reversion),0.6743487915381097,0.8714226462048942,False,False
short,3,any,any(ts_momentum+bb_breakout+rsi),any(dual_momentum+bb_breakout+zscore),0.6712171066571826,0.8684028258761601,False,False
short,3,any,any(ts_momentum+bb_breakout+bb_reversion),any(ts_momentum+bb_breakout+zscore),0.9839554214795834,0.9928218932256617,False,True
short,3,any,any(ts_momentum+bb_breakout+bb_reversion),any(dual_momentum+bb_breakout+rsi),0.6700100932443965,0.8692105626987419,False,False
short,3,any,any(ts_momentum+bb_breakout+bb_reversion),any(dual_momentum+bb_breakout+bb_reversion),0.8151557814595007,0.9221935113407982,False,True
short,3,any,any(ts_momentum+bb_breakout+bb_reversion),any(dual_momentum+bb_breakout+zscore),0.8006481092278006,0.9153028997990238,False,True
short,3,any,any(ts_momentum+bb_breakout+zscore),any(dual_momentum+bb_breakout+rsi),0.6669851985677486,0.8661864524172324,False,False
short,3,any,any(ts_momentum+bb_breakout+zscore),any(dual_momentum+bb_breakout+bb_reversion),0.800800684212997,0.9153028997990238,False,True
short,3,any,any(ts_momentum+bb_breakout+zscore),any(dual_momentum+bb_breakout+zscore),0.8157834469558074,0.9205431956082057,False,True
short,3,any,any(dual_momentum+bb_breakout+rsi),any(dual_momentum+bb_breakout+bb_reversion),0.8485852686293898,0.9378668575518969,False,True
short,3,any,any(dual_momentum+bb_breakout+rsi),any(dual_momentum+bb_breakout+zscore),0.8452701347489351,0.9354283254412398,False,True
short,3,any,any(dual_momentum+bb_breakout+bb_reversion),any(dual_momentum+bb_breakout+zscore),0.9838593436824475,0.9928390273012084,False,True
short,3,any,any(ts_momentum+bb_breakout+stochastic),any(dual_momentum+bb_breakout+stochastic),0.811643756188024,0.9152196118488254,False,True
short,3,any,any(ts_momentum+bb_breakout+vwap_reversion),any(dual_momentum+bb_breakout+vwap_reversion),0.8324316494949479,0.9385023009343187,False,True
short,3,any,any(ts_momentum+bb_breakout+ou_reversion),any(dual_momentum+bb_breakout+ou_reversion),0.8417596475584166,0.8971899713949184,False,True
short,3,any,any(ts_momentum+bb_breakout+obv_trend),any(dual_momentum+bb_breakout+obv_trend),0.9010869533382804,0.9279554437657205,False,True
short,3,any,any(ts_momentum+keltner+rsi),any(ts_momentum+keltner+bb_reversion),0.8381261365630522,0.9302762910458556,False,True
short,3,any,any(ts_momentum+keltner+rsi),any(ts_momentum+keltner+zscore),0.8336713137663776,0.9272358312798956,False,True
short,3,any,any(ts_momentum+keltner+rsi),any(dual_momentum+keltner+rsi),0.7913823468072582,0.9131736526946108,False,True
short,3,any,any(ts_momentum+keltner+rsi),any(dual_momentum+keltner+bb_reversion),0.6567291126607937,0.8560055865921787,False,False
short,3,any,any(ts_momentum+keltner+rsi),any(dual_momentum+keltner+zscore),0.6539926744874174,0.8529247131262244,False,False
short,3,any,any(ts_momentum+keltner+bb_reversion),any(ts_momentum+keltner+zscore),0.9844533051763411,0.9927261706319139,False,True
short,3,any,any(ts_momentum+keltner+bb_reversion),any(dual_momentum+keltner+rsi),0.6508873591535616,0.8537709497206704,False,False
short,3,any,any(ts_momentum+keltner+bb_reversion),any(dual_momentum+keltner+bb_reversion),0.7905059366915175,0.9067169592340055,False,True
short,3,any,any(ts_momentum+keltner+bb_reversion),any(dual_momentum+keltner+zscore),0.7770479223587887,0.8997533729870884,False,False
short,3,any,any(ts_momentum+keltner+zscore),any(dual_momentum+keltner+rsi),0.6476951271820766,0.8506856982927512,False,False
short,3,any,any(ts_momentum+keltner+zscore),any(dual_momentum+keltner+bb_reversion),0.7765745413978125,0.8997533729870884,False,False
short,3,any,any(ts_momentum+keltner+zscore),any(dual_momentum+keltner+zscore),0.791341649701604,0.9049496276828735,False,True
short,3,any,any(dual_momentum+keltner+rsi),any(dual_momentum+keltner+bb_reversion),0.8574582210761094,0.93641957222385,False,True
short,3,any,any(dual_momentum+keltner+rsi),any(dual_momentum+keltner+zscore),0.8541359502516357,0.933920704845815,False,True
short,3,any,any(dual_momentum+keltner+bb_reversion),any(dual_momentum+keltner+zscore),0.9847401910754586,0.9926650366748166,False,True
short,3,any,any(ts_momentum+keltner+stochastic),any(dual_momentum+keltner+stochastic),0.7872107203646581,0.8994100294985251,False,False
short,3,any,any(ts_momentum+keltner+vwap_reversion),any(dual_momentum+keltner+vwap_reversion),0.8057867960364193,0.9236404621020006,False,True
short,3,any,any(ts_momentum+keltner+ou_reversion),any(dual_momentum+keltner+ou_reversion),0.8190439584106028,0.8787052810902896,False,True
short,3,any,any(ts_momentum+keltner+obv_trend),any(dual_momentum+keltner+obv_trend),0.8997836996816916,0.9266666666666666,False,True
short,3,any,any(ts_momentum+rsi+stochastic),any(ts_momentum+stochastic+bb_reversion),0.9056957938884709,0.9686507388482254,False,True
short,3,any,any(ts_momentum+rsi+stochastic),any(ts_momentum+stochastic+zscore),0.9018071981912675,0.967113444797568,False,True
short,3,any,any(ts_momentum+rsi+stochastic),any(dual_momentum+rsi+stochastic),0.7655956201392763,0.9233887312525334,False,True
short,3,any,any(ts_momentum+rsi+stochastic),any(dual_momentum+stochastic+bb_reversion),0.6954766220489617,0.9002810868692277,False,True
short,3,any,any(ts_momentum+rsi+stochastic),any(dual_momentum+stochastic+zscore),0.6928195197104197,0.898754519887505,False,False
short,3,any,any(ts_momentum+stochastic+bb_reversion),any(ts_momentum+stochastic+zscore),0.9922652933315663,0.9973250739124314,False,True
short,3,any,any(ts_momentum+stochastic+bb_reversion),any(dual_momentum+rsi+stochastic),0.6911559464084569,0.898808727078035,False,False
short,3,any,any(ts_momentum+stochastic+bb_reversion),any(dual_momentum+stochastic+bb_reversion),0.7591700094546026,0.919153553988063,False,True
short,3,any,any(ts_momentum+stochastic+bb_reversion),any(dual_momentum+stochastic+zscore),0.752888334273066,0.9165762344004341,False,True
short,3,any,any(ts_momentum+stochastic+zscore),any(dual_momentum+rsi+stochastic),0.6882182402646618,0.8972813713673496,False,False
short,3,any,any(ts_momentum+stochastic+zscore),any(dual_momentum+stochastic+bb_reversion),0.7525939414231061,0.9165762344004341,False,True
short,3,any,any(ts_momentum+stochastic+zscore),any(dual_momentum+stochastic+zscore),0.7591410114303814,0.9181620445894508,False,True
short,3,any,any(dual_momentum+rsi+stochastic),any(dual_momentum+stochastic+bb_reversion),0.9252742474415974,0.9740114573145172,False,True
short,3,any,any(dual_momentum+rsi+stochastic),any(dual_momentum+stochastic+zscore),0.9221746713090314,0.972734899328859,False,True
short,3,any,any(dual_momentum+stochastic+bb_reversion),any(dual_momentum+stochastic+zscore),0.9924950461500122,0.9973030518097942,False,True
short,3,any,any(ts_momentum+rsi+vwap_reversion),any(ts_momentum+bb_reversion+vwap_reversion),0.9422676173814215,0.9806783430636642,False,True
short,3,any,any(ts_momentum+rsi+vwap_reversion),any(ts_momentum+zscore+vwap_reversion),0.9415150240677423,0.9803948832035595,False,True
short,3,any,any(ts_momentum+rsi+vwap_reversion),any(dual_momentum+rsi+vwap_reversion),0.787025381643866,0.926118484060747,False,True
short,3,any,any(ts_momentum+rsi+vwap_reversion),any(dual_momentum+bb_reversion+vwap_reversion),0.7352065201207146,0.9097805472771606,False,True
short,3,any,any(ts_momentum+rsi+vwap_reversion),any(dual_momentum+zscore+vwap_reversion),0.7342919145833287,0.9092140921409214,False,True
short,3,any,any(ts_momentum+bb_reversion+vwap_reversion),any(ts_momentum+zscore+vwap_reversion),0.9974991565882142,0.9991590749824807,False,True
short,3,any,any(ts_momentum+bb_reversion+vwap_reversion),any(dual_momentum+rsi+vwap_reversion),0.7363399204964273,0.9099160119208887,False,True
short,3,any,any(ts_momentum+bb_reversion+vwap_reversion),any(dual_momentum+bb_reversion+vwap_reversion),0.7868079655106675,0.9269823938856285,False,True
short,3,any,any(ts_momentum+bb_reversion+vwap_reversion),any(dual_momentum+zscore+vwap_reversion),0.7842074548639568,0.9258905418315818,False,True
short,3,any,any(ts_momentum+zscore+vwap_reversion),any(dual_momentum+rsi+vwap_reversion),0.7358150364182472,0.909620596205962,False,True
short,3,any,any(ts_momentum+zscore+vwap_reversion),any(dual_momentum+bb_reversion+vwap_reversion),0.7846088045285354,0.9261635048450935,False,True
short,3,any,any(ts_momentum+zscore+vwap_reversion),any(dual_momentum+zscore+vwap_reversion),0.7868156637150063,0.9266493648408687,False,True
short,3,any,any(dual_momentum+rsi+vwap_reversion),any(dual_momentum+bb_reversion+vwap_reversion),0.9469556229745807,0.9804060769558427,False,True
short,3,any,any(dual_momentum+rsi+vwap_reversion),any(dual_momentum+zscore+vwap_reversion),0.9470394866273217,0.9803949424634181,False,True
short,3,any,any(dual_momentum+bb_reversion+vwap_reversion),any(dual_momentum+zscore+vwap_reversion),0.9969191216094674,0.9988545246277205,False,True
short,3,any,any(ts_momentum+rsi+ou_reversion),any(ts_momentum+bb_reversion+ou_reversion),0.8640470694117321,0.9415593808766093,False,True
short,3,any,any(ts_momentum+rsi+ou_reversion),any(ts_momentum+zscore+ou_reversion),0.859715069667685,0.9385418176547325,False,True
short,3,any,any(ts_momentum+rsi+ou_reversion),any(dual_momentum+rsi+ou_reversion),0.7815507854943416,0.9120429196668078,False,True
short,3,any,any(ts_momentum+rsi+ou_reversion),any(dual_momentum+bb_reversion+ou_reversion),0.6738684144564475,0.8635474860335196,False,False
short,3,any,any(ts_momentum+rsi+ou_reversion),any(dual_momentum+zscore+ou_reversion),0.6714193208394007,0.8604813881891967,False,False
short,3,any,any(ts_momentum+bb_reversion+ou_reversion),any(ts_momentum+zscore+ou_reversion),0.9844533051763411,0.9927261706319139,False,True
short,3,any,any(ts_momentum+bb_reversion+ou_reversion),any(dual_momentum+rsi+ou_reversion),0.6637918421155682,0.860195530726257,False,False
short,3,any,any(ts_momentum+bb_reversion+ou_reversion),any(dual_momentum+bb_reversion+ou_reversion),0.7837267963922546,0.9032351661105469,False,True
short,3,any,any(ts_momentum+bb_reversion+ou_reversion),any(dual_momentum+zscore+ou_reversion),0.7704664171598128,0.8962715798636298,False,False
short,3,any,any(ts_momentum+zscore+ou_reversion),any(dual_momentum+rsi+ou_reversion),0.660683883865041,0.8571228659389869,False,False
short,3,any,any(ts_momentum+zscore+ou_reversion),any(dual_momentum+bb_reversion+ou_reversion),0.7697949854154561,0.8962715798636298,False,False
short,3,any,any(ts_momentum+zscore+ou_reversion),any(dual_momentum+zscore+ou_reversion),0.784648342989348,0.9014454664914586,False,True
short,3,any,any(dual_momentum+rsi+ou_reversion),any(dual_momentum+bb_reversion+ou_reversion),0.8813013614233592,0.9464863275507204,False,True
short,3,any,any(dual_momentum+rsi+ou_reversion),any(dual_momentum+zscore+ou_reversion),0.8781060750478047,0.9440023577954613,False,True
short,3,any,any(dual_momentum+bb_reversion+ou_reversion),any(dual_momentum+zscore+ou_reversion),0.984859973497259,0.992638036809816,False,True
short,3,any,any(ts_momentum+rsi+obv_trend),any(ts_momentum+bb_reversion+obv_trend),0.805260177753177,0.9524242818146367,False,True
short,3,any,any(ts_momentum+rsi+obv_trend),any(ts_momentum+zscore+obv_trend),0.8000584245751763,0.9497330381560098,False,True
short,3,any,any(ts_momentum+rsi+obv_trend),any(dual_momentum+rsi+obv_trend),0.8495103306208459,0.9666752777060191,False,True
short,3,any,any(ts_momentum+rsi+obv_trend),any(dual_momentum+bb_reversion+obv_trend),0.6810458613182938,0.9273329933707293,False,True
short,3,any,any(ts_momentum+rsi+obv_trend),any(dual_momentum+zscore+obv_trend),0.677023033387296,0.9246487867177522,False,True
short,3,any,any(ts_momentum+bb_reversion+obv_trend),any(ts_momentum+zscore+obv_trend),0.9761646847773932,0.9935544514569625,False,True
short,3,any,any(ts_momentum+bb_reversion+obv_trend),any(dual_momentum+rsi+obv_trend),0.6782795793843402,0.9250382457929628,False,True
short,3,any,any(ts_momentum+bb_reversion+obv_trend),any(dual_momentum+bb_reversion+obv_trend),0.8534759470801525,0.9635887360838244,False,True
short,3,any,any(ts_momentum+bb_reversion+obv_trend),any(dual_momentum+zscore+obv_trend),0.8302985586487364,0.9573018991486575,False,True
short,3,any,any(ts_momentum+zscore+obv_trend),any(dual_momentum+rsi+obv_trend),0.6761221972297831,0.9223499361430396,False,True
short,3,any,any(ts_momentum+zscore+obv_trend),any(dual_momentum+bb_reversion+obv_trend),0.8325267137539656,0.9573018991486575,False,True
short,3,any,any(ts_momentum+zscore+obv_trend),any(dual_momentum+zscore+obv_trend),0.8546938429294197,0.9623238045053353,False,True
short,3,any,any(dual_momentum+rsi+obv_trend),any(dual_momentum+bb_reversion+obv_trend),0.8138552668234879,0.958252802473908,False,True
short,3,any,any(dual_momentum+rsi+obv_trend),any(dual_momentum+zscore+obv_trend),0.8103784731245383,0.9561007101355713,False,True
short,3,any,any(dual_momentum+bb_reversion+obv_trend),any(dual_momentum+zscore+obv_trend),0.9743054301639402,0.9936381709741551,False,True
short,3,any,any(ts_momentum+stochastic+vwap_reversion),any(dual_momentum+stochastic+vwap_reversion),0.7794718868496381,0.93080747010614,False,True
short,3,any,any(ts_momentum+stochastic+ou_reversion),any(dual_momentum+stochastic+ou_reversion),0.7714695904133704,0.9095124350147534,False,True
short,3,any,any(ts_momentum+stochastic+obv_trend),any(dual_momentum+stochastic+obv_trend),0.8511996988707768,0.9554123019070642,False,True
short,3,any,any(ts_momentum+vwap_reversion+ou_reversion),any(dual_momentum+vwap_reversion+ou_reversion),0.7935639262133592,0.9240892090317219,False,True
short,3,any,any(ts_momentum+vwap_reversion+obv_trend),any(dual_momentum+vwap_reversion+obv_trend),0.863058915909222,0.9723218862121988,False,True
short,3,any,any(ts_momentum+ou_reversion+obv_trend),any(dual_momentum+ou_reversion+obv_trend),0.8930046472250903,0.9504242965609647,False,True
short,3,any,any(sma_regime+adx_trend+rsi),any(sma_regime+adx_trend+bb_reversion),0.8577259454684768,0.9405413187446012,False,True
short,3,any,any(sma_regime+adx_trend+rsi),any(sma_regime+adx_trend+zscore),0.8544793155959238,0.9379151025122726,False,True
short,3,any,any(sma_regime+adx_trend+bb_reversion),any(sma_regime+adx_trend+zscore),0.9811250917332802,0.9914542728635682,False,True
short,3,any,any(sma_regime+hurst_switch+rsi),any(sma_regime+hurst_switch+bb_reversion),0.8851279048325753,0.9298735424536049,False,True
short,3,any,any(sma_regime+hurst_switch+rsi),any(sma_regime+hurst_switch+zscore),0.8818345966443691,0.9268413247652002,False,True
short,3,any,any(sma_regime+hurst_switch+bb_reversion),any(sma_regime+hurst_switch+zscore),0.9849792293186852,0.990184260375409,False,True
short,3,any,any(sma_regime+vol_regime+rsi),any(sma_regime+vol_regime+bb_reversion),0.8829835483081152,0.9285596978157333,False,True
short,3,any,any(sma_regime+vol_regime+rsi),any(sma_regime+vol_regime+zscore),0.8796717445157649,0.9255231504366452,False,True
short,3,any,any(sma_regime+vol_regime+bb_reversion),any(sma_regime+vol_regime+zscore),0.9849792293186852,0.990184260375409,False,True
short,3,any,any(sma_regime+breakout+rsi),any(sma_regime+breakout+bb_reversion),0.842733284207913,0.9426183844011142,False,True
short,3,any,any(sma_regime+breakout+rsi),any(sma_regime+breakout+zscore),0.8382473317549886,0.9396900739913444,False,True
short,3,any,any(sma_regime+breakout+bb_reversion),any(sma_regime+breakout+zscore),0.9803131277544993,0.992181844505574,False,True
short,3,any,any(sma_regime+bb_breakout+rsi),any(sma_regime+bb_breakout+bb_reversion),0.8663801958124838,0.9343197946549902,False,True
short,3,any,any(sma_regime+bb_breakout+rsi),any(sma_regime+bb_breakout+zscore),0.8630834850563804,0.9315462668484022,False,True
short,3,any,any(sma_regime+bb_breakout+bb_reversion),any(sma_regime+bb_breakout+zscore),0.9830169054246362,0.991010881564422,False,True
short,3,any,any(sma_regime+keltner+rsi),any(sma_regime+keltner+bb_reversion),0.8817879527914206,0.9291415539990227,False,True
short,3,any,any(sma_regime+keltner+rsi),any(sma_regime+keltner+zscore),0.8784762395814371,0.9261317208694231,False,True
short,3,any,any(sma_regime+keltner+bb_reversion),any(sma_regime+keltner+zscore),0.984837753389495,0.9902680553184224,False,True
short,3,any,any(sma_regime+rsi+stochastic),any(sma_regime+stochastic+bb_reversion),0.9354553741714134,0.9652996845425867,False,True
short,3,any,any(sma_regime+rsi+stochastic),any(sma_regime+stochastic+zscore),0.9331789045850039,0.9638287790238509,False,True
short,3,any,any(sma_regime+stochastic+bb_reversion),any(sma_regime+stochastic+zscore),0.9921731400680306,0.9956507731958762,False,True
short,3,any,any(sma_regime+rsi+vwap_reversion),any(sma_regime+bb_reversion+vwap_reversion),0.9573334795308539,0.9770278833967047,False,True
short,3,any,any(sma_regime+rsi+vwap_reversion),any(sma_regime+zscore+vwap_reversion),0.9594578167045148,0.9780952380952381,False,True
short,3,any,any(sma_regime+bb_reversion+vwap_reversion),any(sma_regime+zscore+vwap_reversion),0.9949979980381928,0.9972817396866006,False,True
short,3,any,any(sma_regime+rsi+ou_reversion),any(sma_regime+bb_reversion+ou_reversion),0.9006392277642079,0.9392346854984398,False,True
short,3,any,any(sma_regime+rsi+ou_reversion),any(sma_regime+zscore+ou_reversion),0.8974781669878207,0.9362333168561542,False,True
short,3,any,any(sma_regime+bb_reversion+ou_reversion),any(sma_regime+zscore+ou_reversion),0.9849792293186852,0.990184260375409,False,True
short,3,any,any(sma_regime+rsi+obv_trend),any(sma_regime+bb_reversion+obv_trend),0.8172988025501989,0.957388939256573,False,True
short,3,any,any(sma_regime+rsi+obv_trend),any(sma_regime+zscore+obv_trend),0.8113775561825921,0.954574951330305,False,True
short,3,any,any(sma_regime+bb_reversion+obv_trend),any(sma_regime+zscore+obv_trend),0.9724513071116094,0.9929446219382322,False,True
short,3,any,any(adx_trend+hurst_switch+rsi),any(adx_trend+hurst_switch+bb_reversion),0.8661348864606854,0.9052557567235014,False,True
short,3,any,any(adx_trend+hurst_switch+rsi),any(adx_trend+hurst_switch+zscore),0.8642799686498728,0.9025595763459842,False,True
short,3,any,any(adx_trend+hurst_switch+bb_reversion),any(adx_trend+hurst_switch+zscore),0.9850682880267286,0.9885165662650602,False,True
short,3,any,any(adx_trend+vol_regime+rsi),any(adx_trend+vol_regime+bb_reversion),0.8706805881985444,0.92663172939495,False,True
short,3,any,any(adx_trend+vol_regime+rsi),any(adx_trend+vol_regime+zscore),0.8684732665640378,0.9241313356710232,False,True
short,3,any,any(adx_trend+vol_regime+bb_reversion),any(adx_trend+vol_regime+zscore),0.9836300945177692,0.9899766120948881,False,True
short,3,any,any(adx_trend+breakout+rsi),any(adx_trend+breakout+bb_reversion),0.8425174504417541,0.9183081386471217,False,True
short,3,any,any(adx_trend+breakout+rsi),any(adx_trend+breakout+zscore),0.8401459719405442,0.9155943627450981,False,True
short,3,any,any(adx_trend+breakout+bb_reversion),any(adx_trend+breakout+zscore),0.9834734450480745,0.9906042442896484,False,True
short,3,any,any(adx_trend+bb_breakout+rsi),any(adx_trend+bb_breakout+bb_reversion),0.8556670877508107,0.9064386317907445,False,True
short,3,any,any(adx_trend+bb_breakout+rsi),any(adx_trend+bb_breakout+zscore),0.8539308552567885,0.9038720538720538,False,True
short,3,any,any(adx_trend+bb_breakout+bb_reversion),any(adx_trend+bb_breakout+zscore),0.9845334815583148,0.989068100358423,False,True
short,3,any,any(adx_trend+keltner+rsi),any(adx_trend+keltner+bb_reversion),0.8641528700754381,0.8990228013029316,False,True
short,3,any,any(adx_trend+keltner+rsi),any(adx_trend+keltner+zscore),0.8622285258613341,0.8962195565249,False,True
short,3,any,any(adx_trend+keltner+bb_reversion),any(adx_trend+keltner+zscore),0.9853277110310452,0.9881369117075068,False,True
short,3,any,any(adx_trend+rsi+stochastic),any(adx_trend+stochastic+bb_reversion),0.9240944888196234,0.9511533242876526,False,True
short,3,any,any(adx_trend+rsi+stochastic),any(adx_trend+stochastic+zscore),0.9226209111614889,0.9498725573491928,False,True
short,3,any,any(adx_trend+stochastic+bb_reversion),any(adx_trend+stochastic+zscore),0.9924367475403437,0.9949247462373119,False,True
short,3,any,any(adx_trend+rsi+vwap_reversion),any(adx_trend+bb_reversion+vwap_reversion),0.9550683050446275,0.9721569942972157,False,True
short,3,any,any(adx_trend+rsi+vwap_reversion),any(adx_trend+zscore+vwap_reversion),0.9570299374287098,0.9732773109243698,False,True
short,3,any,any(adx_trend+bb_reversion+vwap_reversion),any(adx_trend+zscore+vwap_reversion),0.9954097886559607,0.9971117906897723,False,True
short,3,any,any(adx_trend+rsi+ou_reversion),any(adx_trend+bb_reversion+ou_reversion),0.882422278818683,0.9115188953488372,False,True
short,3,any,any(adx_trend+rsi+ou_reversion),any(adx_trend+zscore+ou_reversion),0.8806901561514976,0.9087591240875912,False,True
short,3,any,any(adx_trend+bb_reversion+ou_reversion),any(adx_trend+zscore+ou_reversion),0.9853571626075901,0.9880859375,False,True
short,3,any,any(adx_trend+rsi+obv_trend),any(adx_trend+bb_reversion+obv_trend),0.8288785818047008,0.9434296619411123,False,True
short,3,any,any(adx_trend+rsi+obv_trend),any(adx_trend+zscore+obv_trend),0.8260258671899954,0.9409513395297977,False,True
short,3,any,any(adx_trend+bb_reversion+obv_trend),any(adx_trend+zscore+obv_trend),0.9777745720468638,0.9919183326244151,False,True
short,3,any,any(hurst_switch+vol_regime+rsi),any(hurst_switch+vol_regime+bb_reversion),0.8906379301076501,0.9027374533388636,False,True
short,3,any,any(hurst_switch+vol_regime+rsi),any(hurst_switch+vol_regime+zscore),0.8880283710718051,0.8993540320900187,False,True
short,3,any,any(hurst_switch+vol_regime+bb_reversion),any(hurst_switch+vol_regime+zscore),0.9860696025765107,0.9866991797827532,False,True
short,3,any,any(hurst_switch+breakout+rsi),any(hurst_switch+breakout+bb_reversion),0.8528185086440878,0.9136217948717948,False,True
short,3,any,any(hurst_switch+breakout+rsi),any(hurst_switch+breakout+zscore),0.8502886643186223,0.9107573564881813,False,True
short,3,any,any(hurst_switch+breakout+bb_reversion),any(hurst_switch+breakout+zscore),0.9845515604757007,0.9901108269394714,False,True
short,3,any,any(hurst_switch+bb_breakout+rsi),any(hurst_switch+bb_breakout+bb_reversion),0.8655749934966986,0.8942127019917324,False,True
short,3,any,any(hurst_switch+bb_breakout+rsi),any(hurst_switch+bb_breakout+zscore),0.8635590571370814,0.8912797281993206,False,True
short,3,any,any(hurst_switch+bb_breakout+bb_reversion),any(hurst_switch+bb_breakout+zscore),0.9855668221994426,0.9876468205751316,False,True
short,3,any,any(hurst_switch+keltner+rsi),any(hurst_switch+keltner+bb_reversion),0.8668688474821309,0.8570703224168571,False,True
short,3,any,any(hurst_switch+keltner+rsi),any(hurst_switch+keltner+zscore),0.8642348169313605,0.8528735632183908,False,True
short,3,any,any(hurst_switch+keltner+bb_reversion),any(hurst_switch+keltner+zscore),0.9854108731709349,0.9828410689170183,False,True
short,3,any,any(hurst_switch+rsi+stochastic),any(hurst_switch+stochastic+bb_reversion),0.93247862653491,0.9245333333333333,False,True
short,3,any,any(hurst_switch+rsi+stochastic),any(hurst_switch+stochastic+zscore),0.9308865174703354,0.9224391548542391,False,True
short,3,any,any(hurst_switch+stochastic+bb_reversion),any(hurst_switch+stochastic+zscore),0.9930532696702374,0.9918676388109927,False,True
short,3,any,any(hurst_switch+rsi+vwap_reversion),any(hurst_switch+bb_reversion+vwap_reversion),0.9578015653980364,0.9527243589743589,False,True
short,3,any,any(hurst_switch+rsi+vwap_reversion),any(hurst_switch+zscore+vwap_reversion),0.9594347353002353,0.9544480171489818,False,True
short,3,any,any(hurst_switch+bb_reversion+vwap_reversion),any(hurst_switch+zscore+vwap_reversion),0.9959546311876011,0.9953627932351337,False,True
short,3,any,any(hurst_switch+rsi+ou_reversion),any(hurst_switch+bb_reversion+ou_reversion),0.8793879535633718,0.8536953242835595,False,True
short,3,any,any(hurst_switch+rsi+ou_reversion),any(hurst_switch+zscore+ou_reversion),0.8767034589833927,0.8486782133090246,False,True
short,3,any,any(hurst_switch+bb_reversion+ou_reversion),any(hurst_switch+zscore+ou_reversion),0.9842320034617001,0.9791879904469465,False,True
short,3,any,any(hurst_switch+rsi+obv_trend),any(hurst_switch+bb_reversion+obv_trend),0.8467537745752581,0.9416725228390724,False,True
short,3,any,any(hurst_switch+rsi+obv_trend),any(hurst_switch+zscore+obv_trend),0.8436848579149049,0.9391120507399577,False,True
short,3,any,any(hurst_switch+bb_reversion+obv_trend),any(hurst_switch+zscore+obv_trend),0.9799073052127062,0.9916556873078612,False,True
short,3,any,any(vol_regime+breakout+rsi),any(vol_regime+breakout+bb_reversion),0.8555938316354205,0.9312453392990305,False,True
short,3,any,any(vol_regime+breakout+rsi),any(vol_regime+breakout+zscore),0.8525003592890734,0.9284966342557965,False,True
short,3,any,any(vol_regime+breakout+bb_reversion),any(vol_regime+breakout+zscore),0.9827408051210348,0.9910895732374551,False,True
short,3,any,any(vol_regime+bb_breakout+rsi),any(vol_regime+bb_breakout+bb_reversion),0.8726118756377297,0.9193870752831446,False,True
short,3,any,any(vol_regime+bb_breakout+rsi),any(vol_regime+bb_breakout+zscore),0.8703018151843552,0.9167363317171041,False,True
short,3,any,any(vol_regime+bb_breakout+bb_reversion),any(vol_regime+bb_breakout+zscore),0.9845258025024577,0.9894496219447864,False,True
short,3,any,any(vol_regime+keltner+rsi),any(vol_regime+keltner+bb_reversion),0.8858754288068228,0.9044233807266983,False,True
short,3,any,any(vol_regime+keltner+rsi),any(vol_regime+keltner+zscore),0.883326882946007,0.9012100773656021,False,True
short,3,any,any(vol_regime+keltner+bb_reversion),any(vol_regime+keltner+zscore),0.9859572142418492,0.9873604381714767,False,True
short,3,any,any(vol_regime+rsi+stochastic),any(vol_regime+stochastic+bb_reversion),0.9393193871885804,0.9476578411405295,False,True
short,3,any,any(vol_regime+rsi+stochastic),any(vol_regime+stochastic+zscore),0.937585117894474,0.9459183673469388,False,True
short,3,any,any(vol_regime+stochastic+bb_reversion),any(vol_regime+stochastic+zscore),0.9934153773090657,0.9941077441077442,False,True
short,3,any,any(vol_regime+rsi+vwap_reversion),any(vol_regime+bb_reversion+vwap_reversion),0.9620367887618363,0.9674994921795653,False,True
short,3,any,any(vol_regime+rsi+vwap_reversion),any(vol_regime+zscore+vwap_reversion),0.9637080335119182,0.9688454489920586,False,True
short,3,any,any(vol_regime+bb_reversion+vwap_reversion),any(vol_regime+zscore+vwap_reversion),0.9959734561570273,0.9964962901896125,False,True
short,3,any,any(vol_regime+rsi+ou_reversion),any(vol_regime+bb_reversion+ou_reversion),0.9036586445512343,0.9083735203857957,False,True
short,3,any,any(vol_regime+rsi+ou_reversion),any(vol_regime+zscore+ou_reversion),0.9011704404888492,0.9048248512888302,False,True
short,3,any,any(vol_regime+bb_reversion+ou_reversion),any(vol_regime+zscore+ou_reversion),0.9860944495173284,0.9858657243816255,False,True
short,3,any,any(vol_regime+rsi+obv_trend),any(vol_regime+bb_reversion+obv_trend),0.8471174428745206,0.95168951010992,False,True
short,3,any,any(vol_regime+rsi+obv_trend),any(vol_regime+zscore+obv_trend),0.8430223029802371,0.9491156462585034,False,True
short,3,any,any(vol_regime+bb_reversion+obv_trend),any(vol_regime+zscore+obv_trend),0.9771107219784243,0.9921601567968641,False,True
short,3,any,any(breakout+bb_breakout+rsi),any(breakout+bb_breakout+bb_reversion),0.8464613028147518,0.9103260869565217,False,True
short,3,any,any(breakout+bb_breakout+rsi),any(breakout+bb_breakout+zscore),0.8439371867452501,0.907457898957498,False,True
short,3,any,any(breakout+bb_breakout+bb_reversion),any(breakout+bb_breakout+zscore),0.9845246491833112,0.9901259788900239,False,True
short,3,any,any(breakout+keltner+rsi),any(breakout+keltner+bb_reversion),0.8504411767914223,0.9084530026109661,False,True
short,3,any,any(breakout+keltner+rsi),any(breakout+keltner+zscore),0.847869838573988,0.9055182577370231,False,True
short,3,any,any(breakout+keltner+bb_reversion),any(breakout+keltner+zscore),0.9848847973961585,0.9899060215802298,False,True
short,3,any,any(breakout+rsi+stochastic),any(breakout+stochastic+bb_reversion),0.9163121390144823,0.9581865523051003,False,True
short,3,any,any(breakout+rsi+stochastic),any(breakout+stochastic+zscore),0.9137902276487159,0.9566017481981292,False,True
short,3,any,any(breakout+stochastic+bb_reversion),any(breakout+stochastic+zscore),0.9921582782406151,0.9959068010075567,False,True
short,3,any,any(breakout+rsi+vwap_reversion),any(breakout+bb_reversion+vwap_reversion),0.9502097468654541,0.9754262018123177,False,True
short,3,any,any(breakout+rsi+vwap_reversion),any(breakout+zscore+vwap_reversion),0.9515459316825051,0.9760073823438942,False,True
short,3,any,any(breakout+bb_reversion+vwap_reversion),any(breakout+zscore+vwap_reversion),0.9956487854209464,0.9978260869565218,False,True
short,3,any,any(breakout+rsi+ou_reversion),any(breakout+bb_reversion+ou_reversion),0.8718053271609362,0.9199144877487255,False,True
short,3,any,any(breakout+rsi+ou_reversion),any(breakout+zscore+ou_reversion),0.8694008146068594,0.916996699669967,False,True
short,3,any,any(breakout+bb_reversion+ou_reversion),any(breakout+zscore+ou_reversion),0.9850054312032578,0.989822775925601,False,True
short,3,any,any(breakout+rsi+obv_trend),any(breakout+bb_reversion+obv_trend),0.8205068372474841,0.9455179817498658,False,True
short,3,any,any(breakout+rsi+obv_trend),any(breakout+zscore+obv_trend),0.8167399652305735,0.9428302394404089,False,True
short,3,any,any(breakout+bb_reversion+obv_trend),any(breakout+zscore+obv_trend),0.9771237937977795,0.9923334262614999,False,True
short,3,any,any(bb_breakout+keltner+rsi),any(bb_breakout+keltner+bb_reversion),0.8620651211019253,0.8863857059623228,False,True
short,3,any,any(bb_breakout+keltner+rsi),any(bb_breakout+keltner+zscore),0.8599631145606675,0.8833170731707317,False,True
short,3,any,any(bb_breakout+keltner+bb_reversion),any(bb_breakout+keltner+zscore),0.9857176935519146,0.9871794871794872,False,True
short,3,any,any(bb_breakout+rsi+stochastic),any(bb_breakout+stochastic+bb_reversion),0.9252193055903836,0.9470776906628653,False,True
short,3,any,any(bb_breakout+rsi+stochastic),any(bb_breakout+stochastic+zscore),0.923762843001355,0.9457239778610962,False,True
short,3,any,any(bb_breakout+stochastic+bb_reversion),any(bb_breakout+stochastic+zscore),0.9927589445355034,0.9946553630667158,False,True
short,3,any,any(bb_breakout+rsi+vwap_reversion),any(bb_breakout+bb_reversion+vwap_reversion),0.953453058132202,0.9673971138428648,False,True
short,3,any,any(bb_breakout+rsi+vwap_reversion),any(bb_breakout+zscore+vwap_reversion),0.9552721747899056,0.9685770398143189,False,True
short,3,any,any(bb_breakout+bb_reversion+vwap_reversion),any(bb_breakout+zscore+vwap_reversion),0.9956809363369363,0.9969280809541019,False,True
short,3,any,any(bb_breakout+rsi+ou_reversion),any(bb_breakout+bb_reversion+ou_reversion),0.8834372794821745,0.9026911076443058,False,True
short,3,any,any(bb_breakout+rsi+ou_reversion),any(bb_breakout+zscore+ou_reversion),0.8815853106962073,0.8996865203761756,False,True
short,3,any,any(bb_breakout+bb_reversion+ou_reversion),any(bb_breakout+zscore+ou_reversion),0.9857318037926803,0.9871226514671733,False,True
short,3,any,any(bb_breakout+rsi+obv_trend),any(bb_breakout+bb_reversion+obv_trend),0.8389436211438402,0.9402234636871508,False,True
short,3,any,any(bb_breakout+rsi+obv_trend),any(bb_breakout+zscore+obv_trend),0.8359179518492933,0.9376750700280112,False,True
short,3,any,any(bb_breakout+bb_reversion+obv_trend),any(bb_breakout+zscore+obv_trend),0.9795487450800069,0.9917066783064165,False,True
short,3,any,any(keltner+rsi+stochastic),any(keltner+stochastic+bb_reversion),0.930536138172881,0.9283474065138722,False,True
short,3,any,any(keltner+rsi+stochastic),any(keltner+stochastic+zscore),0.9289995295566847,0.926463473633285,False,True
short,3,any,any(keltner+stochastic+bb_reversion),any(keltner+stochastic+zscore),0.9932136591647557,0.9926749179085628,False,True
short,3,any,any(keltner+rsi+vwap_reversion),any(keltner+bb_reversion+vwap_reversion),0.9571946608691992,0.9558610709117221,False,True
short,3,any,any(keltner+rsi+vwap_reversion),any(keltner+zscore+vwap_reversion),0.9588086233593285,0.957426221577165,False,True
short,3,any,any(keltner+bb_reversion+vwap_reversion),any(keltner+zscore+vwap_reversion),0.9960302859285447,0.9958200147528891,False,True
short,3,any,any(keltner+rsi+ou_reversion),any(keltner+bb_reversion+ou_reversion),0.8807430866478677,0.8636984430483474,False,True
short,3,any,any(keltner+rsi+ou_reversion),any(keltner+zscore+ou_reversion),0.8782711075790529,0.8592246356887545,False,True
short,3,any,any(keltner+bb_reversion+ou_reversion),any(keltner+zscore+ou_reversion),0.9849789412721777,0.9813455657492355,False,True
short,3,any,any(keltner+rsi+obv_trend),any(keltner+bb_reversion+obv_trend),0.8485336974832066,0.9390400227887765,False,True
short,3,any,any(keltner+rsi+obv_trend),any(keltner+zscore+obv_trend),0.8454135034218402,0.9364376517640337,False,True
short,3,any,any(keltner+bb_reversion+obv_trend),any(keltner+zscore+obv_trend),0.9806686194278192,0.9915354915354916,False,True
short,3,any,any(rsi+stochastic+vwap_reversion),any(stochastic+bb_reversion+vwap_reversion),0.9680518090696207,0.9640365002683843,False,True
short,3,any,any(rsi+stochastic+vwap_reversion),any(stochastic+zscore+vwap_reversion),0.9689963119933087,0.9650443667652595,False,True
short,3,any,any(stochastic+bb_reversion+vwap_reversion),any(stochastic+zscore+vwap_reversion),0.9976179710727809,0.9972677595628415,False,True
short,3,any,any(rsi+stochastic+ou_reversion),any(stochastic+bb_reversion+ou_reversion),0.9399907704703228,0.9280258519388954,False,True
short,3,any,any(rsi+stochastic+ou_reversion),any(stochastic+zscore+ou_reversion),0.9384012686294823,0.9257294429708223,False,True
short,3,any,any(stochastic+bb_reversion+ou_reversion),any(stochastic+zscore+ou_reversion),0.9927987764544496,0.9909881914232442,False,True
short,3,any,any(rsi+stochastic+obv_trend),any(stochastic+bb_reversion+obv_trend),0.9058556889999977,0.9701574264202601,False,True
short,3,any,any(rsi+stochastic+obv_trend),any(stochastic+zscore+obv_trend),0.9030218343026339,0.9688870614035088,False,True
short,3,any,any(stochastic+bb_reversion+obv_trend),any(stochastic+zscore+obv_trend),0.9886346452684732,0.9962348347510808,False,True
short,3,any,any(rsi+vwap_reversion+ou_reversion),any(bb_reversion+vwap_reversion+ou_reversion),0.968387226807428,0.9621145374449339,False,True
short,3,any,any(rsi+vwap_reversion+ou_reversion),any(zscore+vwap_reversion+ou_reversion),0.9701142113714915,0.964043619216033,False,True
short,3,any,any(bb_reversion+vwap_reversion+ou_reversion),any(zscore+vwap_reversion+ou_reversion),0.9958288849870092,0.9948887552615755,False,True
short,3,any,any(rsi+vwap_reversion+obv_trend),any(bb_reversion+vwap_reversion+obv_trend),0.944951401412075,0.9835127401553345,False,True
short,3,any,any(rsi+vwap_reversion+obv_trend),any(zscore+vwap_reversion+obv_trend),0.9465056261299609,0.9839039694448234,False,True
short,3,any,any(bb_reversion+vwap_reversion+obv_trend),any(zscore+vwap_reversion+obv_trend),0.9940880214462321,0.9982162458836443,False,True
short,3,any,any(rsi+ou_reversion+obv_trend),any(bb_reversion+ou_reversion+obv_trend),0.8698011933947037,0.946977275975418,False,True
short,3,any,any(rsi+ou_reversion+obv_trend),any(zscore+ou_reversion+obv_trend),0.8668016512483989,0.9443887057474559,False,True
short,3,any,any(bb_reversion+ou_reversion+obv_trend),any(zscore+ou_reversion+obv_trend),0.9808438031166579,0.99150521609538,False,True
short,3,vote,vote(ma_crossover+macd+ts_momentum),vote(ma_crossover+macd+dual_momentum),0.9472730722221301,0.9789006107717935,False,True
short,3,vote,vote(ma_crossover+macd+rsi),vote(ma_crossover+macd+bb_reversion),0.9054090721599337,0.9809701492537314,False,True
short,3,vote,vote(ma_crossover+macd+rsi),vote(ma_crossover+macd+zscore),0.9042368171536542,0.9801967866483996,False,True
short,3,vote,vote(ma_crossover+macd+bb_reversion),vote(ma_crossover+macd+zscore),0.9901660426631468,0.9964753272910373,False,True
short,3,vote,vote(ma_crossover+ma_ribbon+ts_momentum),vote(ma_crossover+ma_ribbon+dual_momentum),0.9663617972696279,0.9949352003575153,False,True
short,3,vote,vote(ma_crossover+ma_ribbon+rsi),vote(ma_crossover+ma_ribbon+bb_reversion),0.9118713781520515,0.9801143129316504,False,True
short,3,vote,vote(ma_crossover+ma_ribbon+rsi),vote(ma_crossover+ma_ribbon+zscore),0.9106437978521326,0.9790251459897509,False,True
short,3,vote,vote(ma_crossover+ma_ribbon+bb_reversion),vote(ma_crossover+ma_ribbon+zscore),0.9907312801948236,0.9972272453285111,False,True
short,3,vote,vote(ma_crossover+ichimoku+ts_momentum),vote(ma_crossover+ichimoku+dual_momentum),0.9718102708053501,0.9319662706017632,False,True
short,3,vote,vote(ma_crossover+ichimoku+rsi),vote(ma_crossover+ichimoku+bb_reversion),0.948000102172883,0.9456698741672835,False,True
short,3,vote,vote(ma_crossover+ichimoku+rsi),vote(ma_crossover+ichimoku+zscore),0.9472933741313528,0.9434634218726814,False,True
short,3,vote,vote(ma_crossover+ichimoku+bb_reversion),vote(ma_crossover+ichimoku+zscore),0.9945928998514733,0.9929447852760737,False,True
short,3,vote,vote(ma_crossover+ts_momentum+sma_regime),vote(ma_crossover+dual_momentum+sma_regime),0.9684466069782343,0.9471288515406162,False,True
short,3,vote,vote(ma_crossover+ts_momentum+adx_trend),vote(ma_crossover+dual_momentum+adx_trend),0.9656903723496496,0.9464318473674556,False,True
short,3,vote,vote(ma_crossover+ts_momentum+hurst_switch),vote(ma_crossover+dual_momentum+hurst_switch),0.9489025480662698,0.9237368922783603,False,True
short,3,vote,vote(ma_crossover+ts_momentum+vol_regime),vote(ma_crossover+dual_momentum+vol_regime),0.959889678821611,0.9364820846905537,False,True
short,3,vote,vote(ma_crossover+ts_momentum+breakout),vote(ma_crossover+dual_momentum+breakout),0.9677443878906348,0.9523289665211062,False,True
short,3,vote,vote(ma_crossover+ts_momentum+bb_breakout),vote(ma_crossover+dual_momentum+bb_breakout),0.9666424829942459,0.9350424055512722,False,True
short,3,vote,vote(ma_crossover+ts_momentum+keltner),vote(ma_crossover+dual_momentum+keltner),0.9550347916018448,0.9227166276346604,False,True
short,3,vote,vote(ma_crossover+ts_momentum+rsi),vote(ma_crossover+ts_momentum+bb_reversion),0.9381654164130651,0.9518614482476476,False,True
short,3,vote,vote(ma_crossover+ts_momentum+rsi),vote(ma_crossover+ts_momentum+zscore),0.9373842303294628,0.9498633879781421,False,True
short,3,vote,vote(ma_crossover+ts_momentum+rsi),vote(ma_crossover+dual_momentum+rsi),0.916259522990724,0.9536216068749147,False,True
short,3,vote,vote(ma_crossover+ts_momentum+rsi),vote(ma_crossover+dual_momentum+bb_reversion),0.859490701852746,0.908993288590604,False,True
short,3,vote,vote(ma_crossover+ts_momentum+rsi),vote(ma_crossover+dual_momentum+zscore),0.8591193643233277,0.9068172650262203,False,True
short,3,vote,vote(ma_crossover+ts_momentum+bb_reversion),vote(ma_crossover+ts_momentum+zscore),0.9935976248490332,0.9943693693693694,False,True
short,3,vote,vote(ma_crossover+ts_momentum+bb_reversion),vote(ma_crossover+dual_momentum+rsi),0.853303242037627,0.9083221476510067,False,True
short,3,vote,vote(ma_crossover+ts_momentum+bb_reversion),vote(ma_crossover+dual_momentum+bb_reversion),0.9163332291991411,0.9522887567418061,False,True
short,3,vote,vote(ma_crossover+ts_momentum+bb_reversion),vote(ma_crossover+dual_momentum+zscore),0.9105309451133956,0.9466187249343107,False,True
short,3,vote,vote(ma_crossover+ts_momentum+zscore),vote(ma_crossover+dual_momentum+rsi),0.8527545408048244,0.9062794137421003,False,True
short,3,vote,vote(ma_crossover+ts_momentum+zscore),vote(ma_crossover+dual_momentum+bb_reversion),0.9103275768858032,0.9467570183930301,False,True
short,3,vote,vote(ma_crossover+ts_momentum+zscore),vote(ma_crossover+dual_momentum+zscore),0.9169510401960309,0.9513415820937022,False,True
short,3,vote,vote(ma_crossover+dual_momentum+rsi),vote(ma_crossover+dual_momentum+bb_reversion),0.9419701252572408,0.9519137764266962,False,True
short,3,vote,vote(ma_crossover+dual_momentum+rsi),vote(ma_crossover+dual_momentum+zscore),0.9412113981618673,0.9500207669943237,False,True
short,3,vote,vote(ma_crossover+dual_momentum+bb_reversion),vote(ma_crossover+dual_momentum+zscore),0.993969890830421,0.9941537145301583,False,True
short,3,vote,vote(ma_crossover+ts_momentum+stochastic),vote(ma_crossover+dual_momentum+stochastic),0.9217698121463933,0.9500562746201463,False,True
short,3,vote,vote(ma_crossover+ts_momentum+vwap_reversion),vote(ma_crossover+dual_momentum+vwap_reversion),0.9230820282432817,0.9563205878350796,False,True
short,3,vote,vote(ma_crossover+ts_momentum+ou_reversion),vote(ma_crossover+dual_momentum+ou_reversion),0.932873504848364,0.939297124600639,False,True
short,3,vote,vote(ma_crossover+ts_momentum+obv_trend),vote(ma_crossover+dual_momentum+obv_trend),0.9684539806803174,0.9689870217427945,False,True
short,3,vote,vote(ma_crossover+sma_regime+rsi),vote(ma_crossover+sma_regime+bb_reversion),0.9430569700455071,0.9560672411357536,False,True
short,3,vote,vote(ma_crossover+sma_regime+rsi),vote(ma_crossover+sma_regime+zscore),0.9423687478605397,0.9535805264647609,False,True
short,3,vote,vote(ma_crossover+sma_regime+bb_reversion),vote(ma_crossover+sma_regime+zscore),0.9940806616328709,0.993749091437709,False,True
short,3,vote,vote(ma_crossover+adx_trend+rsi),vote(ma_crossover+adx_trend+bb_reversion),0.9237036326517888,0.950228121111572,False,True
short,3,vote,vote(ma_crossover+adx_trend+rsi),vote(ma_crossover+adx_trend+zscore),0.9229011859081622,0.9481779132603575,False,True
short,3,vote,vote(ma_crossover+adx_trend+bb_reversion),vote(ma_crossover+adx_trend+zscore),0.9921764924662066,0.99342293394338,False,True
short,3,vote,vote(ma_crossover+hurst_switch+rsi),vote(ma_crossover+hurst_switch+bb_reversion),0.9028748303656147,0.9430610385666566,False,True
short,3,vote,vote(ma_crossover+hurst_switch+rsi),vote(ma_crossover+hurst_switch+zscore),0.9014172404642423,0.9407914764079147,False,True
short,3,vote,vote(ma_crossover+hurst_switch+bb_reversion),vote(ma_crossover+hurst_switch+zscore),0.9898485470113368,0.9927479110830837,False,True
short,3,vote,vote(ma_crossover+vol_regime+rsi),vote(ma_crossover+vol_regime+bb_reversion),0.9293893619316976,0.9522561863173217,False,True
short,3,vote,vote(ma_crossover+vol_regime+rsi),vote(ma_crossover+vol_regime+zscore),0.9284394620219567,0.9501021301429822,False,True
short,3,vote,vote(ma_crossover+vol_regime+bb_reversion),vote(ma_crossover+vol_regime+zscore),0.9926044107227379,0.9930972388955582,False,True
short,3,vote,vote(ma_crossover+breakout+rsi),vote(ma_crossover+breakout+bb_reversion),0.9243883606808359,0.9506139522331669,False,True
short,3,vote,vote(ma_crossover+breakout+rsi),vote(ma_crossover+breakout+zscore),0.9236139912038323,0.9482292511489592,False,True
short,3,vote,vote(ma_crossover+breakout+bb_reversion),vote(ma_crossover+breakout+zscore),0.9922569410931316,0.9940069686411149,False,True
short,3,vote,vote(ma_crossover+bb_breakout+rsi),vote(ma_crossover+bb_breakout+bb_reversion),0.9289960210696104,0.9447185142193848,False,True
short,3,vote,vote(ma_crossover+bb_breakout+rsi),vote(ma_crossover+bb_breakout+zscore),0.9281295082716478,0.9425538103548575,False,True
short,3,vote,vote(ma_crossover+bb_breakout+bb_reversion),vote(ma_crossover+bb_breakout+zscore),0.9926637705190997,0.9930795847750865,False,True
short,3,vote,vote(ma_crossover+keltner+rsi),vote(ma_crossover+keltner+bb_reversion),0.9059932789711314,0.9422289613343442,False,True
short,3,vote,vote(ma_crossover+keltner+rsi),vote(ma_crossover+keltner+zscore),0.9046124729112625,0.9399604803161574,False,True
short,3,vote,vote(ma_crossover+keltner+bb_reversion),vote(ma_crossover+keltner+zscore),0.9901666943072519,0.992755905511811,False,True
short,3,vote,vote(ma_crossover+rsi+stochastic),vote(ma_crossover+stochastic+bb_reversion),0.9366157760360146,0.9774259747874524,False,True
short,3,vote,vote(ma_crossover+rsi+stochastic),vote(ma_crossover+stochastic+zscore),0.9354236214400198,0.9766725352112676,False,True
short,3,vote,vote(ma_crossover+stochastic+bb_reversion),vote(ma_crossover+stochastic+zscore),0.993204603173677,0.9974758723088345,False,True
short,3,vote,vote(ma_crossover+rsi+vwap_reversion),vote(ma_crossover+bb_reversion+vwap_reversion),0.9474950354143741,0.980269989615784,False,True
short,3,vote,vote(ma_crossover+rsi+vwap_reversion),vote(ma_crossover+zscore+vwap_reversion),0.9465293143948592,0.9802553444180523,False,True
short,3,vote,vote(ma_crossover+bb_reversion+vwap_reversion),vote(ma_crossover+zscore+vwap_reversion),0.9942582218523129,0.9985043374214777,False,True
short,3,vote,vote(ma_crossover+rsi+ou_reversion),vote(ma_crossover+bb_reversion+ou_reversion),0.9334539481529309,0.9501376567757724,False,True
short,3,vote,vote(ma_crossover+rsi+ou_reversion),vote(ma_crossover+zscore+ou_reversion),0.9325599304996826,0.94786875191659,False,True
short,3,vote,vote(ma_crossover+bb_reversion+ou_reversion),vote(ma_crossover+zscore+ou_reversion),0.9931937671781366,0.9926902907993008,False,True
short,3,vote,vote(ma_crossover+rsi+obv_trend),vote(ma_crossover+bb_reversion+obv_trend),0.922937614251308,0.962080450935178,False,True
short,3,vote,vote(ma_crossover+rsi+obv_trend),vote(ma_crossover+zscore+obv_trend),0.9223045154660028,0.9600821460659735,False,True
short,3,vote,vote(ma_crossover+bb_reversion+obv_trend),vote(ma_crossover+zscore+obv_trend),0.9920887854948179,0.9940875049270792,False,True
short,3,vote,vote(macd+ma_ribbon+ts_momentum),vote(macd+ma_ribbon+dual_momentum),0.9433776140977547,0.9981808731808732,False,True
short,3,vote,vote(macd+ma_ribbon+rsi),vote(macd+ma_ribbon+bb_reversion),0.9009835201806091,0.9908418457203241,False,True
short,3,vote,vote(macd+ma_ribbon+rsi),vote(macd+ma_ribbon+zscore),0.899587248477964,0.9906003994830219,False,True
short,3,vote,vote(macd+ma_ribbon+bb_reversion),vote(macd+ma_ribbon+zscore),0.9896447031276421,0.9983471074380166,False,True
short,3,vote,vote(macd+ichimoku+ts_momentum),vote(macd+ichimoku+dual_momentum),0.9501181095767032,0.9608770421324162,False,True
short,3,vote,vote(macd+ichimoku+rsi),vote(macd+ichimoku+bb_reversion),0.923548132171157,0.9694717281656491,False,True
short,3,vote,vote(macd+ichimoku+rsi),vote(macd+ichimoku+zscore),0.9225961179406341,0.9678319819221055,False,True
short,3,vote,vote(macd+ichimoku+bb_reversion),vote(macd+ichimoku+zscore),0.9920974962630567,0.9953910803849804,False,True
short,3,vote,vote(macd+ts_momentum+sma_regime),vote(macd+dual_momentum+sma_regime),0.9470296305429139,0.9643055555555555,False,True
short,3,vote,vote(macd+ts_momentum+adx_trend),vote(macd+dual_momentum+adx_trend),0.9518431675012289,0.9436950146627566,False,True
short,3,vote,vote(macd+ts_momentum+hurst_switch),vote(macd+dual_momentum+hurst_switch),0.9094710451171402,0.9465317919075145,False,True
short,3,vote,vote(macd+ts_momentum+vol_regime),vote(macd+dual_momentum+vol_regime),0.9343635180508224,0.9548478414720453,False,True
short,3,vote,vote(macd+ts_momentum+breakout),vote(macd+dual_momentum+breakout),0.9528970857851768,0.9510469314079423,False,True
short,3,vote,vote(macd+ts_momentum+bb_breakout),vote(macd+dual_momentum+bb_breakout),0.9484478699322375,0.9424037613870114,False,True
short,3,vote,vote(macd+ts_momentum+keltner),vote(macd+dual_momentum+keltner),0.9246210964488826,0.9408736578908663,False,True
short,3,vote,vote(macd+ts_momentum+rsi),vote(macd+ts_momentum+bb_reversion),0.9163227899352662,0.9669494744839813,False,True
short,3,vote,vote(macd+ts_momentum+rsi),vote(macd+ts_momentum+zscore),0.9153516934028606,0.965508496068983,False,True
short,3,vote,vote(macd+ts_momentum+rsi),vote(macd+dual_momentum+rsi),0.8758143110847522,0.9690580162195883,False,True
short,3,vote,vote(macd+ts_momentum+rsi),vote(macd+dual_momentum+bb_reversion),0.7921355905455069,0.9446987504639367,False,True
short,3,vote,vote(macd+ts_momentum+rsi),vote(macd+dual_momentum+zscore),0.7914607100463474,0.9435084241823588,False,True
short,3,vote,vote(macd+ts_momentum+bb_reversion),vote(macd+ts_momentum+zscore),0.9913975179413962,0.9957287082578307,False,True
short,3,vote,vote(macd+ts_momentum+bb_reversion),vote(macd+dual_momentum+rsi),0.7841012828763932,0.9424718545094644,False,True
short,3,vote,vote(macd+ts_momentum+bb_reversion),vote(macd+dual_momentum+bb_reversion),0.8779673199388005,0.9650665996481528,False,True
short,3,vote,vote(macd+ts_momentum+bb_reversion),vote(macd+dual_momentum+zscore),0.869149803802753,0.9611711485297814,False,True
short,3,vote,vote(macd+ts_momentum+zscore),vote(macd+dual_momentum+rsi),0.7839102321392963,0.9410307234886026,False,True
short,3,vote,vote(macd+ts_momentum+zscore),vote(macd+dual_momentum+bb_reversion),0.869656043076782,0.9609198291027896,False,True
short,3,vote,vote(macd+ts_momentum+zscore),vote(macd+dual_momentum+zscore),0.8791160775396697,0.9644298688193743,False,True
short,3,vote,vote(macd+dual_momentum+rsi),vote(macd+dual_momentum+bb_reversion),0.9058049493319297,0.9750124316260567,False,True
short,3,vote,vote(macd+dual_momentum+rsi),vote(macd+dual_momentum+zscore),0.9047491342790297,0.9741035856573705,False,True
short,3,vote,vote(macd+dual_momentum+bb_reversion),vote(macd+dual_momentum+zscore),0.9902884895862504,0.9960819009100101,False,True
short,3,vote,vote(macd+ts_momentum+stochastic),vote(macd+dual_momentum+stochastic),0.8965899839757346,0.9553548387096774,False,True
short,3,vote,vote(macd+ts_momentum+vwap_reversion),vote(macd+dual_momentum+vwap_reversion),0.8665225587554652,0.9772226304188097,False,True
short,3,vote,vote(macd+ts_momentum+ou_reversion),vote(macd+dual_momentum+ou_reversion),0.8918443724330168,0.9555883536830806,False,True
short,3,vote,vote(macd+ts_momentum+obv_trend),vote(macd+dual_momentum+obv_trend),0.9550794758423582,0.9591952394446018,False,True
short,3,vote,vote(macd+sma_regime+rsi),vote(macd+sma_regime+bb_reversion),0.9338102031798212,0.9677762982689747,False,True
short,3,vote,vote(macd+sma_regime+rsi),vote(macd+sma_regime+zscore),0.9330469442557459,0.9666444296197465,False,True
short,3,vote,vote(macd+sma_regime+bb_reversion),vote(macd+sma_regime+zscore),0.9931498070212921,0.9948341489940185,False,True
short,3,vote,vote(macd+adx_trend+rsi),vote(macd+adx_trend+bb_reversion),0.9400627285771915,0.9501753360607832,False,True
short,3,vote,vote(macd+adx_trend+rsi),vote(macd+adx_trend+zscore),0.9393327821363818,0.9494505494505494,False,True
short,3,vote,vote(macd+adx_trend+bb_reversion),vote(macd+adx_trend+zscore),0.9938478700678267,0.9936469520496143,False,True
short,3,vote,vote(macd+hurst_switch+rsi),vote(macd+hurst_switch+bb_reversion),0.9290713120815858,0.9464839288627835,False,True
short,3,vote,vote(macd+hurst_switch+rsi),vote(macd+hurst_switch+zscore),0.9279367489761854,0.9456628477905074,False,True
short,3,vote,vote(macd+hurst_switch+bb_reversion),vote(macd+hurst_switch+zscore),0.9926225840380875,0.9928813559322034,False,True
short,3,vote,vote(macd+vol_regime+rsi),vote(macd+vol_regime+bb_reversion),0.9379567448180579,0.9584821428571428,False,True
short,3,vote,vote(macd+vol_regime+rsi),vote(macd+vol_regime+zscore),0.9370794257816659,0.957624589674724,False,True
short,3,vote,vote(macd+vol_regime+bb_reversion),vote(macd+vol_regime+zscore),0.9935307673276929,0.9937280097904237,False,True
short,3,vote,vote(macd+breakout+rsi),vote(macd+breakout+bb_reversion),0.9327686721668816,0.954269135120199,False,True
short,3,vote,vote(macd+breakout+rsi),vote(macd+breakout+zscore),0.9320071712393073,0.9534626038781163,False,True
short,3,vote,vote(macd+breakout+bb_reversion),vote(macd+breakout+zscore),0.9931212649672992,0.9941470378301214,False,True
short,3,vote,vote(macd+bb_breakout+rsi),vote(macd+bb_breakout+bb_reversion),0.9318068705551599,0.9501304726007539,False,True
short,3,vote,vote(macd+bb_breakout+rsi),vote(macd+bb_breakout+zscore),0.9309367340699601,0.9494112516354122,False,True
short,3,vote,vote(macd+bb_breakout+bb_reversion),vote(macd+bb_breakout+zscore),0.9929763054247752,0.9936974789915967,False,True
short,3,vote,vote(macd+keltner+rsi),vote(macd+keltner+bb_reversion),0.9269080480050608,0.9452577975811585,False,True
short,3,vote,vote(macd+keltner+rsi),vote(macd+keltner+zscore),0.9257640923386421,0.9444533120510774,False,True
short,3,vote,vote(macd+keltner+bb_reversion),vote(macd+keltner+zscore),0.9923936313707702,0.9930578512396694,False,True
short,3,vote,vote(macd+rsi+stochastic),vote(macd+stochastic+bb_reversion),0.9630982331725013,0.9666503187837175,False,True
short,3,vote,vote(macd+rsi+stochastic),vote(macd+stochastic+zscore),0.9624240759023738,0.9661211129296235,False,True
short,3,vote,vote(macd+stochastic+bb_reversion),vote(macd+stochastic+zscore),0.9961012830240692,0.9971624102820899,False,True
short,3,vote,vote(macd+rsi+vwap_reversion),vote(macd+bb_reversion+vwap_reversion),0.9634826887240588,0.9879575344636349,False,True
short,3,vote,vote(macd+rsi+vwap_reversion),vote(macd+zscore+vwap_reversion),0.9628192374558971,0.9888924151063154,False,True
short,3,vote,vote(macd+bb_reversion+vwap_reversion),vote(macd+zscore+vwap_reversion),0.9960801323468407,0.9980906921241051,False,True
short,3,vote,vote(macd+rsi+ou_reversion),vote(macd+bb_reversion+ou_reversion),0.956489969187663,0.9491554054054054,False,True
short,3,vote,vote(macd+rsi+ou_reversion),vote(macd+zscore+ou_reversion),0.9558387079670946,0.9483138451109981,False,True
short,3,vote,vote(macd+bb_reversion+ou_reversion),vote(macd+zscore+ou_reversion),0.9955262975649695,0.9926134365107281,False,True
short,3,vote,vote(macd+rsi+obv_trend),vote(macd+bb_reversion+obv_trend),0.9329398244179344,0.9654001827914871,False,True
short,3,vote,vote(macd+rsi+obv_trend),vote(macd+zscore+obv_trend),0.9323012239213636,0.9644118801517728,False,True
short,3,vote,vote(macd+bb_reversion+obv_trend),vote(macd+zscore+obv_trend),0.993123553236146,0.994786793209464,False,True
short,3,vote,vote(ma_ribbon+ichimoku+ts_momentum),vote(ma_ribbon+ichimoku+dual_momentum),0.9643589208031523,0.9955083096271897,False,True
short,3,vote,vote(ma_ribbon+ichimoku+rsi),vote(ma_ribbon+ichimoku+bb_reversion),0.9027538135750308,0.979757085020243,False,True
short,3,vote,vote(ma_ribbon+ichimoku+rsi),vote(ma_ribbon+ichimoku+zscore),0.9015133155752654,0.9786676200691217,False,True
short,3,vote,vote(ma_ribbon+ichimoku+bb_reversion),vote(ma_ribbon+ichimoku+zscore),0.9898553119390853,0.9972265766308935,False,True
short,3,vote,vote(ma_ribbon+ts_momentum+sma_regime),vote(ma_ribbon+dual_momentum+sma_regime),0.9609397295122022,0.9953989935298346,False,True
short,3,vote,vote(ma_ribbon+ts_momentum+adx_trend),vote(ma_ribbon+dual_momentum+adx_trend),0.9599559365011299,0.9958456973293769,False,True
short,3,vote,vote(ma_ribbon+ts_momentum+hurst_switch),vote(ma_ribbon+dual_momentum+hurst_switch),0.9351270902697051,0.9946579611218281,False,True
short,3,vote,vote(ma_ribbon+ts_momentum+vol_regime),vote(ma_ribbon+dual_momentum+vol_regime),0.9505220419069612,0.9947575360419397,False,True
short,3,vote,vote(ma_ribbon+ts_momentum+breakout),vote(ma_ribbon+dual_momentum+breakout),0.9631329917317026,0.995198799699925,False,True
short,3,vote,vote(ma_ribbon+ts_momentum+bb_breakout),vote(ma_ribbon+dual_momentum+bb_breakout),0.959932908152558,0.9950323648953786,False,True
short,3,vote,vote(ma_ribbon+ts_momentum+keltner),vote(ma_ribbon+dual_momentum+keltner),0.9440046064416123,0.9942796929098299,False,True
short,3,vote,vote(ma_ribbon+ts_momentum+rsi),vote(ma_ribbon+ts_momentum+bb_reversion),0.8992163872650304,0.9792783136834584,False,True
short,3,vote,vote(ma_ribbon+ts_momentum+rsi),vote(ma_ribbon+ts_momentum+zscore),0.89799177773647,0.9781883194278903,False,True
short,3,vote,vote(ma_ribbon+ts_momentum+rsi),vote(ma_ribbon+dual_momentum+rsi),0.8631765837983829,0.9968821201582924,False,True
short,3,vote,vote(ma_ribbon+ts_momentum+rsi),vote(ma_ribbon+dual_momentum+bb_reversion),0.7697118015469044,0.976907511010594,False,True
short,3,vote,vote(ma_ribbon+ts_momentum+rsi),vote(ma_ribbon+dual_momentum+zscore),0.7691686903817526,0.975816059089826,False,True
short,3,vote,vote(ma_ribbon+ts_momentum+bb_reversion),vote(ma_ribbon+ts_momentum+zscore),0.9895499287399429,0.9972252382675836,False,True
short,3,vote,vote(ma_ribbon+ts_momentum+bb_reversion),vote(ma_ribbon+dual_momentum+rsi),0.7602716721185048,0.977145577907392,False,True
short,3,vote,vote(ma_ribbon+ts_momentum+bb_reversion),vote(ma_ribbon+dual_momentum+bb_reversion),0.8625254387326351,0.9973474801061007,False,True
short,3,vote,vote(ma_ribbon+ts_momentum+bb_reversion),vote(ma_ribbon+dual_momentum+zscore),0.8530428556842222,0.9945743911261152,False,True
short,3,vote,vote(ma_ribbon+ts_momentum+zscore),vote(ma_ribbon+dual_momentum+rsi),0.7595786075002199,0.9760543245175125,False,True
short,3,vote,vote(ma_ribbon+ts_momentum+zscore),vote(ma_ribbon+dual_momentum+bb_reversion),0.8528457440226266,0.9945743911261152,False,True
short,3,vote,vote(ma_ribbon+ts_momentum+zscore),vote(ma_ribbon+dual_momentum+zscore),0.8637132256144955,0.9973401039777536,False,True
short,3,vote,vote(ma_ribbon+dual_momentum+rsi),vote(ma_ribbon+dual_momentum+bb_reversion),0.9049675249351355,0.9797232824427481,False,True
short,3,vote,vote(ma_ribbon+dual_momentum+rsi),vote(ma_ribbon+dual_momentum+zscore),0.9037676376840504,0.9786319684851379,False,True
short,3,vote,vote(ma_ribbon+dual_momentum+bb_reversion),vote(ma_ribbon+dual_momentum+zscore),0.9900902410910136,0.9972212154162136,False,True
short,3,vote,vote(ma_ribbon+ts_momentum+stochastic),vote(ma_ribbon+dual_momentum+stochastic),0.8830220531476898,0.9969177659967945,False,True
short,3,vote,vote(ma_ribbon+ts_momentum+vwap_reversion),vote(ma_ribbon+dual_momentum+vwap_reversion),0.8784596174314527,0.9965177713736791,False,True
short,3,vote,vote(ma_ribbon+ts_momentum+ou_reversion),vote(ma_ribbon+dual_momentum+ou_reversion),0.9046564288147988,0.996031746031746,False,True
short,3,vote,vote(ma_ribbon+ts_momentum+obv_trend),vote(ma_ribbon+dual_momentum+obv_trend),0.9645399590121742,0.9959189622504008,False,True
short,3,vote,vote(ma_ribbon+sma_regime+rsi),vote(ma_ribbon+sma_regime+bb_reversion),0.9046103798616483,0.9830327479829141,False,True
short,3,vote,vote(ma_ribbon+sma_regime+rsi),vote(ma_ribbon+sma_regime+zscore),0.9035734419881545,0.9819498871867949,False,True
short,3,vote,vote(ma_ribbon+sma_regime+bb_reversion),vote(ma_ribbon+sma_regime+zscore),0.9900436876706649,0.9972435282837967,False,True
short,3,vote,vote(ma_ribbon+adx_trend+rsi),vote(ma_ribbon+adx_trend+bb_reversion),0.8847553277199514,0.9805802249851984,False,True
short,3,vote,vote(ma_ribbon+adx_trend+rsi),vote(ma_ribbon+adx_trend+zscore),0.88360168339885,0.9794975112585921,False,True
short,3,vote,vote(ma_ribbon+adx_trend+bb_reversion),vote(ma_ribbon+adx_trend+zscore),0.9882060291902669,0.9972418755246433,False,True
short,3,vote,vote(ma_ribbon+hurst_switch+rsi),vote(ma_ribbon+hurst_switch+bb_reversion),0.8327410392489131,0.9795967068368929,False,True
short,3,vote,vote(ma_ribbon+hurst_switch+rsi),vote(ma_ribbon+hurst_switch+zscore),0.829951492652594,0.9785048961069979,False,True
short,3,vote,vote(ma_ribbon+hurst_switch+bb_reversion),vote(ma_ribbon+hurst_switch+zscore),0.9823258979960249,0.9972202078801063,False,True
short,3,vote,vote(ma_ribbon+vol_regime+rsi),vote(ma_ribbon+vol_regime+bb_reversion),0.8891060918855143,0.9821471078314687,False,True
short,3,vote,vote(ma_ribbon+vol_regime+rsi),vote(ma_ribbon+vol_regime+zscore),0.8876054457506963,0.9810601548540798,False,True
short,3,vote,vote(ma_ribbon+vol_regime+bb_reversion),vote(ma_ribbon+vol_regime+zscore),0.9882743848726413,0.9972339146121467,False,True
short,3,vote,vote(ma_ribbon+breakout+rsi),vote(ma_ribbon+breakout+bb_reversion),0.8914942003387475,0.9797498511018463,False,True
short,3,vote,vote(ma_ribbon+breakout+rsi),vote(ma_ribbon+breakout+zscore),0.8904117796055064,0.9786599904625656,False,True
short,3,vote,vote(ma_ribbon+breakout+bb_reversion),vote(ma_ribbon+breakout+zscore),0.9889069127456148,0.9972259076106622,False,True
short,3,vote,vote(ma_ribbon+bb_breakout+rsi),vote(ma_ribbon+bb_breakout+bb_reversion),0.8821573133256624,0.9791194368213817,False,True
short,3,vote,vote(ma_ribbon+bb_breakout+rsi),vote(ma_ribbon+bb_breakout+zscore),0.8807789930720982,0.9780272271315978,False,True
short,3,vote,vote(ma_ribbon+bb_breakout+bb_reversion),vote(ma_ribbon+bb_breakout+zscore),0.9878157132174483,0.9972198718723558,False,True
short,3,vote,vote(ma_ribbon+keltner+rsi),vote(ma_ribbon+keltner+bb_reversion),0.8327924992294609,0.9791069723018148,False,True
short,3,vote,vote(ma_ribbon+keltner+rsi),vote(ma_ribbon+keltner+zscore),0.830117108581758,0.9780140996534831,False,True
short,3,vote,vote(ma_ribbon+keltner+bb_reversion),vote(ma_ribbon+keltner+zscore),0.9823011213204055,0.9972181906144171,False,True
short,3,vote,vote(ma_ribbon+rsi+stochastic),vote(ma_ribbon+stochastic+bb_reversion),0.9118449050028247,0.9938541543552771,False,True
short,3,vote,vote(ma_ribbon+rsi+stochastic),vote(ma_ribbon+stochastic+zscore),0.9100377686073577,0.9937352245862884,False,True
short,3,vote,vote(ma_ribbon+stochastic+bb_reversion),vote(ma_ribbon+stochastic+zscore),0.9903973930248684,0.9996445076430857,False,True
short,3,vote,vote(ma_ribbon+rsi+vwap_reversion),vote(ma_ribbon+bb_reversion+vwap_reversion),0.9282960625924326,0.9945497630331753,False,True
short,3,vote,vote(ma_ribbon+rsi+vwap_reversion),vote(ma_ribbon+zscore+vwap_reversion),0.9269172300454299,0.9944306197416756,False,True
short,3,vote,vote(ma_ribbon+bb_reversion+vwap_reversion),vote(ma_ribbon+zscore+vwap_reversion),0.9919816512645702,0.9996440436639772,False,True
short,3,vote,vote(ma_ribbon+rsi+ou_reversion),vote(ma_ribbon+bb_reversion+ou_reversion),0.9034631742552414,0.9824498567335244,False,True
short,3,vote,vote(ma_ribbon+rsi+ou_reversion),vote(ma_ribbon+zscore+ou_reversion),0.9020862710059652,0.9813597801409966,False,True
short,3,vote,vote(ma_ribbon+bb_reversion+ou_reversion),vote(ma_ribbon+zscore+ou_reversion),0.9901683736062136,0.9972181906144171,False,True
short,3,vote,vote(ma_ribbon+rsi+obv_trend),vote(ma_ribbon+bb_reversion+obv_trend),0.8944127598017095,0.983096926713948,False,True
short,3,vote,vote(ma_ribbon+rsi+obv_trend),vote(ma_ribbon+zscore+obv_trend),0.8936185533652267,0.9820182183840057,False,True
short,3,vote,vote(ma_ribbon+bb_reversion+obv_trend),vote(ma_ribbon+zscore+obv_trend),0.9891481100420335,0.9972527472527473,False,True
short,3,vote,vote(ichimoku+ts_momentum+sma_regime),vote(ichimoku+dual_momentum+sma_regime),0.9680345902031597,0.9323818019625335,False,True
short,3,vote,vote(ichimoku+ts_momentum+adx_trend),vote(ichimoku+dual_momentum+adx_trend),0.9651630077235923,0.924028941355674,False,True
short,3,vote,vote(ichimoku+ts_momentum+hurst_switch),vote(ichimoku+dual_momentum+hurst_switch),0.9462560808947874,0.9069310818770862,False,True
short,3,vote,vote(ichimoku+ts_momentum+vol_regime),vote(ichimoku+dual_momentum+vol_regime),0.9582557176276251,0.9213399962983527,False,True
short,3,vote,vote(ichimoku+ts_momentum+breakout),vote(ichimoku+dual_momentum+breakout),0.967053911651653,0.9315274642588413,False,True
short,3,vote,vote(ichimoku+ts_momentum+bb_breakout),vote(ichimoku+dual_momentum+bb_breakout),0.9658159527040531,0.9123927359808421,False,True
short,3,vote,vote(ichimoku+ts_momentum+keltner),vote(ichimoku+dual_momentum+keltner),0.9537404078615729,0.9008281155322158,False,True
short,3,vote,vote(ichimoku+ts_momentum+rsi),vote(ichimoku+ts_momentum+bb_reversion),0.935188642720767,0.9452963116452548,False,True
short,3,vote,vote(ichimoku+ts_momentum+rsi),vote(ichimoku+ts_momentum+zscore),0.9344326987602188,0.9422917243288126,False,True
short,3,vote,vote(ichimoku+ts_momentum+rsi),vote(ichimoku+dual_momentum+rsi),0.9087627631780546,0.9497459837978854,False,True
short,3,vote,vote(ichimoku+ts_momentum+rsi),vote(ichimoku+dual_momentum+bb_reversion),0.8481108644268714,0.9013362127142664,False,True
short,3,vote,vote(ichimoku+ts_momentum+rsi),vote(ichimoku+dual_momentum+zscore),0.8477505738011366,0.8984586262844781,False,True
short,3,vote,vote(ichimoku+ts_momentum+bb_reversion),vote(ichimoku+ts_momentum+zscore),0.993326806907099,0.9932664756446992,False,True
short,3,vote,vote(ichimoku+ts_momentum+bb_reversion),vote(ichimoku+dual_momentum+rsi),0.8414984199580636,0.9001214738831151,False,True
short,3,vote,vote(ichimoku+ts_momentum+bb_reversion),vote(ichimoku+dual_momentum+bb_reversion),0.9098479029096377,0.9463414634146341,False,True
short,3,vote,vote(ichimoku+ts_momentum+bb_reversion),vote(ichimoku+dual_momentum+zscore),0.9036027966436454,0.9399303135888502,False,True
short,3,vote,vote(ichimoku+ts_momentum+zscore),vote(ichimoku+dual_momentum+rsi),0.8411321798235414,0.8971065440778799,False,True
short,3,vote,vote(ichimoku+ts_momentum+zscore),vote(ichimoku+dual_momentum+bb_reversion),0.9035783311324584,0.9397909407665506,False,True
short,3,vote,vote(ichimoku+ts_momentum+zscore),vote(ichimoku+dual_momentum+zscore),0.9106368918082444,0.9450364554122266,False,True
short,3,vote,vote(ichimoku+dual_momentum+rsi),vote(ichimoku+dual_momentum+bb_reversion),0.9357992552568812,0.9481256052012726,False,True
short,3,vote,vote(ichimoku+dual_momentum+rsi),vote(ichimoku+dual_momentum+zscore),0.9350331797841553,0.9455301455301456,False,True
short,3,vote,vote(ichimoku+dual_momentum+bb_reversion),vote(ichimoku+dual_momentum+zscore),0.9933677291093438,0.9934144595561918,False,True
short,3,vote,vote(ichimoku+ts_momentum+stochastic),vote(ichimoku+dual_momentum+stochastic),0.9186942528988874,0.9386590584878745,False,True
short,3,vote,vote(ichimoku+ts_momentum+vwap_reversion),vote(ichimoku+dual_momentum+vwap_reversion),0.9156758495430379,0.9547628809621429,False,True
short,3,vote,vote(ichimoku+ts_momentum+ou_reversion),vote(ichimoku+dual_momentum+ou_reversion),0.9278476235712659,0.9292422279792746,False,True
short,3,vote,vote(ichimoku+ts_momentum+obv_trend),vote(ichimoku+dual_momentum+obv_trend),0.9677422389054385,0.9519514310494362,False,True
short,3,vote,vote(ichimoku+sma_regime+rsi),vote(ichimoku+sma_regime+bb_reversion),0.9451047707842902,0.9467323187108326,False,True
short,3,vote,vote(ichimoku+sma_regime+rsi),vote(ichimoku+sma_regime+zscore),0.9444713679246984,0.943040813275527,False,True
short,3,vote,vote(ichimoku+sma_regime+bb_reversion),vote(ichimoku+sma_regime+zscore),0.9943205444220266,0.9922708301128459,False,True
short,3,vote,vote(ichimoku+adx_trend+rsi),vote(ichimoku+adx_trend+bb_reversion),0.926745291111973,0.9379370629370629,False,True
short,3,vote,vote(ichimoku+adx_trend+rsi),vote(ichimoku+adx_trend+zscore),0.9260259732144738,0.9347254672897196,False,True
short,3,vote,vote(ichimoku+adx_trend+bb_reversion),vote(ichimoku+adx_trend+zscore),0.9925234378432234,0.9919354838709677,False,True
short,3,vote,vote(ichimoku+hurst_switch+rsi),vote(ichimoku+hurst_switch+bb_reversion),0.9024689107768326,0.9282665791201575,False,True
short,3,vote,vote(ichimoku+hurst_switch+rsi),vote(ichimoku+hurst_switch+zscore),0.9010830030167029,0.924621461487821,False,True
short,3,vote,vote(ichimoku+hurst_switch+bb_reversion),vote(ichimoku+hurst_switch+zscore),0.9898896948216181,0.990855762594893,False,True
short,3,vote,vote(ichimoku+vol_regime+rsi),vote(ichimoku+vol_regime+bb_reversion),0.9287009319771528,0.9421385588643728,False,True
short,3,vote,vote(ichimoku+vol_regime+rsi),vote(ichimoku+vol_regime+zscore),0.9277963024048802,0.9387470997679814,False,True
short,3,vote,vote(ichimoku+vol_regime+bb_reversion),vote(ichimoku+vol_regime+zscore),0.9925808561208808,0.991503687079192,False,True
short,3,vote,vote(ichimoku+breakout+rsi),vote(ichimoku+breakout+bb_reversion),0.9258566535072611,0.9391218964791695,False,True
short,3,vote,vote(ichimoku+breakout+rsi),vote(ichimoku+breakout+zscore),0.9251605079604246,0.9356379988757729,False,True
short,3,vote,vote(ichimoku+breakout+bb_reversion),vote(ichimoku+breakout+zscore),0.9924450243760046,0.9926889896183653,False,True
short,3,vote,vote(ichimoku+bb_breakout+rsi),vote(ichimoku+bb_breakout+bb_reversion),0.9298750156475403,0.9311926605504587,False,True
short,3,vote,vote(ichimoku+bb_breakout+rsi),vote(ichimoku+bb_breakout+zscore),0.929072740383524,0.9278050275904353,False,True
short,3,vote,vote(ichimoku+bb_breakout+bb_reversion),vote(ichimoku+bb_breakout+zscore),0.9927936437223123,0.9915077711905144,False,True
short,3,vote,vote(ichimoku+keltner+rsi),vote(ichimoku+keltner+bb_reversion),0.9093129757495935,0.9260719566288812,False,True
short,3,vote,vote(ichimoku+keltner+rsi),vote(ichimoku+keltner+zscore),0.908042951714894,0.922418053039038,False,True
short,3,vote,vote(ichimoku+keltner+bb_reversion),vote(ichimoku+keltner+zscore),0.9905882786562632,0.9908431237042156,False,True
short,3,vote,vote(ichimoku+rsi+stochastic),vote(ichimoku+stochastic+bb_reversion),0.9388756817053525,0.9682514610646028,False,True
short,3,vote,vote(ichimoku+rsi+stochastic),vote(ichimoku+stochastic+zscore),0.9377371912280119,0.9663241106719368,False,True
short,3,vote,vote(ichimoku+stochastic+bb_reversion),vote(ichimoku+stochastic+zscore),0.9934950659771328,0.9961321514907333,False,True
short,3,vote,vote(ichimoku+rsi+vwap_reversion),vote(ichimoku+bb_reversion+vwap_reversion),0.9469067333048242,0.976703645007924,False,True
short,3,vote,vote(ichimoku+rsi+vwap_reversion),vote(ichimoku+zscore+vwap_reversion),0.9459230872386508,0.9766851704996035,False,True
short,3,vote,vote(ichimoku+bb_reversion+vwap_reversion),vote(ichimoku+zscore+vwap_reversion),0.9942304584362515,0.9983987189751802,False,True
short,3,vote,vote(ichimoku+rsi+ou_reversion),vote(ichimoku+bb_reversion+ou_reversion),0.9330546937743085,0.9361032941565965,False,True
short,3,vote,vote(ichimoku+rsi+ou_reversion),vote(ichimoku+zscore+ou_reversion),0.9322075414161661,0.932448132780083,False,True
short,3,vote,vote(ichimoku+bb_reversion+ou_reversion),vote(ichimoku+zscore+ou_reversion),0.9931813408676637,0.9907697666318356,False,True
short,3,vote,vote(ichimoku+rsi+obv_trend),vote(ichimoku+bb_reversion+obv_trend),0.9236463600570332,0.9547184669904187,False,True
short,3,vote,vote(ichimoku+rsi+obv_trend),vote(ichimoku+zscore+obv_trend),0.9230988256969674,0.9517359284587059,False,True
short,3,vote,vote(ichimoku+bb_reversion+obv_trend),vote(ichimoku+zscore+obv_trend),0.9922085408064487,0.9929587000677048,False,True
short,3,vote,vote(ts_momentum+sma_regime+adx_trend),vote(dual_momentum+sma_regime+adx_trend),0.9623118235281033,0.9325528568932379,False,True
short,3,vote,vote(ts_momentum+sma_regime+hurst_switch),vote(dual_momentum+sma_regime+hurst_switch),0.9427867202569161,0.9156278229448961,False,True
short,3,vote,vote(ts_momentum+sma_regime+vol_regime),vote(dual_momentum+sma_regime+vol_regime),0.9611759679393875,0.9117862371888726,False,True
short,3,vote,vote(ts_momentum+sma_regime+breakout),vote(dual_momentum+sma_regime+breakout),0.9644598003191313,0.9392782789729355,False,True
short,3,vote,vote(ts_momentum+sma_regime+bb_breakout),vote(dual_momentum+sma_regime+bb_breakout),0.9631237407987121,0.9210622044379775,False,True
short,3,vote,vote(ts_momentum+sma_regime+keltner),vote(dual_momentum+sma_regime+keltner),0.949839367086247,0.9125183016105417,False,True
short,3,vote,vote(ts_momentum+sma_regime+rsi),vote(ts_momentum+sma_regime+bb_reversion),0.9314885217087298,0.9498857987370684,False,True
short,3,vote,vote(ts_momentum+sma_regime+rsi),vote(ts_momentum+sma_regime+zscore),0.9308205995917976,0.9465895331629222,False,True
short,3,vote,vote(ts_momentum+sma_regime+rsi),vote(dual_momentum+sma_regime+rsi),0.9040350623717668,0.9529348843428266,False,True
short,3,vote,vote(ts_momentum+sma_regime+rsi),vote(dual_momentum+sma_regime+bb_reversion),0.8398409488688883,0.9115709014233,False,True
short,3,vote,vote(ts_momentum+sma_regime+rsi),vote(dual_momentum+sma_regime+zscore),0.8397661079218581,0.9082871470044867,False,True
short,3,vote,vote(ts_momentum+sma_regime+bb_reversion),vote(ts_momentum+sma_regime+zscore),0.9929540231187844,0.9938871908863574,False,True
short,3,vote,vote(ts_momentum+sma_regime+bb_reversion),vote(dual_momentum+sma_regime+rsi),0.832906729327244,0.9094623089088034,False,True
short,3,vote,vote(ts_momentum+sma_regime+bb_reversion),vote(dual_momentum+sma_regime+bb_reversion),0.9047491730765705,0.950121984277582,False,True
short,3,vote,vote(ts_momentum+sma_regime+bb_reversion),vote(dual_momentum+sma_regime+zscore),0.8983542411508383,0.9441583084846842,False,True
short,3,vote,vote(ts_momentum+sma_regime+zscore),vote(dual_momentum+sma_regime+rsi),0.8328003136714052,0.9061757719714965,False,True
short,3,vote,vote(ts_momentum+sma_regime+zscore),vote(dual_momentum+sma_regime+bb_reversion),0.8982952430931102,0.9441583084846842,False,True
short,3,vote,vote(ts_momentum+sma_regime+zscore),vote(dual_momentum+sma_regime+zscore),0.905913867978345,0.9487598800763151,False,True
short,3,vote,vote(dual_momentum+sma_regime+rsi),vote(dual_momentum+sma_regime+bb_reversion),0.9324634447282356,0.9553065082365649,False,True
short,3,vote,vote(dual_momentum+sma_regime+rsi),vote(dual_momentum+sma_regime+zscore),0.9317773990423402,0.9525290776305112,False,True
short,3,vote,vote(dual_momentum+sma_regime+bb_reversion),vote(dual_momentum+sma_regime+zscore),0.9930286376660729,0.9938803894297635,False,True
short,3,vote,vote(ts_momentum+sma_regime+stochastic),vote(dual_momentum+sma_regime+stochastic),0.9149808608816626,0.9422117516629712,False,True
short,3,vote,vote(ts_momentum+sma_regime+vwap_reversion),vote(dual_momentum+sma_regime+vwap_reversion),0.9125031458821198,0.9575408518617734,False,True
short,3,vote,vote(ts_momentum+sma_regime+ou_reversion),vote(dual_momentum+sma_regime+ou_reversion),0.9226321668256953,0.935404490925869,False,True
short,3,vote,vote(ts_momentum+sma_regime+obv_trend),vote(dual_momentum+sma_regime+obv_trend),0.9649095623084321,0.9559157212317666,False,True
short,3,vote,vote(ts_momentum+adx_trend+hurst_switch),vote(dual_momentum+adx_trend+hurst_switch),0.9377901125255628,0.8844348846304263,False,True
short,3,vote,vote(ts_momentum+adx_trend+vol_regime),vote(dual_momentum+adx_trend+vol_regime),0.9520719363798283,0.9115011885170964,False,True
short,3,vote,vote(ts_momentum+adx_trend+breakout),vote(dual_momentum+adx_trend+breakout),0.9665543792008234,0.9085203499429441,False,True
short,3,vote,vote(ts_momentum+adx_trend+bb_breakout),vote(dual_momentum+adx_trend+bb_breakout),0.9647934665890521,0.8839071257005604,False,True
short,3,vote,vote(ts_momentum+adx_trend+keltner),vote(dual_momentum+adx_trend+keltner),0.9501747815617793,0.875050464271296,False,True
short,3,vote,vote(ts_momentum+adx_trend+rsi),vote(ts_momentum+adx_trend+bb_reversion),0.9260798027926802,0.9371121224658667,False,True
short,3,vote,vote(ts_momentum+adx_trend+rsi),vote(ts_momentum+adx_trend+zscore),0.9253957953827214,0.9342268895951361,False,True
short,3,vote,vote(ts_momentum+adx_trend+rsi),vote(dual_momentum+adx_trend+rsi),0.8926925347955882,0.9391091131998366,False,True
short,3,vote,vote(ts_momentum+adx_trend+rsi),vote(dual_momentum+adx_trend+bb_reversion),0.8235491267304953,0.8869844670594537,False,True
short,3,vote,vote(ts_momentum+adx_trend+rsi),vote(dual_momentum+adx_trend+zscore),0.8233866785090375,0.8840890796887577,False,True
short,3,vote,vote(ts_momentum+adx_trend+bb_reversion),vote(ts_momentum+adx_trend+zscore),0.992482576903756,0.993086562004897,False,True
short,3,vote,vote(ts_momentum+adx_trend+bb_reversion),vote(dual_momentum+adx_trend+rsi),0.8163647260154834,0.8847080878414569,False,True
short,3,vote,vote(ts_momentum+adx_trend+bb_reversion),vote(dual_momentum+adx_trend+bb_reversion),0.8966977024891151,0.9333888426311407,False,True
short,3,vote,vote(ts_momentum+adx_trend+bb_reversion),vote(dual_momentum+adx_trend+zscore),0.8896148255180484,0.9267277268942548,False,True
short,3,vote,vote(ts_momentum+adx_trend+zscore),vote(dual_momentum+adx_trend+rsi),0.816345661927136,0.8818084250067079,False,True
short,3,vote,vote(ts_momentum+adx_trend+zscore),vote(dual_momentum+adx_trend+bb_reversion),0.889744241371421,0.9267277268942548,False,True
short,3,vote,vote(ts_momentum+adx_trend+zscore),vote(dual_momentum+adx_trend+zscore),0.8978829460465156,0.9318626082099972,False,True
short,3,vote,vote(dual_momentum+adx_trend+rsi),vote(dual_momentum+adx_trend+bb_reversion),0.9243899107190922,0.9437026841018582,False,True
short,3,vote,vote(dual_momentum+adx_trend+rsi),vote(dual_momentum+adx_trend+zscore),0.9236812373800534,0.9413712236170506,False,True
short,3,vote,vote(dual_momentum+adx_trend+bb_reversion),vote(dual_momentum+adx_trend+zscore),0.9922912121309515,0.9931320646730577,False,True
short,3,vote,vote(ts_momentum+adx_trend+stochastic),vote(dual_momentum+adx_trend+stochastic),0.9061310991932372,0.9243566045784161,False,True
short,3,vote,vote(ts_momentum+adx_trend+vwap_reversion),vote(dual_momentum+adx_trend+vwap_reversion),0.8934202837536149,0.9486315221787784,False,True
short,3,vote,vote(ts_momentum+adx_trend+ou_reversion),vote(dual_momentum+adx_trend+ou_reversion),0.9175021575116016,0.9117268041237113,False,True
short,3,vote,vote(ts_momentum+adx_trend+obv_trend),vote(dual_momentum+adx_trend+obv_trend),0.9660891331702782,0.9353198948290973,False,True
short,3,vote,vote(ts_momentum+hurst_switch+vol_regime),vote(dual_momentum+hurst_switch+vol_regime),0.9212259252505773,0.8870205932363499,False,True
short,3,vote,vote(ts_momentum+hurst_switch+breakout),vote(dual_momentum+hurst_switch+breakout),0.9417527940861683,0.9017085813015934,False,True
short,3,vote,vote(ts_momentum+hurst_switch+bb_breakout),vote(dual_momentum+hurst_switch+bb_breakout),0.9380718695142958,0.863768115942029,False,True
short,3,vote,vote(ts_momentum+hurst_switch+keltner),vote(dual_momentum+hurst_switch+keltner),0.9069669735045726,0.8421494542401343,False,True
short,3,vote,vote(ts_momentum+hurst_switch+rsi),vote(ts_momentum+hurst_switch+bb_reversion),0.8740921942320455,0.933428981348637,False,True
short,3,vote,vote(ts_momentum+hurst_switch+rsi),vote(ts_momentum+hurst_switch+zscore),0.8724566707042702,0.9304197814836113,False,True
short,3,vote,vote(ts_momentum+hurst_switch+rsi),vote(dual_momentum+hurst_switch+rsi),0.8303397467860668,0.9139100932994063,False,True
short,3,vote,vote(ts_momentum+hurst_switch+rsi),vote(dual_momentum+hurst_switch+bb_reversion),0.7170865824711963,0.8587876265778888,False,False
short,3,vote,vote(ts_momentum+hurst_switch+rsi),vote(dual_momentum+hurst_switch+zscore),0.71612281700563,0.855733148019458,False,False
short,3,vote,vote(ts_momentum+hurst_switch+bb_reversion),vote(ts_momentum+hurst_switch+zscore),0.9870626487080796,0.9927917104670371,False,True
short,3,vote,vote(ts_momentum+hurst_switch+bb_reversion),vote(dual_momentum+hurst_switch+rsi),0.7051970496863442,0.8561520321819948,False,False
short,3,vote,vote(ts_momentum+hurst_switch+bb_reversion),vote(dual_momentum+hurst_switch+bb_reversion),0.8328393867294415,0.9069700460829493,False,True
short,3,vote,vote(ts_momentum+hurst_switch+bb_reversion),vote(dual_momentum+hurst_switch+zscore),0.8210704933478542,0.9000576036866359,False,True
short,3,vote,vote(ts_momentum+hurst_switch+zscore),vote(dual_momentum+hurst_switch+rsi),0.7040737139842215,0.853092425295344,False,False
short,3,vote,vote(ts_momentum+hurst_switch+zscore),vote(dual_momentum+hurst_switch+bb_reversion),0.8208519644136898,0.9000576036866359,False,True
short,3,vote,vote(ts_momentum+hurst_switch+zscore),vote(dual_momentum+hurst_switch+zscore),0.8339264885440472,0.9052173913043479,False,True
short,3,vote,vote(dual_momentum+hurst_switch+rsi),vote(dual_momentum+hurst_switch+bb_reversion),0.8847445740542316,0.9386565641847588,False,True
short,3,vote,vote(dual_momentum+hurst_switch+rsi),vote(dual_momentum+hurst_switch+zscore),0.883193750635815,0.9361764276325398,False,True
short,3,vote,vote(dual_momentum+hurst_switch+bb_reversion),vote(dual_momentum+hurst_switch+zscore),0.9880716568443282,0.9927084915691934,False,True
short,3,vote,vote(ts_momentum+hurst_switch+stochastic),vote(dual_momentum+hurst_switch+stochastic),0.8406150490658962,0.9024461269656378,False,True
short,3,vote,vote(ts_momentum+hurst_switch+vwap_reversion),vote(dual_momentum+hurst_switch+vwap_reversion),0.8480824648431371,0.9232060428031893,False,True
short,3,vote,vote(ts_momentum+hurst_switch+ou_reversion),vote(dual_momentum+hurst_switch+ou_reversion),0.8558466746651684,0.8817312531454454,False,True
short,3,vote,vote(ts_momentum+hurst_switch+obv_trend),vote(dual_momentum+hurst_switch+obv_trend),0.9434372488617732,0.9339291973361374,False,True
short,3,vote,vote(ts_momentum+vol_regime+breakout),vote(dual_momentum+vol_regime+breakout),0.9549016253157602,0.9222423146473779,False,True
short,3,vote,vote(ts_momentum+vol_regime+bb_breakout),vote(dual_momentum+vol_regime+bb_breakout),0.9521476319336518,0.8970925784238715,False,True
short,3,vote,vote(ts_momentum+vol_regime+keltner),vote(dual_momentum+vol_regime+keltner),0.9311408586382267,0.8829663962920047,False,True
short,3,vote,vote(ts_momentum+vol_regime+rsi),vote(ts_momentum+vol_regime+bb_reversion),0.9136758319664016,0.9443293272551457,False,True
short,3,vote,vote(ts_momentum+vol_regime+rsi),vote(ts_momentum+vol_regime+zscore),0.9126955524170046,0.9413230002767783,False,True
short,3,vote,vote(ts_momentum+vol_regime+rsi),vote(dual_momentum+vol_regime+rsi),0.8802240310874584,0.9354132457580734,False,True
short,3,vote,vote(ts_momentum+vol_regime+rsi),vote(dual_momentum+vol_regime+bb_reversion),0.7990445221148437,0.890429398303944,False,False
short,3,vote,vote(ts_momentum+vol_regime+rsi),vote(dual_momentum+vol_regime+zscore),0.7986918075554083,0.8874056094929881,False,False
short,3,vote,vote(ts_momentum+vol_regime+bb_reversion),vote(ts_momentum+vol_regime+zscore),0.9910686470914902,0.9932645457151046,False,True
short,3,vote,vote(ts_momentum+vol_regime+bb_reversion),vote(dual_momentum+vol_regime+rsi),0.7906123594751201,0.8878718535469108,False,False
short,3,vote,vote(ts_momentum+vol_regime+bb_reversion),vote(dual_momentum+vol_regime+bb_reversion),0.8800509720439035,0.9316132612012762,False,True
short,3,vote,vote(ts_momentum+vol_regime+bb_reversion),vote(dual_momentum+vol_regime+zscore),0.8718516777779786,0.9250936329588015,False,True
short,3,vote,vote(ts_momentum+vol_regime+zscore),vote(dual_momentum+vol_regime+rsi),0.7902096819928907,0.8848435814455232,False,False
short,3,vote,vote(ts_momentum+vol_regime+zscore),vote(dual_momentum+vol_regime+bb_reversion),0.8717687555136429,0.9250936329588015,False,True
short,3,vote,vote(ts_momentum+vol_regime+zscore),vote(dual_momentum+vol_regime+zscore),0.8812628513521916,0.930086519676249,False,True
short,3,vote,vote(dual_momentum+vol_regime+rsi),vote(dual_momentum+vol_regime+bb_reversion),0.9156842938874019,0.9506551435740173,False,True
short,3,vote,vote(dual_momentum+vol_regime+rsi),vote(dual_momentum+vol_regime+zscore),0.91469494293911,0.9481771197094566,False,True
short,3,vote,vote(dual_momentum+vol_regime+bb_reversion),vote(dual_momentum+vol_regime+zscore),0.9912341096283043,0.9932344897077875,False,True
short,3,vote,vote(ts_momentum+vol_regime+stochastic),vote(dual_momentum+vol_regime+stochastic),0.8940279346778573,0.9227162949282569,False,True
short,3,vote,vote(ts_momentum+vol_regime+vwap_reversion),vote(dual_momentum+vol_regime+vwap_reversion),0.8892429394288458,0.9424959216965743,False,True
short,3,vote,vote(ts_momentum+vol_regime+ou_reversion),vote(dual_momentum+vol_regime+ou_reversion),0.9006308270453988,0.9113984674329502,False,True
short,3,vote,vote(ts_momentum+vol_regime+obv_trend),vote(dual_momentum+vol_regime+obv_trend),0.9564024286072753,0.9441649899396378,False,True
short,3,vote,vote(ts_momentum+breakout+bb_breakout),vote(dual_momentum+breakout+bb_breakout),0.9669873569077316,0.8928783971434239,False,True
short,3,vote,vote(ts_momentum+breakout+keltner),vote(dual_momentum+breakout+keltner),0.9521241472653291,0.8915159944367177,False,True
short,3,vote,vote(ts_momentum+breakout+rsi),vote(ts_momentum+breakout+bb_reversion),0.9271227451725429,0.9369102183877056,False,True
short,3,vote,vote(ts_momentum+breakout+rsi),vote(ts_momentum+breakout+zscore),0.9264665973891161,0.9340896812533765,False,True
short,3,vote,vote(ts_momentum+breakout+rsi),vote(dual_momentum+breakout+rsi),0.8943048008931028,0.9512686266612969,False,True
short,3,vote,vote(ts_momentum+breakout+rsi),vote(dual_momentum+breakout+bb_reversion),0.8264416690340493,0.8980371492556976,False,True
short,3,vote,vote(ts_momentum+breakout+rsi),vote(dual_momentum+breakout+zscore),0.8263184812730758,0.8953411640490959,False,True
short,3,vote,vote(ts_momentum+breakout+bb_reversion),vote(ts_momentum+breakout+zscore),0.9925953666605339,0.9932517924926192,False,True
short,3,vote,vote(ts_momentum+breakout+bb_reversion),vote(dual_momentum+breakout+rsi),0.8193061349012016,0.8960611250164668,False,True
short,3,vote,vote(ts_momentum+breakout+bb_reversion),vote(dual_momentum+breakout+bb_reversion),0.8984483584219561,0.9454520660030001,False,True
short,3,vote,vote(ts_momentum+breakout+bb_reversion),vote(dual_momentum+breakout+zscore),0.8915090373264618,0.9390426837583526,False,True
short,3,vote,vote(ts_momentum+breakout+zscore),vote(dual_momentum+breakout+rsi),0.8193049538086898,0.893229510360301,False,True
short,3,vote,vote(ts_momentum+breakout+zscore),vote(dual_momentum+breakout+bb_reversion),0.8916152250704783,0.9389063139233601,False,True
short,3,vote,vote(ts_momentum+breakout+zscore),vote(dual_momentum+breakout+zscore),0.8996324308270499,0.9441624365482234,False,True
short,3,vote,vote(dual_momentum+breakout+rsi),vote(dual_momentum+breakout+bb_reversion),0.925818376207452,0.9435766226770805,False,True
short,3,vote,vote(dual_momentum+breakout+rsi),vote(dual_momentum+breakout+zscore),0.9251388905418335,0.9411685332613683,False,True
short,3,vote,vote(dual_momentum+breakout+bb_reversion),vote(dual_momentum+breakout+zscore),0.992443862632351,0.9934293303509018,False,True
short,3,vote,vote(ts_momentum+breakout+stochastic),vote(dual_momentum+breakout+stochastic),0.9046728437751543,0.9391207876854805,False,True
short,3,vote,vote(ts_momentum+breakout+vwap_reversion),vote(dual_momentum+breakout+vwap_reversion),0.8956025807139433,0.9594253026473327,False,True
short,3,vote,vote(ts_momentum+breakout+ou_reversion),vote(dual_momentum+breakout+ou_reversion),0.9214590977305019,0.9258789990497308,False,True
short,3,vote,vote(ts_momentum+breakout+obv_trend),vote(dual_momentum+breakout+obv_trend),0.9681569731317141,0.9394837809557028,False,True
short,3,vote,vote(ts_momentum+bb_breakout+keltner),vote(dual_momentum+bb_breakout+keltner),0.9506386670544276,0.8521066208082545,False,True
short,3,vote,vote(ts_momentum+bb_breakout+rsi),vote(ts_momentum+bb_breakout+bb_reversion),0.928170628838773,0.9311526924725039,False,True
short,3,vote,vote(ts_momentum+bb_breakout+rsi),vote(ts_momentum+bb_breakout+zscore),0.9273895968604186,0.9281522828109346,False,True
short,3,vote,vote(ts_momentum+bb_breakout+rsi),vote(dual_momentum+bb_breakout+rsi),0.8974322488490076,0.9283194581628333,False,True
short,3,vote,vote(ts_momentum+bb_breakout+rsi),vote(dual_momentum+bb_breakout+bb_reversion),0.8303060131687792,0.8714226462048942,False,True
short,3,vote,vote(ts_momentum+bb_breakout+rsi),vote(dual_momentum+bb_breakout+zscore),0.8299752546682111,0.8684028258761601,False,True
short,3,vote,vote(ts_momentum+bb_breakout+bb_reversion),vote(ts_momentum+bb_breakout+zscore),0.9926477288328933,0.9928218932256617,False,True
short,3,vote,vote(ts_momentum+bb_breakout+bb_reversion),vote(dual_momentum+bb_breakout+rsi),0.8230883806367904,0.8692105626987419,False,True
short,3,vote,vote(ts_momentum+bb_breakout+bb_reversion),vote(dual_momentum+bb_breakout+bb_reversion),0.8999291662677378,0.9221935113407982,False,True
short,3,vote,vote(ts_momentum+bb_breakout+bb_reversion),vote(dual_momentum+bb_breakout+zscore),0.8930108405438887,0.9153028997990238,False,True
short,3,vote,vote(ts_momentum+bb_breakout+zscore),vote(dual_momentum+bb_breakout+rsi),0.8228088597591318,0.8661864524172324,False,True
short,3,vote,vote(ts_momentum+bb_breakout+zscore),vote(dual_momentum+bb_breakout+bb_reversion),0.8930443446006917,0.9153028997990238,False,True
short,3,vote,vote(ts_momentum+bb_breakout+zscore),vote(dual_momentum+bb_breakout+zscore),0.9008857202528232,0.9205431956082057,False,True
short,3,vote,vote(dual_momentum+bb_breakout+rsi),vote(dual_momentum+bb_breakout+bb_reversion),0.9278395593919657,0.9378668575518969,False,True
short,3,vote,vote(dual_momentum+bb_breakout+rsi),vote(dual_momentum+bb_breakout+zscore),0.9270396747358399,0.9354283254412398,False,True
short,3,vote,vote(dual_momentum+bb_breakout+bb_reversion),vote(dual_momentum+bb_breakout+zscore),0.9925901601885286,0.9928390273012084,False,True
short,3,vote,vote(ts_momentum+bb_breakout+stochastic),vote(dual_momentum+bb_breakout+stochastic),0.9051015041802766,0.9152196118488254,False,True
short,3,vote,vote(ts_momentum+bb_breakout+vwap_reversion),vote(dual_momentum+bb_breakout+vwap_reversion),0.8982224096886497,0.9385023009343187,False,True
short,3,vote,vote(ts_momentum+bb_breakout+ou_reversion),vote(dual_momentum+bb_breakout+ou_reversion),0.9185155603674102,0.8971899713949184,False,True
short,3,vote,vote(ts_momentum+bb_breakout+obv_trend),vote(dual_momentum+bb_breakout+obv_trend),0.9660550196084897,0.9279554437657205,False,True
short,3,vote,vote(ts_momentum+keltner+rsi),vote(ts_momentum+keltner+bb_reversion),0.8901813997325042,0.9302762910458556,False,True
short,3,vote,vote(ts_momentum+keltner+rsi),vote(ts_momentum+keltner+zscore),0.8887558242442686,0.9272358312798956,False,True
short,3,vote,vote(ts_momentum+keltner+rsi),vote(dual_momentum+keltner+rsi),0.8485796178765157,0.9131736526946108,False,True
short,3,vote,vote(ts_momentum+keltner+rsi),vote(dual_momentum+keltner+bb_reversion),0.7473579583289743,0.8560055865921787,False,False
short,3,vote,vote(ts_momentum+keltner+rsi),vote(dual_momentum+keltner+zscore),0.7464934945101981,0.8529247131262244,False,False
short,3,vote,vote(ts_momentum+keltner+bb_reversion),vote(ts_momentum+keltner+zscore),0.9886851982754621,0.9927261706319139,False,True
short,3,vote,vote(ts_momentum+keltner+bb_reversion),vote(dual_momentum+keltner+rsi),0.7368475789690813,0.8537709497206704,False,False
short,3,vote,vote(ts_momentum+keltner+bb_reversion),vote(dual_momentum+keltner+bb_reversion),0.8502164328834427,0.9067169592340055,False,True
short,3,vote,vote(ts_momentum+keltner+bb_reversion),vote(dual_momentum+keltner+zscore),0.8396897895816359,0.8997533729870884,False,True
short,3,vote,vote(ts_momentum+keltner+zscore),vote(dual_momentum+keltner+rsi),0.7359076262065496,0.8506856982927512,False,False
short,3,vote,vote(ts_momentum+keltner+zscore),vote(dual_momentum+keltner+bb_reversion),0.8395753040900233,0.8997533729870884,False,True
short,3,vote,vote(ts_momentum+keltner+zscore),vote(dual_momentum+keltner+zscore),0.8512253737995437,0.9049496276828735,False,True
short,3,vote,vote(dual_momentum+keltner+rsi),vote(dual_momentum+keltner+bb_reversion),0.8951494975086592,0.93641957222385,False,True
short,3,vote,vote(dual_momentum+keltner+rsi),vote(dual_momentum+keltner+zscore),0.8937538479420487,0.933920704845815,False,True
short,3,vote,vote(dual_momentum+keltner+bb_reversion),vote(dual_momentum+keltner+zscore),0.9891318799779721,0.9926650366748166,False,True
short,3,vote,vote(ts_momentum+keltner+stochastic),vote(dual_momentum+keltner+stochastic),0.8599394425192068,0.8994100294985251,False,True
short,3,vote,vote(ts_momentum+keltner+vwap_reversion),vote(dual_momentum+keltner+vwap_reversion),0.8563304868272983,0.9236404621020006,False,True
short,3,vote,vote(ts_momentum+keltner+ou_reversion),vote(dual_momentum+keltner+ou_reversion),0.8750018422811278,0.8787052810902896,False,True
short,3,vote,vote(ts_momentum+keltner+obv_trend),vote(dual_momentum+keltner+obv_trend),0.9526774618209567,0.9266666666666666,False,True
short,3,vote,vote(ts_momentum+rsi+stochastic),vote(ts_momentum+stochastic+bb_reversion),0.9199356864290068,0.9686507388482254,False,True
short,3,vote,vote(ts_momentum+rsi+stochastic),vote(ts_momentum+stochastic+zscore),0.9183984625366339,0.967113444797568,False,True
short,3,vote,vote(ts_momentum+rsi+stochastic),vote(dual_momentum+rsi+stochastic),0.891942353194106,0.9233887312525334,False,True
short,3,vote,vote(ts_momentum+rsi+stochastic),vote(dual_momentum+stochastic+bb_reversion),0.8152492524600795,0.9002810868692277,False,True
short,3,vote,vote(ts_momentum+rsi+stochastic),vote(dual_momentum+stochastic+zscore),0.8133932749427957,0.898754519887505,False,True
short,3,vote,vote(ts_momentum+stochastic+bb_reversion),vote(ts_momentum+stochastic+zscore),0.9914755409060869,0.9973250739124314,False,True
short,3,vote,vote(ts_momentum+stochastic+bb_reversion),vote(dual_momentum+rsi+stochastic),0.8080505677228246,0.898808727078035,False,True
short,3,vote,vote(ts_momentum+stochastic+bb_reversion),vote(dual_momentum+stochastic+bb_reversion),0.8879105836266485,0.919153553988063,False,True
short,3,vote,vote(ts_momentum+stochastic+bb_reversion),vote(dual_momentum+stochastic+zscore),0.8791815593330593,0.9165762344004341,False,True
short,3,vote,vote(ts_momentum+stochastic+zscore),vote(dual_momentum+rsi+stochastic),0.8062826759292374,0.8972813713673496,False,True
short,3,vote,vote(ts_momentum+stochastic+zscore),vote(dual_momentum+stochastic+bb_reversion),0.8792838028784873,0.9165762344004341,False,True
short,3,vote,vote(ts_momentum+stochastic+zscore),vote(dual_momentum+stochastic+zscore),0.8872628606427497,0.9181620445894508,False,True
short,3,vote,vote(dual_momentum+rsi+stochastic),vote(dual_momentum+stochastic+bb_reversion),0.9234297314068703,0.9740114573145172,False,True
short,3,vote,vote(dual_momentum+rsi+stochastic),vote(dual_momentum+stochastic+zscore),0.9219773896883872,0.972734899328859,False,True
short,3,vote,vote(dual_momentum+stochastic+bb_reversion),vote(dual_momentum+stochastic+zscore),0.9918120511143746,0.9973030518097942,False,True
short,3,vote,vote(ts_momentum+rsi+vwap_reversion),vote(ts_momentum+bb_reversion+vwap_reversion),0.9307382861055937,0.9806783430636642,False,True
short,3,vote,vote(ts_momentum+rsi+vwap_reversion),vote(ts_momentum+zscore+vwap_reversion),0.9294068767073288,0.9803948832035595,False,True
short,3,vote,vote(ts_momentum+rsi+vwap_reversion),vote(dual_momentum+rsi+vwap_reversion),0.9113485535818333,0.926118484060747,False,True
short,3,vote,vote(ts_momentum+rsi+vwap_reversion),vote(dual_momentum+bb_reversion+vwap_reversion),0.8442661932395739,0.9097805472771606,False,True
short,3,vote,vote(ts_momentum+rsi+vwap_reversion),vote(dual_momentum+zscore+vwap_reversion),0.8424348545531981,0.9092140921409214,False,True
short,3,vote,vote(ts_momentum+bb_reversion+vwap_reversion),vote(ts_momentum+zscore+vwap_reversion),0.9924254820141061,0.9991590749824807,False,True
short,3,vote,vote(ts_momentum+bb_reversion+vwap_reversion),vote(dual_momentum+rsi+vwap_reversion),0.8406143446471358,0.9099160119208887,False,True
short,3,vote,vote(ts_momentum+bb_reversion+vwap_reversion),vote(dual_momentum+bb_reversion+vwap_reversion),0.9048229695186282,0.9269823938856285,False,True
short,3,vote,vote(ts_momentum+bb_reversion+vwap_reversion),vote(dual_momentum+zscore+vwap_reversion),0.8970174597798705,0.9258905418315818,False,True
short,3,vote,vote(ts_momentum+zscore+vwap_reversion),vote(dual_momentum+rsi+vwap_reversion),0.8391533035991456,0.909620596205962,False,True
short,3,vote,vote(ts_momentum+zscore+vwap_reversion),vote(dual_momentum+bb_reversion+vwap_reversion),0.8974297438439719,0.9261635048450935,False,True
short,3,vote,vote(ts_momentum+zscore+vwap_reversion),vote(dual_momentum+zscore+vwap_reversion),0.9039976077700957,0.9266493648408687,False,True
short,3,vote,vote(dual_momentum+rsi+vwap_reversion),vote(dual_momentum+bb_reversion+vwap_reversion),0.9376736886666928,0.9804060769558427,False,True
short,3,vote,vote(dual_momentum+rsi+vwap_reversion),vote(dual_momentum+zscore+vwap_reversion),0.936502923051335,0.9803949424634181,False,True
short,3,vote,vote(dual_momentum+bb_reversion+vwap_reversion),vote(dual_momentum+zscore+vwap_reversion),0.993179526424214,0.9988545246277205,False,True
short,3,vote,vote(ts_momentum+rsi+ou_reversion),vote(ts_momentum+bb_reversion+ou_reversion),0.9156311166629043,0.9415593808766093,False,True
short,3,vote,vote(ts_momentum+rsi+ou_reversion),vote(ts_momentum+zscore+ou_reversion),0.9146906959353068,0.9385418176547325,False,True
short,3,vote,vote(ts_momentum+rsi+ou_reversion),vote(dual_momentum+rsi+ou_reversion),0.8821094055902512,0.9120429196668078,False,True
short,3,vote,vote(ts_momentum+rsi+ou_reversion),vote(dual_momentum+bb_reversion+ou_reversion),0.8097304685998149,0.8635474860335196,False,True
short,3,vote,vote(ts_momentum+rsi+ou_reversion),vote(dual_momentum+zscore+ou_reversion),0.8093297283891129,0.8604813881891967,False,True
short,3,vote,vote(ts_momentum+bb_reversion+ou_reversion),vote(ts_momentum+zscore+ou_reversion),0.9914872188427927,0.9927261706319139,False,True
short,3,vote,vote(ts_momentum+bb_reversion+ou_reversion),vote(dual_momentum+rsi+ou_reversion),0.7995148503377154,0.860195530726257,False,False
short,3,vote,vote(ts_momentum+bb_reversion+ou_reversion),vote(dual_momentum+bb_reversion+ou_reversion),0.8894320085652994,0.9032351661105469,False,True
short,3,vote,vote(ts_momentum+bb_reversion+ou_reversion),vote(dual_momentum+zscore+ou_reversion),0.8817506425468198,0.8962715798636298,False,True
short,3,vote,vote(ts_momentum+zscore+ou_reversion),vote(dual_momentum+rsi+ou_reversion),0.7989181820195499,0.8571228659389869,False,False
short,3,vote,vote(ts_momentum+zscore+ou_reversion),vote(dual_momentum+bb_reversion+ou_reversion),0.8815132645040409,0.8962715798636298,False,True
short,3,vote,vote(ts_momentum+zscore+ou_reversion),vote(dual_momentum+zscore+ou_reversion),0.8902615368628538,0.9014454664914586,False,True
short,3,vote,vote(dual_momentum+rsi+ou_reversion),vote(dual_momentum+bb_reversion+ou_reversion),0.9218160441933181,0.9464863275507204,False,True
short,3,vote,vote(dual_momentum+rsi+ou_reversion),vote(dual_momentum+zscore+ou_reversion),0.9208997866847567,0.9440023577954613,False,True
short,3,vote,vote(dual_momentum+bb_reversion+ou_reversion),vote(dual_momentum+zscore+ou_reversion),0.9920711823468064,0.992638036809816,False,True
short,3,vote,vote(ts_momentum+rsi+obv_trend),vote(ts_momentum+bb_reversion+obv_trend),0.9282972486352172,0.9524242818146367,False,True
short,3,vote,vote(ts_momentum+rsi+obv_trend),vote(ts_momentum+zscore+obv_trend),0.9277843633878289,0.9497330381560098,False,True
short,3,vote,vote(ts_momentum+rsi+obv_trend),vote(dual_momentum+rsi+obv_trend),0.8956066480752268,0.9666752777060191,False,True
short,3,vote,vote(ts_momentum+rsi+obv_trend),vote(dual_momentum+bb_reversion+obv_trend),0.8269965188548712,0.9273329933707293,False,True
short,3,vote,vote(ts_momentum+rsi+obv_trend),vote(dual_momentum+zscore+obv_trend),0.8270993895995369,0.9246487867177522,False,True
short,3,vote,vote(ts_momentum+bb_reversion+obv_trend),vote(ts_momentum+zscore+obv_trend),0.9926998819917561,0.9935544514569625,False,True
short,3,vote,vote(ts_momentum+bb_reversion+obv_trend),vote(dual_momentum+rsi+obv_trend),0.8200916214252923,0.9250382457929628,False,True
short,3,vote,vote(ts_momentum+bb_reversion+obv_trend),vote(dual_momentum+bb_reversion+obv_trend),0.8982878585499208,0.9635887360838244,False,True
short,3,vote,vote(ts_momentum+bb_reversion+obv_trend),vote(dual_momentum+zscore+obv_trend),0.8914235925662598,0.9573018991486575,False,True
short,3,vote,vote(ts_momentum+zscore+obv_trend),vote(dual_momentum+rsi+obv_trend),0.8205455215432622,0.9223499361430396,False,True
short,3,vote,vote(ts_momentum+zscore+obv_trend),vote(dual_momentum+bb_reversion+obv_trend),0.8917703072889658,0.9573018991486575,False,True
short,3,vote,vote(ts_momentum+zscore+obv_trend),vote(dual_momentum+zscore+obv_trend),0.8998652853394385,0.9623238045053353,False,True
short,3,vote,vote(dual_momentum+rsi+obv_trend),vote(dual_momentum+bb_reversion+obv_trend),0.9248326709005263,0.958252802473908,False,True
short,3,vote,vote(dual_momentum+rsi+obv_trend),vote(dual_momentum+zscore+obv_trend),0.9242990363488557,0.9561007101355713,False,True
short,3,vote,vote(dual_momentum+bb_reversion+obv_trend),vote(dual_momentum+zscore+obv_trend),0.9923300895958262,0.9936381709741551,False,True
short,3,vote,vote(ts_momentum+stochastic+vwap_reversion),vote(dual_momentum+stochastic+vwap_reversion),0.8986774586826781,0.93080747010614,False,True
short,3,vote,vote(ts_momentum+stochastic+ou_reversion),vote(dual_momentum+stochastic+ou_reversion),0.8651561793636873,0.9095124350147534,False,True
short,3,vote,vote(ts_momentum+stochastic+obv_trend),vote(dual_momentum+stochastic+obv_trend),0.9107266312992907,0.9554123019070642,False,True
short,3,vote,vote(ts_momentum+vwap_reversion+ou_reversion),vote(dual_momentum+vwap_reversion+ou_reversion),0.881256456402104,0.9240892090317219,False,True
short,3,vote,vote(ts_momentum+vwap_reversion+obv_trend),vote(dual_momentum+vwap_reversion+obv_trend),0.8976077537452763,0.9723218862121988,False,True
short,3,vote,vote(ts_momentum+ou_reversion+obv_trend),vote(dual_momentum+ou_reversion+obv_trend),0.9227085009239936,0.9504242965609647,False,True
short,3,vote,vote(sma_regime+adx_trend+rsi),vote(sma_regime+adx_trend+bb_reversion),0.9298326389993624,0.9405413187446012,False,True
short,3,vote,vote(sma_regime+adx_trend+rsi),vote(sma_regime+adx_trend+zscore),0.9292498501825698,0.9379151025122726,False,True
short,3,vote,vote(sma_regime+adx_trend+bb_reversion),vote(sma_regime+adx_trend+zscore),0.9928374590543186,0.9914542728635682,False,True
short,3,vote,vote(sma_regime+hurst_switch+rsi),vote(sma_regime+hurst_switch+bb_reversion),0.9188000803749081,0.9298735424536049,False,True
short,3,vote,vote(sma_regime+hurst_switch+rsi),vote(sma_regime+hurst_switch+zscore),0.9177606553642128,0.9268413247652002,False,True
short,3,vote,vote(sma_regime+hurst_switch+bb_reversion),vote(sma_regime+hurst_switch+zscore),0.9915692171127503,0.990184260375409,False,True
short,3,vote,vote(sma_regime+vol_regime+rsi),vote(sma_regime+vol_regime+bb_reversion),0.9505294374145594,0.9285596978157333,False,True
short,3,vote,vote(sma_regime+vol_regime+rsi),vote(sma_regime+vol_regime+zscore),0.9498898238727513,0.9255231504366452,False,True
short,3,vote,vote(sma_regime+vol_regime+bb_reversion),vote(sma_regime+vol_regime+zscore),0.9948475218583994,0.990184260375409,False,True
short,3,vote,vote(sma_regime+breakout+rsi),vote(sma_regime+breakout+bb_reversion),0.9286989208358594,0.9426183844011142,False,True
short,3,vote,vote(sma_regime+breakout+rsi),vote(sma_regime+breakout+zscore),0.9281418171823683,0.9396900739913444,False,True
short,3,vote,vote(sma_regime+breakout+bb_reversion),vote(sma_regime+breakout+zscore),0.9927343934905553,0.992181844505574,False,True
short,3,vote,vote(sma_regime+bb_breakout+rsi),vote(sma_regime+bb_breakout+bb_reversion),0.9329375013324923,0.9343197946549902,False,True
short,3,vote,vote(sma_regime+bb_breakout+rsi),vote(sma_regime+bb_breakout+zscore),0.932263622154677,0.9315462668484022,False,True
short,3,vote,vote(sma_regime+bb_breakout+bb_reversion),vote(sma_regime+bb_breakout+zscore),0.9931065516905864,0.991010881564422,False,True
short,3,vote,vote(sma_regime+keltner+rsi),vote(sma_regime+keltner+bb_reversion),0.9188022913762951,0.9291415539990227,False,True
short,3,vote,vote(sma_regime+keltner+rsi),vote(sma_regime+keltner+zscore),0.9177886617322397,0.9261317208694231,False,True
short,3,vote,vote(sma_regime+keltner+bb_reversion),vote(sma_regime+keltner+zscore),0.9915644552394143,0.9902680553184224,False,True
short,3,vote,vote(sma_regime+rsi+stochastic),vote(sma_regime+stochastic+bb_reversion),0.9480944384820508,0.9652996845425867,False,True
short,3,vote,vote(sma_regime+rsi+stochastic),vote(sma_regime+stochastic+zscore),0.9471884917338781,0.9638287790238509,False,True
short,3,vote,vote(sma_regime+stochastic+bb_reversion),vote(sma_regime+stochastic+zscore),0.9944837884077531,0.9956507731958762,False,True
short,3,vote,vote(sma_regime+rsi+vwap_reversion),vote(sma_regime+bb_reversion+vwap_reversion),0.9543222262329368,0.9770278833967047,False,True
short,3,vote,vote(sma_regime+rsi+vwap_reversion),vote(sma_regime+zscore+vwap_reversion),0.9535098846444595,0.9780952380952381,False,True
short,3,vote,vote(sma_regime+bb_reversion+vwap_reversion),vote(sma_regime+zscore+vwap_reversion),0.9950535983189306,0.9972817396866006,False,True
short,3,vote,vote(sma_regime+rsi+ou_reversion),vote(sma_regime+bb_reversion+ou_reversion),0.9420585820324283,0.9392346854984398,False,True
short,3,vote,vote(sma_regime+rsi+ou_reversion),vote(sma_regime+zscore+ou_reversion),0.9413930102231358,0.9362333168561542,False,True
short,3,vote,vote(sma_regime+bb_reversion+ou_reversion),vote(sma_regime+zscore+ou_reversion),0.994082643556291,0.990184260375409,False,True
short,3,vote,vote(sma_regime+rsi+obv_trend),vote(sma_regime+bb_reversion+obv_trend),0.9244664648307368,0.957388939256573,False,True
short,3,vote,vote(sma_regime+rsi+obv_trend),vote(sma_regime+zscore+obv_trend),0.924050968848181,0.954574951330305,False,True
short,3,vote,vote(sma_regime+bb_reversion+obv_trend),vote(sma_regime+zscore+obv_trend),0.9922989418725033,0.9929446219382322,False,True
short,3,vote,vote(adx_trend+hurst_switch+rsi),vote(adx_trend+hurst_switch+bb_reversion),0.8941579116017967,0.9052557567235014,False,True
short,3,vote,vote(adx_trend+hurst_switch+rsi),vote(adx_trend+hurst_switch+zscore),0.8928509903859883,0.9025595763459842,False,True
short,3,vote,vote(adx_trend+hurst_switch+bb_reversion),vote(adx_trend+hurst_switch+zscore),0.9892085656854488,0.9885165662650602,False,True
short,3,vote,vote(adx_trend+vol_regime+rsi),vote(adx_trend+vol_regime+bb_reversion),0.9192869523871114,0.92663172939495,False,True
short,3,vote,vote(adx_trend+vol_regime+rsi),vote(adx_trend+vol_regime+zscore),0.9184371547099628,0.9241313356710232,False,True
short,3,vote,vote(adx_trend+vol_regime+bb_reversion),vote(adx_trend+vol_regime+zscore),0.9917156722382086,0.9899766120948881,False,True
short,3,vote,vote(adx_trend+breakout+rsi),vote(adx_trend+breakout+bb_reversion),0.9357335520377825,0.9183081386471217,False,True
short,3,vote,vote(adx_trend+breakout+rsi),vote(adx_trend+breakout+zscore),0.9351739253795965,0.9155943627450981,False,True
short,3,vote,vote(adx_trend+breakout+bb_reversion),vote(adx_trend+breakout+zscore),0.9934834956227938,0.9906042442896484,False,True
short,3,vote,vote(adx_trend+bb_breakout+rsi),vote(adx_trend+bb_breakout+bb_reversion),0.9366072828342006,0.9064386317907445,False,True
short,3,vote,vote(adx_trend+bb_breakout+rsi),vote(adx_trend+bb_breakout+zscore),0.9359412770211832,0.9038720538720538,False,True
short,3,vote,vote(adx_trend+bb_breakout+bb_reversion),vote(adx_trend+bb_breakout+zscore),0.9935332891471462,0.989068100358423,False,True
short,3,vote,vote(adx_trend+keltner+rsi),vote(adx_trend+keltner+bb_reversion),0.9136581428674786,0.8990228013029316,False,True
short,3,vote,vote(adx_trend+keltner+rsi),vote(adx_trend+keltner+zscore),0.9125581594371592,0.8962195565249,False,True
short,3,vote,vote(adx_trend+keltner+bb_reversion),vote(adx_trend+keltner+zscore),0.9911552800341928,0.9881369117075068,False,True
short,3,vote,vote(adx_trend+rsi+stochastic),vote(adx_trend+stochastic+bb_reversion),0.9402842251952055,0.9511533242876526,False,True
short,3,vote,vote(adx_trend+rsi+stochastic),vote(adx_trend+stochastic+zscore),0.9391881357866463,0.9498725573491928,False,True
short,3,vote,vote(adx_trend+stochastic+bb_reversion),vote(adx_trend+stochastic+zscore),0.9937207960595565,0.9949247462373119,False,True
short,3,vote,vote(adx_trend+rsi+vwap_reversion),vote(adx_trend+bb_reversion+vwap_reversion),0.9446918740510181,0.9721569942972157,False,True
short,3,vote,vote(adx_trend+rsi+vwap_reversion),vote(adx_trend+zscore+vwap_reversion),0.9436537564749468,0.9732773109243698,False,True
short,3,vote,vote(adx_trend+bb_reversion+vwap_reversion),vote(adx_trend+zscore+vwap_reversion),0.994059530165708,0.9971117906897723,False,True
short,3,vote,vote(adx_trend+rsi+ou_reversion),vote(adx_trend+bb_reversion+ou_reversion),0.9347109804730543,0.9115188953488372,False,True
short,3,vote,vote(adx_trend+rsi+ou_reversion),vote(adx_trend+zscore+ou_reversion),0.9339700269657774,0.9087591240875912,False,True
short,3,vote,vote(adx_trend+bb_reversion+ou_reversion),vote(adx_trend+zscore+ou_reversion),0.9933902604708199,0.9880859375,False,True
short,3,vote,vote(adx_trend+rsi+obv_trend),vote(adx_trend+bb_reversion+obv_trend),0.9266641528494526,0.9434296619411123,False,True
short,3,vote,vote(adx_trend+rsi+obv_trend),vote(adx_trend+zscore+obv_trend),0.9262659881155982,0.9409513395297977,False,True
short,3,vote,vote(adx_trend+bb_reversion+obv_trend),vote(adx_trend+zscore+obv_trend),0.9925875595494202,0.9919183326244151,False,True
short,3,vote,vote(hurst_switch+vol_regime+rsi),vote(hurst_switch+vol_regime+bb_reversion),0.9144997992612688,0.9027374533388636,False,True
short,3,vote,vote(hurst_switch+vol_regime+rsi),vote(hurst_switch+vol_regime+zscore),0.9131761087152963,0.8993540320900187,False,True
short,3,vote,vote(hurst_switch+vol_regime+bb_reversion),vote(hurst_switch+vol_regime+zscore),0.99104451294902,0.9866991797827532,False,True
short,3,vote,vote(hurst_switch+breakout+rsi),vote(hurst_switch+breakout+bb_reversion),0.882332566032611,0.9136217948717948,False,True
short,3,vote,vote(hurst_switch+breakout+rsi),vote(hurst_switch+breakout+zscore),0.8809894846501466,0.9107573564881813,False,True
short,3,vote,vote(hurst_switch+breakout+bb_reversion),vote(hurst_switch+breakout+zscore),0.9880587189762444,0.9901108269394714,False,True
short,3,vote,vote(hurst_switch+bb_breakout+rsi),vote(hurst_switch+bb_breakout+bb_reversion),0.8932446447405817,0.8942127019917324,False,True
short,3,vote,vote(hurst_switch+bb_breakout+rsi),vote(hurst_switch+bb_breakout+zscore),0.8917586024635376,0.8912797281993206,False,True
short,3,vote,vote(hurst_switch+bb_breakout+bb_reversion),vote(hurst_switch+bb_breakout+zscore),0.9890215283723723,0.9876468205751316,False,True
short,3,vote,vote(hurst_switch+keltner+rsi),vote(hurst_switch+keltner+bb_reversion),0.8916775157442978,0.8570703224168571,False,True
short,3,vote,vote(hurst_switch+keltner+rsi),vote(hurst_switch+keltner+zscore),0.8897155328344395,0.8528735632183908,False,True
short,3,vote,vote(hurst_switch+keltner+bb_reversion),vote(hurst_switch+keltner+zscore),0.9886836543408816,0.9828410689170183,False,True
short,3,vote,vote(hurst_switch+rsi+stochastic),vote(hurst_switch+stochastic+bb_reversion),0.9532002380698374,0.9245333333333333,False,True
short,3,vote,vote(hurst_switch+rsi+stochastic),vote(hurst_switch+stochastic+zscore),0.9522879851619851,0.9224391548542391,False,True
short,3,vote,vote(hurst_switch+stochastic+bb_reversion),vote(hurst_switch+stochastic+zscore),0.9950305628258006,0.9918676388109927,False,True
short,3,vote,vote(hurst_switch+rsi+vwap_reversion),vote(hurst_switch+bb_reversion+vwap_reversion),0.9596981073459523,0.9527243589743589,False,True
short,3,vote,vote(hurst_switch+rsi+vwap_reversion),vote(hurst_switch+zscore+vwap_reversion),0.9589465706084546,0.9544480171489818,False,True
short,3,vote,vote(hurst_switch+bb_reversion+vwap_reversion),vote(hurst_switch+zscore+vwap_reversion),0.9956548898885498,0.9953627932351337,False,True
short,3,vote,vote(hurst_switch+rsi+ou_reversion),vote(hurst_switch+bb_reversion+ou_reversion),0.9463268714520686,0.8536953242835595,False,True
short,3,vote,vote(hurst_switch+rsi+ou_reversion),vote(hurst_switch+zscore+ou_reversion),0.9454383820695925,0.8486782133090246,False,True
short,3,vote,vote(hurst_switch+bb_reversion+ou_reversion),vote(hurst_switch+zscore+ou_reversion),0.9944871514861605,0.9791879904469465,False,True
short,3,vote,vote(hurst_switch+rsi+obv_trend),vote(hurst_switch+bb_reversion+obv_trend),0.8744118073243189,0.9416725228390724,False,True
short,3,vote,vote(hurst_switch+rsi+obv_trend),vote(hurst_switch+zscore+obv_trend),0.8734678567871363,0.9391120507399577,False,True
short,3,vote,vote(hurst_switch+bb_reversion+obv_trend),vote(hurst_switch+zscore+obv_trend),0.9872118625468582,0.9916556873078612,False,True
short,3,vote,vote(vol_regime+breakout+rsi),vote(vol_regime+breakout+bb_reversion),0.9148722766222803,0.9312453392990305,False,True
short,3,vote,vote(vol_regime+breakout+rsi),vote(vol_regime+breakout+zscore),0.9140356650285166,0.9284966342557965,False,True
short,3,vote,vote(vol_regime+breakout+bb_reversion),vote(vol_regime+breakout+zscore),0.9912850890854539,0.9910895732374551,False,True
short,3,vote,vote(vol_regime+bb_breakout+rsi),vote(vol_regime+bb_breakout+bb_reversion),0.9185434375441534,0.9193870752831446,False,True
short,3,vote,vote(vol_regime+bb_breakout+rsi),vote(vol_regime+bb_breakout+zscore),0.9175765058346695,0.9167363317171041,False,True
short,3,vote,vote(vol_regime+bb_breakout+bb_reversion),vote(vol_regime+bb_breakout+zscore),0.991578148033937,0.9894496219447864,False,True
short,3,vote,vote(vol_regime+keltner+rsi),vote(vol_regime+keltner+bb_reversion),0.9075393491397459,0.9044233807266983,False,True
short,3,vote,vote(vol_regime+keltner+rsi),vote(vol_regime+keltner+zscore),0.9061516791531744,0.9012100773656021,False,True
short,3,vote,vote(vol_regime+keltner+bb_reversion),vote(vol_regime+keltner+zscore),0.9903039618846267,0.9873604381714767,False,True
short,3,vote,vote(vol_regime+rsi+stochastic),vote(vol_regime+stochastic+bb_reversion),0.9547968434402045,0.9476578411405295,False,True
short,3,vote,vote(vol_regime+rsi+stochastic),vote(vol_regime+stochastic+zscore),0.9539713894203,0.9459183673469388,False,True
short,3,vote,vote(vol_regime+stochastic+bb_reversion),vote(vol_regime+stochastic+zscore),0.9951843544990163,0.9941077441077442,False,True
short,3,vote,vote(vol_regime+rsi+vwap_reversion),vote(vol_regime+bb_reversion+vwap_reversion),0.9594380890999267,0.9674994921795653,False,True
short,3,vote,vote(vol_regime+rsi+vwap_reversion),vote(vol_regime+zscore+vwap_reversion),0.9587082395819353,0.9688454489920586,False,True
short,3,vote,vote(vol_regime+bb_reversion+vwap_reversion),vote(vol_regime+zscore+vwap_reversion),0.9956048040767257,0.9964962901896125,False,True
short,3,vote,vote(vol_regime+rsi+ou_reversion),vote(vol_regime+bb_reversion+ou_reversion),0.9482386503022258,0.9083735203857957,False,True
short,3,vote,vote(vol_regime+rsi+ou_reversion),vote(vol_regime+zscore+ou_reversion),0.9474935343650348,0.9048248512888302,False,True
short,3,vote,vote(vol_regime+bb_reversion+ou_reversion),vote(vol_regime+zscore+ou_reversion),0.9946768774865173,0.9858657243816255,False,True
short,3,vote,vote(vol_regime+rsi+obv_trend),vote(vol_regime+bb_reversion+obv_trend),0.9133303680464075,0.95168951010992,False,True
short,3,vote,vote(vol_regime+rsi+obv_trend),vote(vol_regime+zscore+obv_trend),0.9126715889074143,0.9491156462585034,False,True
short,3,vote,vote(vol_regime+bb_reversion+obv_trend),vote(vol_regime+zscore+obv_trend),0.9910997527493746,0.9921601567968641,False,True
short,3,vote,vote(breakout+bb_breakout+rsi),vote(breakout+bb_breakout+bb_reversion),0.937312443409501,0.9103260869565217,False,True
short,3,vote,vote(breakout+bb_breakout+rsi),vote(breakout+bb_breakout+zscore),0.9366686838075851,0.907457898957498,False,True
short,3,vote,vote(breakout+bb_breakout+bb_reversion),vote(breakout+bb_breakout+zscore),0.9936104293843849,0.9901259788900239,False,True
short,3,vote,vote(breakout+keltner+rsi),vote(breakout+keltner+bb_reversion),0.9024107186642463,0.9084530026109661,False,True
short,3,vote,vote(breakout+keltner+rsi),vote(breakout+keltner+zscore),0.9012551087435362,0.9055182577370231,False,True
short,3,vote,vote(breakout+keltner+bb_reversion),vote(breakout+keltner+zscore),0.9900445880630443,0.9899060215802298,False,True
short,3,vote,vote(breakout+rsi+stochastic),vote(breakout+stochastic+bb_reversion),0.928710485419045,0.9581865523051003,False,True
short,3,vote,vote(breakout+rsi+stochastic),vote(breakout+stochastic+zscore),0.927390756754817,0.9566017481981292,False,True
short,3,vote,vote(breakout+stochastic+bb_reversion),vote(breakout+stochastic+zscore),0.9925040648986889,0.9959068010075567,False,True
short,3,vote,vote(breakout+rsi+vwap_reversion),vote(breakout+bb_reversion+vwap_reversion),0.9369111331333438,0.9754262018123177,False,True
short,3,vote,vote(breakout+rsi+vwap_reversion),vote(breakout+zscore+vwap_reversion),0.9357120673447287,0.9760073823438942,False,True
short,3,vote,vote(breakout+bb_reversion+vwap_reversion),vote(breakout+zscore+vwap_reversion),0.9932073831007084,0.9978260869565218,False,True
short,3,vote,vote(breakout+rsi+ou_reversion),vote(breakout+bb_reversion+ou_reversion),0.9269593608721062,0.9199144877487255,False,True
short,3,vote,vote(breakout+rsi+ou_reversion),vote(breakout+zscore+ou_reversion),0.9262035644958043,0.916996699669967,False,True
short,3,vote,vote(breakout+bb_reversion+ou_reversion),vote(breakout+zscore+ou_reversion),0.9926387029057036,0.989822775925601,False,True
short,3,vote,vote(breakout+rsi+obv_trend),vote(breakout+bb_reversion+obv_trend),0.9278397928962834,0.9455179817498658,False,True
short,3,vote,vote(breakout+rsi+obv_trend),vote(breakout+zscore+obv_trend),0.927464399846636,0.9428302394404089,False,True
short,3,vote,vote(breakout+bb_reversion+obv_trend),vote(breakout+zscore+obv_trend),0.9927121171329393,0.9923334262614999,False,True
short,3,vote,vote(bb_breakout+keltner+rsi),vote(bb_breakout+keltner+bb_reversion),0.9143585966314595,0.8863857059623228,False,True
short,3,vote,vote(bb_breakout+keltner+rsi),vote(bb_breakout+keltner+zscore),0.9131516711585401,0.8833170731707317,False,True
short,3,vote,vote(bb_breakout+keltner+bb_reversion),vote(bb_breakout+keltner+zscore),0.9911624602448648,0.9871794871794872,False,True
short,3,vote,vote(bb_breakout+rsi+stochastic),vote(bb_breakout+stochastic+bb_reversion),0.9391285222982828,0.9470776906628653,False,True
short,3,vote,vote(bb_breakout+rsi+stochastic),vote(bb_breakout+stochastic+zscore),0.9379827891641577,0.9457239778610962,False,True
short,3,vote,vote(bb_breakout+stochastic+bb_reversion),vote(bb_breakout+stochastic+zscore),0.9935591129949674,0.9946553630667158,False,True
short,3,vote,vote(bb_breakout+rsi+vwap_reversion),vote(bb_breakout+bb_reversion+vwap_reversion),0.9460395863728562,0.9673971138428648,False,True
short,3,vote,vote(bb_breakout+rsi+vwap_reversion),vote(bb_breakout+zscore+vwap_reversion),0.9450242407262874,0.9685770398143189,False,True
short,3,vote,vote(bb_breakout+bb_reversion+vwap_reversion),vote(bb_breakout+zscore+vwap_reversion),0.9941696981117127,0.9969280809541019,False,True
short,3,vote,vote(bb_breakout+rsi+ou_reversion),vote(bb_breakout+bb_reversion+ou_reversion),0.9346805790949502,0.9026911076443058,False,True
short,3,vote,vote(bb_breakout+rsi+ou_reversion),vote(bb_breakout+zscore+ou_reversion),0.9338529812338956,0.8996865203761756,False,True
short,3,vote,vote(bb_breakout+bb_reversion+ou_reversion),vote(bb_breakout+zscore+ou_reversion),0.9933621576904248,0.9871226514671733,False,True
short,3,vote,vote(bb_breakout+rsi+obv_trend),vote(bb_breakout+bb_reversion+obv_trend),0.9257036578180543,0.9402234636871508,False,True
short,3,vote,vote(bb_breakout+rsi+obv_trend),vote(bb_breakout+zscore+obv_trend),0.9251845362894807,0.9376750700280112,False,True
short,3,vote,vote(bb_breakout+bb_reversion+obv_trend),vote(bb_breakout+zscore+obv_trend),0.9924477071868443,0.9917066783064165,False,True
short,3,vote,vote(keltner+rsi+stochastic),vote(keltner+stochastic+bb_reversion),0.9477852846627058,0.9283474065138722,False,True
short,3,vote,vote(keltner+rsi+stochastic),vote(keltner+stochastic+zscore),0.9467613932747637,0.926463473633285,False,True
short,3,vote,vote(keltner+stochastic+bb_reversion),vote(keltner+stochastic+zscore),0.9944394404706268,0.9926749179085628,False,True
short,3,vote,vote(keltner+rsi+vwap_reversion),vote(keltner+bb_reversion+vwap_reversion),0.9544659838582955,0.9558610709117221,False,True
short,3,vote,vote(keltner+rsi+vwap_reversion),vote(keltner+zscore+vwap_reversion),0.95361130114679,0.957426221577165,False,True
short,3,vote,vote(keltner+bb_reversion+vwap_reversion),vote(keltner+zscore+vwap_reversion),0.9950646451264201,0.9958200147528891,False,True
short,3,vote,vote(keltner+rsi+ou_reversion),vote(keltner+bb_reversion+ou_reversion),0.9401304902691221,0.8636984430483474,False,True
short,3,vote,vote(keltner+rsi+ou_reversion),vote(keltner+zscore+ou_reversion),0.9391619985621351,0.8592246356887545,False,True
short,3,vote,vote(keltner+bb_reversion+ou_reversion),vote(keltner+zscore+ou_reversion),0.9938602185662853,0.9813455657492355,False,True
short,3,vote,vote(keltner+rsi+obv_trend),vote(keltner+bb_reversion+obv_trend),0.8926427943446604,0.9390400227887765,False,True
short,3,vote,vote(keltner+rsi+obv_trend),vote(keltner+zscore+obv_trend),0.8917424929021336,0.9364376517640337,False,True
short,3,vote,vote(keltner+bb_reversion+obv_trend),vote(keltner+zscore+obv_trend),0.9890237846791793,0.9915354915354916,False,True
short,3,vote,vote(rsi+stochastic+vwap_reversion),vote(stochastic+bb_reversion+vwap_reversion),0.9775936644481716,0.9640365002683843,False,True
short,3,vote,vote(rsi+stochastic+vwap_reversion),vote(stochastic+zscore+vwap_reversion),0.977208939329603,0.9650443667652595,False,True
short,3,vote,vote(stochastic+bb_reversion+vwap_reversion),vote(stochastic+zscore+vwap_reversion),0.997592381957508,0.9972677595628415,False,True
short,3,vote,vote(rsi+stochastic+ou_reversion),vote(stochastic+bb_reversion+ou_reversion),0.9707721932271153,0.9280258519388954,False,True
short,3,vote,vote(rsi+stochastic+ou_reversion),vote(stochastic+zscore+ou_reversion),0.9702281204577571,0.9257294429708223,False,True
short,3,vote,vote(stochastic+bb_reversion+ou_reversion),vote(stochastic+zscore+ou_reversion),0.9969510798939,0.9909881914232442,False,True
short,3,vote,vote(rsi+stochastic+obv_trend),vote(stochastic+bb_reversion+obv_trend),0.9274744450426549,0.9701574264202601,False,True
short,3,vote,vote(rsi+stochastic+obv_trend),vote(stochastic+zscore+obv_trend),0.9262608359609471,0.9688870614035088,False,True
short,3,vote,vote(stochastic+bb_reversion+obv_trend),vote(stochastic+zscore+obv_trend),0.9923252423449862,0.9962348347510808,False,True
short,3,vote,vote(rsi+vwap_reversion+ou_reversion),vote(bb_reversion+vwap_reversion+ou_reversion),0.9740274281064143,0.9621145374449339,False,True
short,3,vote,vote(rsi+vwap_reversion+ou_reversion),vote(zscore+vwap_reversion+ou_reversion),0.9735474637302071,0.964043619216033,False,True
short,3,vote,vote(bb_reversion+vwap_reversion+ou_reversion),vote(zscore+vwap_reversion+ou_reversion),0.9972666990257855,0.9948887552615755,False,True
short,3,vote,vote(rsi+vwap_reversion+obv_trend),vote(bb_reversion+vwap_reversion+obv_trend),0.9332057539453292,0.9835127401553345,False,True
short,3,vote,vote(rsi+vwap_reversion+obv_trend),vote(zscore+vwap_reversion+obv_trend),0.932010389276854,0.9839039694448234,False,True
short,3,vote,vote(bb_reversion+vwap_reversion+obv_trend),vote(zscore+vwap_reversion+obv_trend),0.9927347823407837,0.9982162458836443,False,True
short,3,vote,vote(rsi+ou_reversion+obv_trend),vote(bb_reversion+ou_reversion+obv_trend),0.9213193123903818,0.946977275975418,False,True
short,3,vote,vote(rsi+ou_reversion+obv_trend),vote(zscore+ou_reversion+obv_trend),0.9207643396867317,0.9443887057474559,False,True
short,3,vote,vote(bb_reversion+ou_reversion+obv_trend),vote(zscore+ou_reversion+obv_trend),0.9920881024819262,0.99150521609538,False,True
