label,kind,horizon,families,mode,rankable,full_return,full_sharpe,full_maxdd,full_trades,full_exposure,is_return,is_sharpe,is_maxdd,is_trades,is_exposure,oos_return,oos_sharpe,oos_maxdd,oos_trades,oos_exposure
buy_and_hold,single,short,baseline,-,False,-0.5719545817507035,-0.8670942712222409,-0.7580228257843878,1,0.9998866598662588,-0.508979132545259,-0.9888288490204836,-0.7002425736668392,1,0.9998380829015545,-0.1288155227670601,-0.5227659216068665,-0.3802831245544353,1,0.9996222138269741
ma_crossover_12_48,single,short,trend,-,True,-0.5836839352950051,-1.7576713047013692,-0.693108017353513,113,0.48248894933696024,-0.597248337667211,-2.489640088063266,-0.6806562461981468,84,0.4787888601036269,0.03367932063554968,0.4878034769640287,-0.11788125296125661,29,0.4911220249338874
macd_6_13_5,single,short,trend,-,True,-0.7488909656568598,-2.614169174840862,-0.7701572927360044,656,0.506177037288904,-0.5643282789336147,-2.015583662583143,-0.6474738262561635,452,0.5080958549222798,-0.42359447097602665,-4.621175806005459,-0.4596402390592259,205,0.5017000377786173
ts_momentum_24,single,short,momentum,-,True,-0.6542343602127293,-2.1111214334857875,-0.7240629407411463,390,0.49019607843137253,-0.577969517602068,-2.2720206173732054,-0.6668471595572254,264,0.4878562176165803,-0.1807093226473473,-1.6769021564647826,-0.23279087827197292,126,0.49565545901020025
sma_regime_168,single,short,regime-filter,-,True,-0.5491932275287056,-1.6987832496726047,-0.6195427409446804,176,0.4322792700895387,-0.5139186363893917,-2.100786173444057,-0.5867494949258704,126,0.4331282383419689,-0.07008492518835518,-0.5191947200765371,-0.15175506530470215,49,0.42992066490366454
breakout_12_6,single,short,breakout,-,True,-0.45180931732956364,-1.2659991676895719,-0.5572185271770624,202,0.37844270656239376,-0.29581241689944837,-0.9363971838807226,-0.48009624990108274,143,0.3714378238341969,-0.2215274795719322,-2.271654688951743,-0.2707059324848963,59,0.3947865508122403
bb_breakout_20_2,single,short,breakout,-,True,-0.288683410333504,-0.8415982295394473,-0.41102860446462636,161,0.26260908987872605,-0.23593910504677018,-0.9011861068653788,-0.3845392170927219,111,0.2598769430051813,-0.06903154661509492,-0.6838008081530582,-0.1585080562171988,50,0.26898375519455986
keltner_12_7_2,single,short,breakout,-,True,-0.030765009810543087,-0.06329099263970281,-0.1643761568337967,52,0.08579848124220787,0.05279239813873948,0.44794079122431985,-0.15361008238552196,39,0.09407383419689119,-0.0793674119389598,-1.9537340419050238,-0.08957158870860299,13,0.06649036645258784
rsi_7_30_55,single,short,oscillator-reversion,-,True,-0.4992802783735337,-1.3406461626194415,-0.6196492116238346,181,0.314858891533492,-0.45917179247930395,-1.6203841460511084,-0.5267821118110767,132,0.32011010362694303,-0.074271779402595,-0.527388758955849,-0.23907061535808063,49,0.3026067245938799
stoch_14_3,single,short,oscillator-reversion,-,True,-0.20714977738604756,-0.38611626300897095,-0.3761385366499544,131,0.2828969738184291,-0.1455571722444896,-0.3110392662881074,-0.33807206887736135,94,0.28303108808290156,-0.07879557916989366,-0.7188613232885805,-0.13936475686134137,37,0.2818284850774462
bb_reversion_20_2,single,short,mean-reversion,-,True,-0.3787593567966916,-0.9261918424087155,-0.5233222775601396,174,0.29196418451773776,-0.3730947708219978,-1.2739360788106604,-0.4461107032656838,122,0.2922603626943005,-0.009154117233103554,0.08612728457093836,-0.18023725532311788,52,0.29127313940309785
zscore_20_-2,single,short,mean-reversion,-,True,-0.3547462691739197,-0.8479773860633427,-0.5379608463628739,167,0.2850504363595149,-0.37257720517108206,-1.2846753353994471,-0.4566143687905369,119,0.28821243523316065,0.02829653452487757,0.44118969961133625,-0.19008491935388946,48,0.2776728371741594
vwap_reversion_20_0.01,single,short,mean-reversion,-,True,-0.5868900011183815,-1.6839580193735977,-0.6583291757106361,226,0.3507877139295024,-0.5045271655946356,-1.7765048199296278,-0.5633289349452918,171,0.36738989637305697,-0.17226040879668691,-1.5161099112179437,-0.2334154689378554,55,0.3112958065734794
grid_48_4_0.03,single,short,mean-reversion,-,True,-0.33500045559953595,-1.5587885747246035,-0.40066129371272546,2361,0.17062935318157782,-0.2707390596253523,-1.5929727819275346,-0.33538270196407804,1667,0.1789616062639149,-0.0882650337037243,-1.5102978006030052,-0.1329599769297786,694,0.1510941271281555
obv_trend_24,single,short,volume-flow,-,True,-0.432775958983476,-0.9582592924118202,-0.5330249317940974,489,0.5173977105292984,-0.232990216482312,-0.4989551438335357,-0.45348690076620707,335,0.5082577720207254,-0.25849249202433744,-2.3310891785791883,-0.2935001831226081,153,0.5383452965621458
voltarget_168_24_0.8,single,short,risk-overlay,-,True,-0.5497872098709845,-1.701952833819811,-0.6195427409446791,176,0.43216592995579733,-0.5145590964812237,-2.1050521142663117,-0.5867494949258691,126,0.4329663212435233,-0.07008492518835518,-0.5191947200765371,-0.15175506530470215,49,0.42992066490366454
all(ma_crossover+ts_momentum),pair,short,trend+momentum,all,True,-0.636689310943376,-2.3409888162004955,-0.7136019755771158,245,0.39238354301258077,-0.5935935635352227,-2.7946761414734484,-0.659170106112119,168,0.39248704663212436,-0.10604100609978484,-1.0045655395065816,-0.21007552945331456,77,0.3921420476010578
any(ma_crossover+ts_momentum),pair,short,trend+momentum,any,True,-0.5993262167663778,-1.606915758706782,-0.6979474178580776,251,0.580301484755752,-0.5790795076503872,-2.0540238322942166,-0.6843096544000887,176,0.5741580310880829,-0.04810102972884578,-0.23305811645348795,-0.18742531051438935,75,0.5946354363430298
all(ma_crossover+sma_regime),pair,short,trend+regime-filter,all,True,-0.4101792090513735,-1.3071340731094638,-0.5018917710187415,142,0.330386489856058,-0.39626577836014776,-1.7208443250990042,-0.48498345362676776,97,0.327720207253886,-0.023045622051100723,-0.11264837970385902,-0.15599148231214205,45,0.33660748016622594
any(ma_crossover+sma_regime),pair,short,trend+regime-filter,any,True,-0.6894836593078242,-2.1428389639540217,-0.7567205372149041,141,0.5756545392723563,-0.6845709333029424,-2.879740794116277,-0.732743564566414,109,0.571729274611399,-0.012937675780075764,0.08757754693382412,-0.16424446654574687,31,0.584435209671326
all(ma_crossover+breakout),pair,short,trend+breakout,all,True,-0.5495295815730017,-2.232568105992817,-0.5953091966788066,162,0.27462314405530996,-0.5011303509483362,-2.6560264387214896,-0.5396356316084667,117,0.2657059585492228,-0.0970177895501767,-1.0522570985787922,-0.17051135861567648,45,0.2954287873063846
any(ma_crossover+breakout),pair,short,trend+breakout,any,True,-0.4909350965004301,-1.092036449382408,-0.6381715367902844,150,0.586308511844044,-0.42966717904521634,-1.2131585505759566,-0.6035376762536362,108,0.584520725388601,-0.10742484949866027,-0.7477684838151657,-0.18454551074448025,42,0.5904797884397431
all(ma_crossover+bb_breakout),pair,short,trend+breakout,all,True,-0.5429758532700535,-2.510952054751664,-0.5554726743548992,144,0.2219199818655786,-0.4664820970971467,-2.798067199752376,-0.4771270624398706,98,0.21648316062176165,-0.14337617492629018,-1.7706966682978202,-0.18884029293118834,46,0.23460521344918775
any(ma_crossover+bb_breakout),pair,short,trend+breakout,any,True,-0.35204184398528815,-0.6832231558531932,-0.5995928819453576,130,0.5231780573501077,-0.423211866196879,-1.2827432574648048,-0.5903285267302908,97,0.5221826424870466,0.12339023298264284,1.2400676203544498,-0.1310850975571245,33,0.5255005666792595
all(ma_crossover+keltner),pair,short,trend+breakout,all,True,-0.17288941821940285,-0.983125969014482,-0.23194003378470732,52,0.07933809361895047,-0.10596409082721114,-0.7338706430804728,-0.22955806554146171,39,0.08743523316062177,-0.07485753838916298,-1.8727200710825636,-0.0851117020346866,13,0.06044578768417076
any(ma_crossover+keltner),pair,short,trend+breakout,any,True,-0.5121473406598306,-1.3691344216119674,-0.6597079285463581,113,0.48894933696021764,-0.5257305840947477,-1.9504324080494728,-0.6413180403198236,84,0.4854274611398964,0.02864035288674449,0.44137019808558237,-0.12529850706731077,29,0.4971666037023045
all(ma_crossover+rsi),pair,short,trend+oscillator-reversion,all,True,-0.23176703561279688,-1.5571442901809667,-0.2486684345836901,93,0.04816955684007707,-0.21314226781849122,-1.8425938345890869,-0.22718684995951596,67,0.04987046632124352,-0.023669803361617947,-0.6423768472008466,-0.040940226686468364,26,0.04420098224404987
any(ma_crossover+rsi),pair,short,trend+oscillator-reversion,any,True,-0.7146262264916359,-1.7801088455793324,-0.8465890954011627,194,0.7444179984132381,-0.7093336762471201,-2.4201079011292403,-0.8034829371386583,143,0.7422279792746114,-0.018325565398016996,0.1197947405634247,-0.295221215092205,51,0.7495277672837174
all(ma_crossover+stochastic),pair,short,trend+oscillator-reversion,all,True,-0.2622193459563187,-2.3103040531495176,-0.26802133404246126,69,0.04544939363028448,-0.19665020302036473,-2.131890742340214,-0.21633768867989087,50,0.04776554404145078,-0.08161966702733459,-3.204836294761883,-0.08458506907111242,19,0.04004533434076313
any(ma_crossover+stochastic),pair,short,trend+oscillator-reversion,any,True,-0.5593783759084607,-1.1211604520170406,-0.7287267564683824,169,0.7185764479202086,-0.5794625594664919,-1.6697503311320832,-0.7005946888964172,124,0.7121113989637305,0.04018122202574803,0.5132864251714646,-0.1737261607634242,45,0.7329051756705705
all(ma_crossover+bb_reversion),pair,short,trend+mean-reversion,all,True,-0.10670677997117839,-0.7821616122163478,-0.12675983284026496,81,0.03876232573954437,-0.1081386188806509,-1.0547348763616673,-0.11948267105580566,57,0.03950777202072539,0.0016054500618429834,0.10321894167170594,-0.030620865380210107,24,0.03702304495655459
any(ma_crossover+bb_reversion),pair,short,trend+mean-reversion,any,True,-0.705431418678145,-1.7620781325295793,-0.8378601022754597,196,0.7322906041029128,-0.7124294324643526,-2.4908276980859543,-0.8060303101714493,140,0.7266839378238342,0.024212635799126137,0.40526772167207076,-0.24866261749702556,56,0.7453721193804307
all(ma_crossover+zscore),pair,short,trend+mean-reversion,all,True,-0.10479722943947034,-0.7762960998060866,-0.1197551710290908,77,0.03706222373342401,-0.10399364686750612,-1.0147020891902954,-0.11948267105580566,56,0.038860103626943004,-0.0008968491899157272,0.01569199551647913,-0.030745158228987168,21,0.03286739705326785
any(ma_crossover+zscore),pair,short,trend+mean-reversion,any,True,-0.6951860523152431,-1.714319774999807,-0.8440899752856377,194,0.7270769579508104,-0.7139814283696311,-2.514245186424424,-0.8105889471174518,139,0.7232836787564767,0.0655865815013732,0.6777813266953946,-0.26014315475089134,55,0.735927465054779
all(ma_crossover+vwap_reversion),pair,short,trend+mean-reversion,all,True,-0.2626985600508749,-1.4393828384069582,-0.3223337472539998,132,0.07967811402017454,-0.24064424441291643,-1.6651785134915236,-0.2848396081910314,103,0.09067357512953368,-0.029043456213626584,-0.7037029201908246,-0.053597255245368715,29,0.05402342274272762
any(ma_crossover+vwap_reversion),pair,short,trend+mean-reversion,any,True,-0.7618859263513891,-2.06106858017287,-0.847879984668641,195,0.7506517057690129,-0.7325987526828779,-2.5795548668577277,-0.8087024076825146,142,0.7512953367875648,-0.11596490577369334,-0.5833197440574677,-0.2902870931483253,53,0.7483944087646393
all(ma_crossover+obv_trend),pair,short,trend+volume-flow,all,True,-0.578768386669416,-2.203268172022629,-0.6236368744214934,278,0.3418338433639352,-0.5391780271217664,-2.6691198997613985,-0.5852607551555674,199,0.33549222797927464,-0.08591248221167336,-0.8529466244063498,-0.1555773736814849,79,0.3566301473366075
any(ma_crossover+obv_trend),pair,short,trend+volume-flow,any,True,-0.4321732966945925,-0.7828087212351326,-0.6122003123966848,316,0.6580528165023235,-0.3242603183114974,-0.6837608001628694,-0.540372322798941,215,0.6515544041450777,-0.15744508530409762,-1.090863273503025,-0.25423940218648594,100,0.6728371741594258
all(macd+ts_momentum),pair,short,trend+momentum,all,True,-0.6527721877978836,-3.0312413401133598,-0.6547853234973394,519,0.24198118553779893,-0.45276134105127164,-2.2507765443924055,-0.534807183318583,353,0.24044689119170984,-0.3650453904017936,-5.536232552379844,-0.3881678248290405,166,0.24593879863996979
any(macd+ts_momentum),pair,short,trend+momentum,any,True,-0.7438745484004958,-2.0805819208346192,-0.8332205641262336,512,0.7543919301824776,-0.6585908668840875,-2.1612301005554877,-0.7500868494002976,353,0.7555051813471503,-0.2502821910302173,-1.9086932000944488,-0.3941334378978011,160,0.7514166981488477
all(macd+sma_regime),pair,short,trend+regime-filter,all,True,-0.6021544140850601,-2.869575727439278,-0.6184215715773526,381,0.21024594809021874,-0.4519077434723857,-2.497397287391764,-0.526281740099492,263,0.21373056994818654,-0.272182147105559,-3.978114331017177,-0.29982859429702596,117,0.20173781639591992
any(macd+sma_regime),pair,short,trend+regime-filter,any,True,-0.7112407838252885,-1.9453555434942835,-0.7740125370725995,441,0.7189164683214326,-0.6078860403617881,-1.9322742024565849,-0.6760282826642318,305,0.7142163212435233,-0.26405768365346516,-2.0529428942788255,-0.3736509543133866,137,0.7295051001133358
all(macd+breakout),pair,short,trend+breakout,all,True,-0.45275387012883417,-1.72298761552844,-0.4542678242976324,357,0.21976651932449282,-0.2211564876092844,-0.8628089197672588,-0.34713107342122457,244,0.21988341968911918,-0.2968670686784318,-4.522985160573298,-0.32470645412851623,113,0.21987155270117115
any(macd+breakout),pair,short,trend+breakout,any,True,-0.748457548720012,-2.2516902145581743,-0.808340851083601,501,0.664853224526805,-0.6060895270973405,-1.9849638767085094,-0.7127485971039071,351,0.6596502590673575,-0.36183352396169577,-3.135668543775503,-0.41126944216202926,151,0.6766150358896864
all(macd+bb_breakout),pair,short,trend+breakout,all,True,-0.26946074436243883,-1.0284644808141916,-0.28512088730517027,251,0.14654879292757567,-0.11287212227132914,-0.45854299074815213,-0.28512088730517027,168,0.14540155440414507,-0.1759334665861807,-2.6770050600078052,-0.20779241354393282,83,0.14960332451832262
any(macd+bb_breakout),pair,short,trend+breakout,any,True,-0.7554983930500416,-2.4237124811192055,-0.8113660358643855,566,0.6222373342400545,-0.6247669209132791,-2.2028404402926554,-0.6996025859437488,395,0.622571243523316,-0.34882034141715734,-3.203970178995955,-0.42520289201892153,172,0.6210804684548545
all(macd+keltner),pair,short,trend+breakout,all,True,-0.10990946562998816,-0.7046396374171298,-0.16664998784446108,79,0.043975971891646835,-0.0037365873785358827,0.04787053727526875,-0.10122715323655196,60,0.04938471502590674,-0.10657109044291757,-3.284191428110276,-0.1180580562777303,19,0.03135625236116358
any(macd+keltner),pair,short,trend+breakout,any,True,-0.7254990040616898,-2.3386795182099354,-0.7644190378468764,629,0.5469794854357928,-0.5378163102515744,-1.7730680801077596,-0.6646668153255172,431,0.5513277202072538,-0.4064606262704984,-4.270665552569261,-0.4406692398099485,199,0.5364563656970155
all(macd+rsi),pair,short,trend+oscillator-reversion,all,True,-0.42806707362921925,-1.8836028429689986,-0.5168899858729042,260,0.14394196985152444,-0.30304511681390955,-1.5904084345883944,-0.3773290169014773,181,0.14718264248704663,-0.17948112615573897,-2.8604717207747052,-0.23946898298081795,79,0.13638080846241027
any(macd+rsi),pair,short,trend+oscillator-reversion,any,True,-0.7531274247809638,-2.064552511548595,-0.78093120748617,535,0.6734670746911481,-0.6257850696963649,-1.8925204692872735,-0.722234875902093,370,0.6758419689119171,-0.3402537841330372,-2.6616369101014654,-0.3965577011868688,166,0.6679259539100869
all(macd+stochastic),pair,short,trend+oscillator-reversion,all,True,-0.3620782981153756,-1.4493959621763444,-0.43905976796754287,248,0.1539159016207639,-0.2647118770255955,-1.2804020167554202,-0.3580315714100777,174,0.1559261658031088,-0.13869355759430468,-2.1899622221674124,-0.17378755502681978,74,0.14846996599924442
any(macd+stochastic),pair,short,trend+oscillator-reversion,any,True,-0.6864038462658686,-1.7964389128330533,-0.7205081403750956,536,0.6351581094865691,-0.4912909744447147,-1.3054615531948455,-0.6114243192561142,369,0.6352007772020726,-0.3835094045683529,-3.4144206481960193,-0.4335555459359271,168,0.635058556856819
all(macd+bb_reversion),pair,short,trend+mean-reversion,all,True,-0.46017252126909325,-2.2108072577100986,-0.5513448249038612,248,0.1362348407571121,-0.33169896745075744,-1.9022403599739155,-0.4013632960717459,168,0.13779145077720206,-0.1923354963861289,-3.2272278583136425,-0.26535274664256264,80,0.1326029467321496
any(macd+bb_reversion),pair,short,trend+mean-reversion,any,True,-0.6898151751488325,-1.717403590454373,-0.7168300439846468,535,0.6602062790434092,-0.5717282798206792,-1.628312442833629,-0.6803907939423386,374,0.6601360103626943,-0.27568693228376273,-2.0436641233191923,-0.32901172743877705,162,0.6603702304495656
all(macd+zscore),pair,short,trend+mean-reversion,all,True,-0.46117763515246,-2.2329858454838547,-0.5578439945924434,243,0.13408137821602628,-0.3413799029546484,-1.9906377187461792,-0.41003508174725944,167,0.13681994818652848,-0.18198969289627775,-3.0442142986016734,-0.26535274664256264,76,0.12769172648281074
any(macd+zscore),pair,short,trend+mean-reversion,any,True,-0.6808194010433104,-1.6767853501660304,-0.7086177371478859,540,0.6554459934262722,-0.56715706028646,-1.6099026081728756,-0.6818925082735198,375,0.657059585492228,-0.2625521414774522,-1.9364908992408068,-0.3168439356559123,166,0.651681148469966
all(macd+vwap_reversion),pair,short,trend+mean-reversion,all,True,-0.5246528365539492,-2.584141916512532,-0.5760405520635532,278,0.14008840530431826,-0.3674564381522143,-2.0605600213912196,-0.4431306900194571,197,0.14540155440414507,-0.25394930970221863,-4.549838936307165,-0.25903058566650716,81,0.1269361541367586
any(macd+vwap_reversion),pair,short,trend+mean-reversion,any,True,-0.7427096988153017,-1.9213046470395618,-0.7766170038949085,505,0.7157429445766746,-0.6115743617539535,-1.7359487595494436,-0.6793752072414685,349,0.7284650259067358,-0.33756892274773276,-2.562700549747757,-0.3961074254468946,157,0.6860596902153381
all(macd+obv_trend),pair,short,trend+volume-flow,all,True,-0.5339690030576187,-1.8747739821636695,-0.5351932196062443,588,0.2969511504023575,-0.2783710692542941,-0.9698513545017572,-0.42859646503640086,403,0.29436528497409326,-0.3520109891990981,-4.766232322342316,-0.37355603620904476,184,0.3029845107669059
any(macd+obv_trend),pair,short,trend+volume-flow,any,True,-0.6899326727899651,-1.7803263546980879,-0.7726813453490575,548,0.7266235974158449,-0.5332109117327195,-1.491529655172843,-0.6762657063887368,379,0.7219883419689119,-0.336172048224076,-2.716913114133029,-0.39066185193736525,170,0.7370608235738572
all(ts_momentum+sma_regime),pair,short,momentum+regime-filter,all,True,-0.4781723035550244,-1.6235382087372572,-0.5381270216420209,247,0.31508557180097474,-0.4178919275109174,-1.815558742224804,-0.489946069724992,161,0.3165479274611399,-0.103555299940007,-1.0832891298625913,-0.15801774366779425,86,0.31167359274650547
any(ts_momentum+sma_regime),pair,short,momentum+regime-filter,any,True,-0.7151505117753829,-2.2813876597725766,-0.7614108590893851,317,0.5982092258868865,-0.6639379494011861,-2.666019946737023,-0.714310368794298,227,0.591321243523316,-0.15011963206219936,-1.1432300358842138,-0.22249736376626206,89,0.6139025311673593
all(ts_momentum+breakout),pair,short,momentum+breakout,all,True,-0.3728309623108593,-1.0818439791671652,-0.5141461444454051,246,0.3172390343420605,-0.3631014128516392,-1.4407647519153313,-0.46971037015808775,174,0.31379533678756477,-0.015276450059000801,-0.019924762359556657,-0.13976781612178954,72,0.3252738949754439
any(ts_momentum+breakout),pair,short,momentum+breakout,any,True,-0.6972921073489821,-2.207630028527055,-0.7670812455765781,345,0.5513997506517058,-0.5326343723983528,-1.8158475015146123,-0.6692266366455925,232,0.5454987046632125,-0.35231032242484983,-3.4987187128117556,-0.39550767934873765,113,0.5651681148469966
all(ts_momentum+bb_breakout),pair,short,momentum+breakout,all,True,-0.4235392088777481,-1.511531782158161,-0.49611456387593933,177,0.25263515810948656,-0.36074721481521566,-1.6755539126270163,-0.4314089772000741,121,0.2506476683937824,-0.09822717322128283,-1.0680070747506258,-0.1667601396373572,56,0.2572723838307518
any(ts_momentum+bb_breakout),pair,short,momentum+breakout,any,True,-0.5726636178646807,-1.6162594269410355,-0.6731087552653409,373,0.500170010200612,-0.49557202478938434,-1.7180750805859648,-0.6357812226206445,254,0.49708549222797926,-0.15282973360688068,-1.3525823350797117,-0.21471998843586093,119,0.5073668303740083
all(ts_momentum+keltner),pair,short,momentum+breakout,all,True,-0.030765009810543087,-0.06329099263970281,-0.1643761568337967,52,0.08579848124220787,0.05279239813873948,0.44794079122431985,-0.15361008238552196,39,0.09407383419689119,-0.0793674119389598,-1.9537340419050238,-0.08957158870860299,13,0.06649036645258784
any(ts_momentum+keltner),pair,short,momentum+breakout,any,True,-0.6542343602127293,-2.1111214334857875,-0.7240629407411463,390,0.49019607843137253,-0.577969517602068,-2.2720206173732054,-0.6668471595572254,264,0.4878562176165803,-0.1807093226473473,-1.6769021564647826,-0.23279087827197292,126,0.49565545901020025
all(ts_momentum+rsi),pair,short,momentum+oscillator-reversion,all,True,-0.2070291229408323,-2.0432478899779944,-0.22088690620422496,70,0.01722770032868639,-0.16044665368315547,-1.9615958249738414,-0.1816866178546912,53,0.018620466321243524,-0.05548482352197737,-2.6144282260790646,-0.07033832279361796,17,0.013978088401964487
any(ts_momentum+rsi),pair,short,momentum+oscillator-reversion,any,True,-0.738199827074636,-1.8418070720716546,-0.8512396871916333,418,0.7842003853564548,-0.6842756573358795,-2.1376620886419078,-0.7793562424889298,280,0.7841645077720207,-0.17089410656655168,-0.9854650005916544,-0.3750806746086719,138,0.7842840952021156
all(ts_momentum+stochastic),pair,short,momentum+oscillator-reversion,all,True,-0.19858214369763139,-2.103756243008353,-0.22149536445917029,83,0.024708149155616005,-0.123435718573214,-1.6036840431908315,-0.1759289780818222,56,0.02542098445595855,-0.0857283678067523,-4.113169443425593,-0.09137686569590256,27,0.0230449565545901
any(ts_momentum+stochastic),pair,short,momentum+oscillator-reversion,any,True,-0.642257639635055,-1.4312542940502382,-0.7556496040878002,410,0.7483849030941857,-0.5725158954178828,-1.5743614321603714,-0.6971884125343382,278,0.7454663212435233,-0.16919659646210017,-1.0808630001222206,-0.271934384120106,132,0.7544389875330563
all(ts_momentum+bb_reversion),pair,short,momentum+mean-reversion,all,True,-0.05834186997798585,-0.8451074207693259,-0.07123219750818553,47,0.01144735350787714,-0.06455165045265987,-1.289345989246553,-0.06939310884611495,33,0.010686528497409326,0.006638293260851746,0.4016551152282395,-0.03022475745956895,14,0.013222516055912353
any(ts_momentum+bb_reversion),pair,short,momentum+mean-reversion,any,True,-0.7447484288193329,-1.9191006331603933,-0.8412827339374385,444,0.7690128074351128,-0.6925048953228508,-2.2349931304783173,-0.7779503771076733,298,0.7670012953367875,-0.1699994910517707,-1.0023087656327714,-0.3386590150043934,146,0.7737060823573857
all(ts_momentum+zscore),pair,short,momentum+mean-reversion,all,True,-0.08196603667610747,-1.2622701392468672,-0.08196603667610743,42,0.009973931769239488,-0.06949751384511493,-1.3987292037368306,-0.06949751384511492,32,0.010200777202072539,-0.0133997737958933,-0.8696351634687098,-0.028187618427726137,10,0.009444654325651681
any(ts_momentum+zscore),pair,short,momentum+mean-reversion,any,True,-0.7289285013604151,-1.8310610703537873,-0.842119288917114,444,0.7635724810155275,-0.6911098847957768,-2.235321754261222,-0.7813534540375463,297,0.7634391191709845,-0.12253866811412206,-0.6367519006441255,-0.3319057153764289,147,0.7638836418587079
all(ts_momentum+vwap_reversion),pair,short,momentum+mean-reversion,all,True,-0.23973303108021793,-1.7756936966638652,-0.26440573034019427,126,0.03740224413464808,-0.20224163887013002,-1.808910120876634,-0.23603989899424496,105,0.045174870466321244,-0.04699592512824202,-2.143542976489639,-0.05043638307879395,21,0.01926709482432943
any(ts_momentum+vwap_reversion),pair,short,momentum+mean-reversion,any,True,-0.7802578655803627,-2.0907574982678794,-0.8493885397437239,396,0.8024481468888133,-0.7045104108284104,-2.2436142165902573,-0.7867200455312352,259,0.8084520725388601,-0.2617235350542313,-1.7295129088160093,-0.350115429865141,137,0.7876841707593502
all(ts_momentum+obv_trend),pair,short,momentum+volume-flow,all,True,-0.6132096810206409,-2.1586266510376113,-0.6755264969843552,418,0.3936302844837357,-0.5112989069084521,-2.1574787685853907,-0.6043596409760115,285,0.3864961139896373,-0.20853395982295453,-2.2254502766129063,-0.2459732845250442,133,0.41027578390630903
any(ts_momentum+obv_trend),pair,short,momentum+volume-flow,any,True,-0.4781225266101008,-0.9942206550350328,-0.618453054683238,443,0.6139635044769353,-0.3247884396295325,-0.7325011033502391,-0.5711071244766416,302,0.6096178756476683,-0.22501997525290995,-1.80918368183832,-0.3026153521215984,140,0.623724971666037
all(sma_regime+breakout),pair,short,regime-filter+breakout,all,True,-0.3705561711112315,-1.2522219931158438,-0.4569665044672528,171,0.24198118553779893,-0.2777636295594297,-1.1555165198368362,-0.3771171398048245,115,0.23607512953367876,-0.12847946371794683,-1.5812672901988205,-0.18353603993808124,56,0.2557612391386475
any(sma_regime+breakout),pair,short,regime-filter+breakout,any,True,-0.6054273683099277,-1.6944620477080194,-0.6783310741079098,203,0.5596735804148248,-0.5237008182106955,-1.8308873726879131,-0.6004155611838893,150,0.5555375647668394,-0.16936744237729162,-1.307093920269563,-0.2566206547221536,52,0.5689459765772573
all(sma_regime+bb_breakout),pair,short,regime-filter+breakout,all,True,-0.35747669806954674,-1.3949136660132364,-0.4186919826742742,141,0.19437832936642865,-0.27695420509754276,-1.3785380253110637,-0.36063024666208354,94,0.1952720207253886,-0.11136568878443809,-1.462032992885936,-0.147979473186104,47,0.19229316207026823
any(sma_regime+bb_breakout),pair,short,regime-filter+breakout,any,True,-0.48183269409247154,-1.2375008600698068,-0.5969478481938886,191,0.4928029015074238,-0.46669376744520163,-1.6452765437735737,-0.5466004532134219,138,0.48672279792746115,-0.025784185856509767,-0.041610693996713376,-0.17386550378747376,52,0.5066112580279561
all(sma_regime+keltner),pair,short,regime-filter+breakout,all,True,-0.030497772292600756,-0.07720802815561358,-0.16840614258544986,51,0.07831803241527825,0.011674808017523963,0.18248206739779946,-0.1679510241089585,39,0.08743523316062177,-0.041685905367918163,-1.0517037462281669,-0.06789528573776817,12,0.057045712126936154
any(sma_regime+keltner),pair,short,regime-filter+breakout,any,True,-0.5386316033292188,-1.6217236818910947,-0.6129254087961733,175,0.4379462767766066,-0.48216915849349284,-1.87198987914074,-0.5597571254203595,124,0.4371761658031088,-0.10664976462701437,-0.8894830132728673,-0.1899140098345472,50,0.4393653192293162
all(sma_regime+rsi),pair,short,regime-filter+oscillator-reversion,all,True,-0.16993594902213605,-1.2211896247956529,-0.2513203557145091,88,0.05905020967924742,-0.2113009175021241,-2.1474356102658225,-0.21592690157121655,71,0.0667098445595855,0.052447085837836305,1.4563374392275816,-0.04557591468960957,17,0.04117869285984133
any(sma_regime+rsi),pair,short,regime-filter+oscillator-reversion,any,True,-0.7022220076922072,-1.764638298481641,-0.7889885581623717,231,0.6821942649892326,-0.6425274350611586,-2.03355631744093,-0.7254641955916167,162,0.6781088082901554,-0.16619407419740018,-0.9953297105843856,-0.3227938466076883,69,0.691348696637703
all(sma_regime+stochastic),pair,short,regime-filter+oscillator-reversion,all,True,-0.2887872324148747,-2.0798840791930107,-0.3006563137780635,81,0.06721069930862518,-0.22091197174551958,-2.137553770685537,-0.2521523751035714,61,0.06832901554404146,-0.08467601998093255,-1.8809511912708983,-0.09595869860969024,19,0.06422364941443143
any(sma_regime+stochastic),pair,short,regime-filter+oscillator-reversion,any,True,-0.4960016125143839,-0.9605030615189444,-0.6165360087622108,207,0.6451320412558087,-0.46963091809416113,-1.2260740943219426,-0.5726580014686597,145,0.6437823834196891,-0.058101844328697694,-0.22866586694737404,-0.21461632655343954,63,0.6475255005666792
all(sma_regime+bb_reversion),pair,short,regime-filter+mean-reversion,all,True,-0.07934314094229866,-0.5666320681530381,-0.1892882292712709,72,0.051343080584835096,-0.15556681328708488,-1.6912928930210152,-0.16051969652967127,54,0.056347150259067356,0.09026607852955126,2.5721369800258636,-0.034709824029019946,18,0.039667548167737064
any(sma_regime+bb_reversion),pair,short,regime-filter+mean-reversion,any,True,-0.676785540613037,-1.6760184993464804,-0.7541192590733601,241,0.6675733877365976,-0.6220537767624614,-1.968442198291701,-0.7066003100056563,166,0.6614313471502591,-0.1439958549517052,-0.8384093217641956,-0.2678654820567526,75,0.6815262561390253
all(sma_regime+zscore),pair,short,regime-filter+mean-reversion,all,True,-0.05139147780515829,-0.3445808635889014,-0.16467456122135551,72,0.050889720049869656,-0.12992934396873423,-1.4072977771484199,-0.13503259954884497,54,0.05569948186528497,0.09026607852955126,2.5721369800258636,-0.034709824029019946,18,0.039667548167737064
any(sma_regime+zscore),pair,short,regime-filter+mean-reversion,any,True,-0.6747050324545065,-1.674785419833985,-0.7640269360309058,235,0.6611130001133402,-0.6328874922095373,-2.0449637409170958,-0.7150105243648067,163,0.6580310880829016,-0.11306200569419667,-0.6020659184548314,-0.283943467243669,72,0.6679259539100869
all(sma_regime+vwap_reversion),pair,short,regime-filter+mean-reversion,all,True,-0.32878691713926644,-2.072870237723544,-0.37872784704421414,126,0.08772526351581095,-0.3180893503356641,-2.7271133084087036,-0.33340845370725863,98,0.09844559585492228,-0.01305087434096508,-0.19493473281223084,-0.07781079101499004,27,0.062334718549301095
any(sma_regime+vwap_reversion),pair,short,regime-filter+mean-reversion,any,True,-0.7089655793738462,-1.7856536882464693,-0.7672967753453072,234,0.6901280743511278,-0.6336587046378955,-1.9460873039410682,-0.7055113325100543,164,0.6946243523316062,-0.2125708688394088,-1.4063848942770303,-0.3114276837934501,71,0.6788817529278428
all(sma_regime+obv_trend),pair,short,regime-filter+volume-flow,all,True,-0.46614318486686357,-1.624055848320679,-0.5122580977827711,302,0.2954777286637198,-0.4164221875184736,-1.8793383320681414,-0.4793897965339345,212,0.29533678756476683,-0.08274973420860621,-0.8614362704695598,-0.17678364524390605,89,0.2954287873063846
any(sma_regime+obv_trend),pair,short,regime-filter+volume-flow,any,True,-0.5334587114111431,-1.1946171573513886,-0.6040554094497657,353,0.6467188031281876,-0.3777270585797886,-0.9444146452989797,-0.4709785097536676,239,0.6353626943005182,-0.24825422736982505,-1.930859986437826,-0.2995990304928892,113,0.6728371741594258
all(breakout+rsi),pair,short,breakout+oscillator-reversion,all,False,-0.010515468326868893,-0.23987641581351643,-0.04569287074751213,4,0.002153462541085799,-0.010515468326868893,-0.2867098777894517,-0.04569287074751213,4,0.0030764248704663218,0.0,0.0,0.0,0,0.0
any(breakout+rsi),pair,short,breakout+oscillator-reversion,any,True,-0.6925847489657427,-1.6624526631554921,-0.7721295981231681,321,0.6906947750198346,-0.5888836777228449,-1.6648195695572703,-0.6838542155479939,236,0.6878238341968912,-0.25233193604897575,-1.695110530826823,-0.33874677524784097,85,0.6973932754061202
all(breakout+stochastic),pair,short,breakout+oscillator-reversion,all,False,-0.054918018603175134,-1.6367005458009876,-0.06321842207719842,10,0.0040802448146888826,-0.011952687103129356,-0.6152300122269175,-0.027639871942025104,5,0.0017810880829015544,-0.04348509523706434,-3.1759711503356667,-0.04493145803125487,5,0.009444654325651683
any(breakout+stochastic),pair,short,breakout+oscillator-reversion,any,True,-0.5041934371396057,-0.9485871882826701,-0.6360218913626305,276,0.657259435566134,-0.36006680158201954,-0.7419185367684556,-0.5608609091375439,201,0.6526878238341969,-0.23205409595146043,-1.6797711299895917,-0.28719162860930736,76,0.6671703815640347
all(breakout+bb_reversion),pair,short,breakout+mean-reversion,all,False,-0.009990864284606493,-0.23163419874482977,-0.05578312702742777,6,0.0028335033435339463,-0.013555692284680898,-0.3868817175757423,-0.05578312702742777,5,0.0035621761658031093,0.003613815774689444,1.7026451397552351,-0.0009330492676431531,1,0.001133358519078202
any(breakout+bb_reversion),pair,short,breakout+mean-reversion,any,True,-0.6285450658999007,-1.403533073151764,-0.721715510991621,322,0.6675733877365976,-0.5289645790149069,-1.422984894112653,-0.6395595476458693,228,0.6601360103626943,-0.21150180065990976,-1.3767766782443867,-0.30219502090009814,94,0.6849263316962599
all(breakout+zscore),pair,short,breakout+mean-reversion,all,False,-0.013555692284680898,-0.32368501990055604,-0.05578312702742777,5,0.002493482942309873,-0.013555692284680898,-0.3868817175757423,-0.05578312702742777,5,0.0035621761658031093,0.0,0.0,0.0,0,0.0
any(breakout+zscore),pair,short,breakout+mean-reversion,any,True,-0.6127927981677832,-1.3419702974421381,-0.7302615085226822,316,0.6609996599795988,-0.5285756976610443,-1.4292442065610402,-0.6528855946185873,225,0.6560880829015544,-0.17874202450830456,-1.1129114878703275,-0.31054994458801183,91,0.6724593879863997
all(breakout+vwap_reversion),pair,short,breakout+mean-reversion,all,False,-0.06032132462203976,-0.9100491134668081,-0.09923101175185045,19,0.007367108693188258,-0.032623238231478946,-0.6016182161087323,-0.07267983217506585,17,0.009067357512953367,-0.028632160172965992,-2.353260215752972,-0.028632160172965996,2,0.003400075557234606
any(breakout+vwap_reversion),pair,short,breakout+mean-reversion,any,True,-0.731299029565204,-1.8368459313678402,-0.7895843424791382,341,0.7218633117987079,-0.6105368395477868,-1.7297325189259298,-0.6981359572683806,249,0.7297603626943006,-0.3161578759104512,-2.271466046747714,-0.3593582417768616,93,0.702682281828485
all(breakout+obv_trend),pair,short,breakout+volume-flow,all,True,-0.44588091804353824,-1.3983722727362304,-0.5123107434992428,287,0.3189391363481809,-0.32632026160441596,-1.2387608696790864,-0.4825964381259136,208,0.31023316062176165,-0.17747402753103925,-1.8797186692458339,-0.21630672289120964,79,0.33925198337740836
any(breakout+obv_trend),pair,short,breakout+volume-flow,any,True,-0.43884456537022076,-0.8964025640051994,-0.5760252953788813,404,0.5769012807435113,-0.19825588497565572,-0.3193945155297222,-0.45842794919497537,270,0.5694624352331606,-0.298206697452421,-2.6541199535588893,-0.3425410933087982,133,0.5938798639969777
all(bb_breakout+rsi),pair,short,breakout+oscillator-reversion,all,False,0.0,0.0,0.0,0,0.0,0.0,0.0,0.0,0,0.0,0.0,0.0,0.0,0,0.0
any(bb_breakout+rsi),pair,short,breakout+oscillator-reversion,any,True,-0.622511691129086,-1.4764669778328474,-0.750381063394151,319,0.5762212399410631,-0.5669190515492507,-1.7296828291817807,-0.6613860115617859,227,0.5782059585492227,-0.12846954595850202,-0.7575420907203089,-0.318917270768245,92,0.5715904797884398
all(bb_breakout+stochastic),pair,short,breakout+oscillator-reversion,all,False,0.0,0.0,0.0,0,0.0,0.0,0.0,0.0,0,0.0,0.0,0.0,0.0,0,0.0
any(bb_breakout+stochastic),pair,short,breakout+oscillator-reversion,any,True,-0.4214085239647486,-0.7895977790268385,-0.5576012115784322,276,0.5455060636971552,-0.33556184139720635,-0.7698318875618081,-0.4780449028650144,194,0.5429080310880829,-0.136881424049915,-0.9419569613755556,-0.2350926698234194,83,0.550812240272006
all(bb_breakout+bb_reversion),pair,short,breakout+mean-reversion,all,False,0.0,0.0,0.0,0,0.0,0.0,0.0,0.0,0,0.0,0.0,0.0,0.0,0,0.0
any(bb_breakout+bb_reversion),pair,short,breakout+mean-reversion,any,True,-0.549534791396981,-1.2133700763821753,-0.6908983639387524,323,0.5545732743964638,-0.513280688046885,-1.5175547940942902,-0.6250400383103765,223,0.5521373056994818,-0.07459718435042273,-0.34485104431756824,-0.2654694321010381,100,0.5602568945976577
all(bb_breakout+zscore),pair,short,breakout+mean-reversion,all,False,0.0,0.0,0.0,0,0.0,0.0,0.0,0.0,0,0.0,0.0,0.0,0.0,0,0.0
any(bb_breakout+zscore),pair,short,breakout+mean-reversion,any,True,-0.5321227617052063,-1.1528044874143377,-0.7003907428637848,316,0.547659526238241,-0.5128788582554273,-1.525363555247747,-0.638902894240475,220,0.5480893782383419,-0.039620061078768365,-0.0774752928054371,-0.274264076772608,96,0.5466565923687193
all(bb_breakout+vwap_reversion),pair,short,breakout+mean-reversion,all,False,0.0,0.0,0.0,0,0.0,0.0,0.0,0.0,0,0.0,0.0,0.0,0.0,0,0.0
any(bb_breakout+vwap_reversion),pair,short,breakout+mean-reversion,any,True,-0.6907109628339188,-1.7665139095642792,-0.7743711916372981,355,0.6133968038082285,-0.6053478480383847,-1.8709600829181214,-0.6878553784263691,256,0.6272668393782384,-0.2232110309982026,-1.5594295658679638,-0.3215419907989039,100,0.5802795617680393
all(bb_breakout+obv_trend),pair,short,breakout+volume-flow,all,True,-0.2557100178214481,-0.7511223915973753,-0.37277553586454937,195,0.24322792700895388,-0.17774853834754756,-0.6484246639271436,-0.37277553586454937,139,0.23979922279792745,-0.09481464382832905,-1.0580977656291157,-0.15339840723698042,56,0.2512278050623347
any(bb_breakout+obv_trend),pair,short,breakout+volume-flow,any,True,-0.45703696359697654,-1.0205698801977765,-0.5567799190568048,454,0.5367788733990706,-0.2861300621126732,-0.6781435705554743,-0.4634427268273022,306,0.5283354922279793,-0.23737155802763654,-2.0465564388061144,-0.2857481451002832,147,0.556101246694371
all(keltner+rsi),pair,short,breakout+oscillator-reversion,all,False,0.0,0.0,0.0,0,0.0,0.0,0.0,0.0,0,0.0,0.0,0.0,0.0,0,0.0
any(keltner+rsi),pair,short,breakout+oscillator-reversion,any,True,-0.48634152922766427,-1.1437426634030785,-0.6479921216164999,228,0.39703048849597644,-0.399292567252178,-1.1526279683583145,-0.5382188416557369,168,0.40900259067357514,-0.14501284582368967,-1.152622246878509,-0.2790135489216414,60,0.3690970910464677
all(keltner+stochastic),pair,short,breakout+oscillator-reversion,all,False,0.0,0.0,0.0,0,0.0,0.0,0.0,0.0,0,0.0,0.0,0.0,0.0,0,0.0
any(keltner+stochastic),pair,short,breakout+oscillator-reversion,any,True,-0.22660791721788276,-0.3598067333794374,-0.378292496930928,179,0.36869545506063695,-0.09612086155650956,-0.062250841342823784,-0.306105897428469,130,0.37710492227979275,-0.15055115819639764,-1.4238126791933625,-0.1902777772534337,49,0.348318851530034
all(keltner+bb_reversion),pair,short,breakout+mean-reversion,all,False,0.0,0.0,0.0,0,0.0,0.0,0.0,0.0,0,0.0,0.0,0.0,0.0,0,0.0
any(keltner+bb_reversion),pair,short,breakout+mean-reversion,any,True,-0.39665903427739047,-0.8645771074266225,-0.5760364944620785,222,0.37606256375382524,-0.3397268595583255,-0.9542987511335999,-0.49067030361872965,158,0.38390544041450775,-0.08633429400635473,-0.614867738330389,-0.23038331037441762,64,0.35776350585568567
all(keltner+zscore),pair,short,breakout+mean-reversion,all,False,0.0,0.0,0.0,0,0.0,0.0,0.0,0.0,0,0.0,0.0,0.0,0.0,0,0.0
any(keltner+zscore),pair,short,breakout+mean-reversion,any,True,-0.3733378307553553,-0.7923975828207305,-0.5844245419630327,215,0.3691488155956024,-0.3391817457487579,-0.9610605195858852,-0.5039726726354103,155,0.3798575129533679,-0.0518007941215608,-0.2954033988893344,-0.24728441998220532,60,0.34416320362674724
all(keltner+vwap_reversion),pair,short,breakout+mean-reversion,all,False,0.0,0.0,0.0,0,0.0,0.0,0.0,0.0,0,0.0,0.0,0.0,0.0,0,0.0
any(keltner+vwap_reversion),pair,short,breakout+mean-reversion,any,True,-0.5962168930523791,-1.5622803481196788,-0.6887649370163488,270,0.43488609316558996,-0.475644049962181,-1.4407232688416898,-0.5778199491183996,204,0.45903497409326427,-0.23551351062272452,-2.0706246690556886,-0.29007273417737145,66,0.37778617302606726
all(keltner+obv_trend),pair,short,breakout+volume-flow,all,True,0.01630971867537756,0.1794348928042871,-0.17009000262230542,57,0.08296497789867392,0.09315687745822876,0.7090617695227598,-0.12004922064458018,44,0.09018782383419689,-0.07029838110842268,-1.7301089453242566,-0.08457594967492504,13,0.06611258027956177
any(keltner+obv_trend),pair,short,breakout+volume-flow,any,True,-0.45904936484674397,-1.0526972880182162,-0.5511574688825346,484,0.5202312138728323,-0.2613118153150754,-0.6006266110154457,-0.4760355948645981,330,0.5121437823834197,-0.2657257315005933,-2.4110998909459385,-0.3003919304217775,153,0.5387230827351719
all(rsi+bb_reversion),pair,short,oscillator-reversion+mean-reversion,all,True,-0.4222318987018532,-1.1310604216441662,-0.5608719605451566,157,0.2688427972345007,-0.39208200147054584,-1.41561841079311,-0.47088504657949065,111,0.265220207253886,-0.04970881688053663,-0.31918332293765617,-0.2025109309080728,46,0.2772950510011334
any(rsi+bb_reversion),pair,short,oscillator-reversion+mean-reversion,any,True,-0.4499972920899722,-1.1060434927589857,-0.5870915699348515,198,0.33673353734557404,-0.4302556120306701,-1.432873572349652,-0.499127300092783,143,0.34536917098445596,-0.034765330633660385,-0.13911079522087405,-0.21064274599571398,55,0.31658481299584434
all(rsi+zscore),pair,short,oscillator-reversion+mean-reversion,all,True,-0.41553497221873925,-1.114961035484342,-0.5748058265174417,153,0.2646492122860705,-0.4092261699254782,-1.5211223079223717,-0.48580685497372805,109,0.26343911917098445,-0.010797006972100509,0.06315409446658221,-0.21343918088396605,44,0.26747261050245563
any(rsi+zscore),pair,short,oscillator-reversion+mean-reversion,any,True,-0.4352834413709181,-1.0500742204151496,-0.5866560952580074,195,0.33401337413578147,-0.4132376903303864,-1.3486004306387003,-0.49436597453739706,142,0.3431023316062176,-0.03768677626175976,-0.1677850869876708,-0.21570328492765745,53,0.31280695126558367
all(rsi+vwap_reversion),pair,short,oscillator-reversion+mean-reversion,all,True,-0.4765090712753084,-1.3124601460743113,-0.5972679107177337,179,0.2834636744871359,-0.42909653339967735,-1.5397301764307394,-0.4930811264104019,130,0.28805051813471505,-0.08315774387899377,-0.6577618990588529,-0.22743247614884524,49,0.27276161692482054
any(rsi+vwap_reversion),pair,short,oscillator-reversion+mean-reversion,any,True,-0.5963405965750673,-1.6628016866563555,-0.677317077923455,228,0.3809361895047036,-0.520509139776852,-1.796750065922638,-0.5835399412376451,173,0.39766839378238344,-0.16423802048066316,-1.3627624651733174,-0.24166754320025308,55,0.34114091424253873
all(rsi+obv_trend),pair,short,oscillator-reversion+volume-flow,all,True,-0.2359427252776577,-1.7275833549441302,-0.2571643953733501,139,0.035588801994786354,-0.1321392937992545,-1.2263857988389737,-0.157810102880904,97,0.036431347150259065,-0.1196084011371209,-3.092067683778512,-0.13728900994287213,42,0.03362296939931998
any(rsi+obv_trend),pair,short,oscillator-reversion+volume-flow,any,True,-0.5478027784230974,-0.9466679740957389,-0.7240257312982955,439,0.7930409157882806,-0.4404514441831041,-0.9007407653362894,-0.6446623517420975,302,0.7867551813471503,-0.1910806825604604,-1.1027586561334768,-0.3587932290697867,137,0.8073290517567057
all(stochastic+bb_reversion),pair,short,oscillator-reversion+mean-reversion,all,True,-0.10540625445296281,-0.14206971281304887,-0.2979496186291248,117,0.2046922815368922,-0.14063431944215699,-0.3834936355631042,-0.2487520309632455,81,0.19980569948186527,0.04086880430545725,0.6182472342871221,-0.1068309355635718,36,0.21609369097091047
any(stochastic+bb_reversion),pair,short,oscillator-reversion+mean-reversion,any,True,-0.4494140108710569,-1.0725193788810674,-0.5492965822065106,188,0.3701688767992746,-0.3766859802850657,-1.137005542293284,-0.48623060426989684,135,0.3754857512953368,-0.12306757221411713,-0.9696921296227413,-0.19916121243354337,53,0.35700793350963356
all(stochastic+zscore),pair,short,oscillator-reversion+mean-reversion,all,True,-0.05605301630228787,0.0069612593436361725,-0.3089635532080405,115,0.20106539725716877,-0.13924098540800078,-0.38493792492219997,-0.2507021252404487,80,0.19689119170984457,0.09651395757671599,1.2584005773729319,-0.11275472677236195,35,0.21080468454854553
any(stochastic+zscore),pair,short,oscillator-reversion+mean-reversion,any,True,-0.4580314647291993,-1.1093628216114912,-0.551829285537425,183,0.36688201292077527,-0.3771811878543083,-1.1400981763717823,-0.4863561076002105,133,0.3743523316062176,-0.13610646997868248,-1.11045230218028,-0.19916121243354318,50,0.3486966377030601
all(stochastic+vwap_reversion),pair,short,oscillator-reversion+mean-reversion,all,True,-0.32764089383162254,-0.8757875237061621,-0.41666357134268617,140,0.2311005326986286,-0.25181868665431306,-0.8275926976674275,-0.33384233799563007,104,0.23202720207253885,-0.1078409120216065,-1.146758489578979,-0.16301749813248825,36,0.22818284850774462
any(stochastic+vwap_reversion),pair,short,oscillator-reversion+mean-reversion,any,True,-0.5128580076145819,-1.2546795626465022,-0.6120717131509579,217,0.40258415504930295,-0.43415693207810135,-1.3167010830977628,-0.5388474798940288,161,0.4183937823834197,-0.14531233163757806,-1.1655093609123768,-0.21175214200423492,56,0.36494144314318094
all(stochastic+obv_trend),pair,short,oscillator-reversion+volume-flow,all,True,-0.048583310960278125,-0.2559537835335963,-0.18243655844009343,148,0.046242774566473986,0.08193071298915977,0.7765765418016541,-0.09108688006327405,99,0.0467940414507772,-0.11827502459108419,-3.3815360822803338,-0.12379020799888735,48,0.044578768417075934
any(stochastic+obv_trend),pair,short,oscillator-reversion+volume-flow,any,True,-0.4960703991747988,-0.8423850016275762,-0.6356808623789639,432,0.7540519097812536,-0.3675211774970323,-0.6988204822887385,-0.5561344941047475,303,0.7444948186528497,-0.21027319450794635,-1.3682843921260723,-0.303661901577883,130,0.775595013222516
all(bb_reversion+obv_trend),pair,short,mean-reversion+volume-flow,all,True,-0.13940796153247303,-1.1643348289677455,-0.17924916868783652,114,0.029808455173977105,-0.03764919379309195,-0.408233602586396,-0.10721557453658134,73,0.028659326424870468,-0.10573978541199835,-2.7239156579012573,-0.12226094287646629,41,0.03248961088024179
any(bb_reversion+obv_trend),pair,short,mean-reversion+volume-flow,any,True,-0.5344290546212915,-0.922599654568094,-0.6875999048681205,466,0.7778533378669387,-0.45415881382292067,-0.9756542562324946,-0.6212760108251734,326,0.7694300518134715,-0.14624224024811194,-0.7793818071981558,-0.3040796397597639,140,0.7971288250850019
all(zscore+obv_trend),pair,short,mean-reversion+volume-flow,all,True,-0.140310653578406,-1.173706774917409,-0.18185771256237396,112,0.029355094639011675,-0.03764919379309195,-0.408233602586396,-0.10721557453658134,73,0.028659326424870468,-0.10667779267515975,-2.7551959575872864,-0.1250506090620511,39,0.030978466188137516
any(zscore+obv_trend),pair,short,mean-reversion+volume-flow,any,True,-0.5190135662716806,-0.8766413894291091,-0.6967137643282396,465,0.7713929502436813,-0.453708173701148,-0.9796030442690185,-0.6352780287354192,323,0.7653821243523317,-0.11870111440976361,-0.5803854981443705,-0.3182838381781897,142,0.7850396675481678
all(vwap_reversion+obv_trend),pair,short,mean-reversion+volume-flow,all,True,-0.23177894887178796,-1.5180303823060368,-0.29544774556469966,179,0.047942876572594356,-0.10171290469415784,-0.7893167859908411,-0.18454047011045704,130,0.05116580310880829,-0.14250248567446855,-3.6372409866362885,-0.15351915574824943,48,0.04004533434076313
any(vwap_reversion+obv_trend),pair,short,mean-reversion+volume-flow,any,True,-0.6345826842318081,-1.2516920775052147,-0.7442570031613257,427,0.819109146548793,-0.5138235397718942,-1.1628098224304275,-0.6591446130665441,293,0.8228626943005182,-0.25501385812268496,-1.6145768037318198,-0.3545905445032967,135,0.8095957687948621
all(ma_crossover+zscore+sma_regime),triple,short,trend+mean-reversion+regime-filter,all,True,0.07433446520236808,1.1296709836820684,-0.051739390571025855,37,0.015867618723790094,0.04875065557771774,1.025623386490401,-0.040466400441518544,26,0.01716321243523316,0.024394558886408957,1.43517481949431,-0.01435334649629132,11,0.012844729882886286
vote(ma_crossover+zscore+sma_regime),triple,short,trend+mean-reversion+regime-filter,vote,True,-0.49163569399312856,-2.0687914473168663,-0.5840107689240043,3531,0.3899219653424172,-0.4917643760568211,-2.815951316816181,-0.5482261434301339,2430,0.38756981120576467,0.0005715852073864269,0.13239456374587313,-0.14042352363818705,1100,0.39528419028161155
all(ma_crossover+zscore+rsi),triple,short,trend+mean-reversion+oscillator-reversion,all,True,-0.14847336402578493,-1.2679206104214225,-0.16633020291237732,66,0.030828516377649325,-0.14936092771900622,-1.7044536005981556,-0.15870193663676144,45,0.03011658031088083,0.0010434080941537083,0.08379777957441786,-0.030620865380209767,21,0.032489610880241784
vote(ma_crossover+zscore+rsi),triple,short,trend+mean-reversion+oscillator-reversion,vote,True,-0.41690302420111425,-1.5800188287959365,-0.5798838487980141,3320,0.34060418844879486,-0.4142909085688554,-2.137669013166264,-0.5169705538527436,2307,0.3412501579209386,-0.0045390161158742615,0.067517721960839,-0.16410309134263712,1013,0.33909700769323764
all(ma_crossover+zscore+bb_breakout),triple,short,trend+mean-reversion+breakout,all,False,0.0,0.0,0.0,0,0.0,0.0,0.0,0.0,0,0.0,0.0,0.0,0.0,0,0.0
vote(ma_crossover+zscore+bb_breakout),triple,short,trend+mean-reversion+breakout,vote,True,-0.39549643639368737,-1.6819896900094626,-0.5296330122651174,3597,0.3422499766082647,-0.398521914468529,-2.3306994064827906,-0.4822820401921367,2499,0.34066178672703146,0.0049900506769593456,0.1868360809506533,-0.12934955046715807,1098,0.3459555529990831
all(ma_crossover+bb_reversion+sma_regime),triple,short,trend+mean-reversion+regime-filter,all,True,0.063710638599624,0.9647016290607145,-0.05173939057102648,37,0.015980958857531452,0.03837982091193015,0.8049373168757963,-0.040466400441518544,26,0.017325129533678756,0.024394558886408957,1.43517481949431,-0.01435334649629132,11,0.012844729882886286
vote(ma_crossover+bb_reversion+sma_regime),triple,short,trend+mean-reversion+regime-filter,vote,True,-0.49568984733263843,-2.0886583077992116,-0.5781865157750403,3549,0.39218750345999437,-0.48986470247750513,-2.7930989033051836,-0.5437499092774787,2438,0.38886462307538144,-0.011104147199831993,-0.021600398718645237,-0.13355429084012652,1110,0.39981463406877826
all(ma_crossover+bb_reversion+rsi),triple,short,trend+mean-reversion+oscillator-reversion,all,True,-0.15348736267671315,-1.3066442733026795,-0.17607652306047938,68,0.03162189731383883,-0.14936092771900622,-1.7044536005981556,-0.15870193663676144,45,0.03011658031088083,-0.0048509821523265995,-0.11563188817612323,-0.030620865380209906,23,0.035134114091424265
vote(ma_crossover+bb_reversion+rsi),triple,short,trend+mean-reversion+oscillator-reversion,vote,True,-0.42089647421726584,-1.5926556393473092,-0.5724453474086169,3325,0.3428321066896282,-0.41191149356045587,-2.1099081131102024,-0.5120430870372461,2312,0.34286865120187604,-0.015356685199981457,-0.07239623902491062,-0.15788975932953925,1013,0.34274684076305373
all(ma_crossover+bb_reversion+bb_breakout),triple,short,trend+mean-reversion+breakout,all,False,0.0,0.0,0.0,0,0.0,0.0,0.0,0.0,0,0.0,0.0,0.0,0.0,0,0.0
vote(ma_crossover+bb_reversion+bb_breakout),triple,short,trend+mean-reversion+breakout,vote,True,-0.4025981157799928,-1.7186935715909506,-0.5246254699367986,3618,0.34455389630634764,-0.3982507422062407,-2.3226819164221917,-0.4788822508407602,2509,0.3420114160062052,-0.007264093254788162,0.012833104826380632,-0.12239194472725273,1109,0.3504860301687124
all(ma_crossover+sma_regime+rsi),triple,short,trend+regime-filter+oscillator-reversion,all,True,-0.019962276532535128,-0.19965776093783297,-0.06625926686400947,50,0.021421285277116626,-0.014528502175158997,-0.19035542065594177,-0.05117048065063617,39,0.02461139896373057,-0.005513882815860183,-0.23253968742549636,-0.03160528241001795,11,0.013978088401964487
vote(ma_crossover+sma_regime+rsi),triple,short,trend+regime-filter+oscillator-reversion,vote,True,-0.5125737264811512,-2.1569296649185965,-0.596000748741697,3567,0.3978082361819799,-0.5017630205514827,-2.8354284772380915,-0.5540910501567077,2453,0.39544046314098247,-0.021386515398054473,-0.15504460923416594,-0.1476856569422726,1113,0.4032069032644436
all(ma_crossover+sma_regime+bb_breakout),triple,short,trend+regime-filter+breakout,all,True,-0.4584412377527416,-2.194803547056982,-0.4739325409556368,127,0.1748838263629151,-0.38539818469651577,-2.4008895918740296,-0.4101557300284041,84,0.17292746113989638,-0.11884613946373868,-1.6566544670294963,-0.14904196152245508,43,0.17944843218738193
vote(ma_crossover+sma_regime+bb_breakout),triple,short,trend+regime-filter+breakout,vote,True,-0.3594821960694875,-1.4736691179503145,-0.4576238663279193,2010,0.32028893103772577,-0.36687359057812174,-2.0735424667840388,-0.4326647290888112,1402,0.3172164661626957,0.012576902160840397,0.2951373847602362,-0.1023690094162059,607,0.32733175678221826
all(ma_crossover+rsi+bb_breakout),triple,short,trend+oscillator-reversion+breakout,all,False,0.0,0.0,0.0,0,0.0,0.0,0.0,0.0,0,0.0,0.0,0.0,0.0,0,0.0
vote(ma_crossover+rsi+bb_breakout),triple,short,trend+oscillator-reversion+breakout,vote,True,-0.43399349793322894,-1.8597256904827633,-0.5530125614631971,3663,0.35173136515776576,-0.4184612776728913,-2.4141783864079898,-0.5022491784497026,2552,0.35064789658608664,-0.026747589830121488,-0.2608589210929141,-0.13528634404418324,1111,0.35425932205186866
all(zscore+sma_regime+rsi),triple,short,mean-reversion+regime-filter+oscillator-reversion,all,True,-0.061577660671567225,-0.4430906518619613,-0.17524597886049642,65,0.04669613510143942,-0.13851788233962148,-1.5688862856226422,-0.14357076326790083,48,0.050518134715025906,0.08931145532888074,2.5554285832950834,-0.0374243408418448,17,0.037778617302606725
vote(zscore+sma_regime+rsi),triple,short,mean-reversion+regime-filter+oscillator-reversion,vote,True,-0.41343219676493626,-1.5988535214940052,-0.5258440546423618,3046,0.3152289981682111,-0.37266065832886286,-1.8920376059773008,-0.46209501529152974,2109,0.3145228231624261,-0.06473071766411265,-0.7556284479946828,-0.17544785454593606,936,0.31675077883349384
all(zscore+sma_regime+bb_breakout),triple,short,mean-reversion+regime-filter+breakout,all,False,0.0,0.0,0.0,0,0.0,0.0,0.0,0.0,0,0.0,0.0,0.0,0.0,0,0.0
vote(zscore+sma_regime+bb_breakout),triple,short,mean-reversion+regime-filter+breakout,vote,True,-0.3650299800266621,-1.551249937987734,-0.46281938420793756,3425,0.3222978101721357,-0.3475385866764301,-1.9980409777200887,-0.40361460535429744,2354,0.32085476645752237,-0.02649854093642512,-0.2771947875639098,-0.13764091589353283,1070,0.3255388919430212
all(zscore+rsi+bb_breakout),triple,short,mean-reversion+oscillator-reversion+breakout,all,False,0.0,0.0,0.0,0,0.0,0.0,0.0,0.0,0,0.0,0.0,0.0,0.0,0,0.0
vote(zscore+rsi+bb_breakout),triple,short,mean-reversion+oscillator-reversion+breakout,vote,True,-0.35552568190768774,-1.3117284043011654,-0.49810722754466463,2873,0.28709110484465883,-0.3360095378155774,-1.6711354817748838,-0.4179809559127513,2023,0.28880186453035067,-0.02946948724253562,-0.2730916486267852,-0.16881066279600054,850,0.28309954767849627
all(bb_reversion+sma_regime+rsi),triple,short,mean-reversion+regime-filter+oscillator-reversion,all,True,-0.061577660671567225,-0.4430906518619613,-0.17524597886049642,65,0.04669613510143942,-0.13851788233962148,-1.5688862856226422,-0.14357076326790083,48,0.050518134715025906,0.08931145532888074,2.5554285832950834,-0.0374243408418448,17,0.037778617302606725
vote(bb_reversion+sma_regime+rsi),triple,short,mean-reversion+regime-filter+oscillator-reversion,vote,True,-0.4306785448129252,-1.6807503974142606,-0.5254953422705256,3059,0.31862985746212424,-0.3835408285074189,-1.9516308183331303,-0.46386017209782293,2116,0.31743795764891775,-0.07620798023308684,-0.9070808041023724,-0.169316671706428,942,0.321284934844685
all(bb_reversion+sma_regime+bb_breakout),triple,short,mean-reversion+regime-filter+breakout,all,False,0.0,0.0,0.0,0,0.0,0.0,0.0,0.0,0,0.0,0.0,0.0,0.0,0,0.0
vote(bb_reversion+sma_regime+bb_breakout),triple,short,mean-reversion+regime-filter+breakout,vote,True,-0.37249901210974745,-1.5891026430006518,-0.4570920142483859,3454,0.324602506075245,-0.3476115127926581,-1.9918558972687217,-0.3996975887654645,2367,0.3222053291364304,-0.03784211309011265,-0.44481590753610695,-0.13121011709998123,1086,0.3300697785498202
all(bb_reversion+rsi+bb_breakout),triple,short,mean-reversion+oscillator-reversion+breakout,all,False,0.0,0.0,0.0,0,0.0,0.0,0.0,0.0,0,0.0,0.0,0.0,0.0,0,0.0
vote(bb_reversion+rsi+bb_breakout),triple,short,mean-reversion+oscillator-reversion+breakout,vote,True,-0.3635804300087291,-1.3447687286405365,-0.49285127517285326,2887,0.28939524099011993,-0.33616171454102384,-1.6638933301199914,-0.41062286348242283,2031,0.29015021194888374,-0.041379638831173016,-0.430523126778353,-0.16546080055357726,856,0.28763373715886753
all(sma_regime+rsi+bb_breakout),triple,short,regime-filter+oscillator-reversion+breakout,all,False,0.0,0.0,0.0,0,0.0,0.0,0.0,0.0,0,0.0,0.0,0.0,0.0,0,0.0
vote(sma_regime+rsi+bb_breakout),triple,short,regime-filter+oscillator-reversion+breakout,vote,True,-0.4070301757221043,-1.7582186824879618,-0.49533320036992634,3509,0.3320430289712086,-0.37186972209557,-2.1292728061908726,-0.42785381055666927,2413,0.33121703944979874,-0.055675878232688936,-0.7029930651271624,-0.15210466446552376,1095,0.3338443953294664
buy_and_hold,single,medium,baseline,-,False,0.8761443122910693,0.6170229927316624,-0.962745833059595,1,0.9994666666666666,5.652199869767727,1.0302169579281442,-0.962745833059595,1,0.9992378048780488,-0.7076373379954937,-0.6510521895056911,-0.758387435369125,1,0.9982238010657197
ma_crossover_20_50,single,medium,trend,-,False,2.9826435030101566,0.7327258040278194,-0.7839894828995291,19,0.4672,7.355903492983014,1.1802944006287068,-0.6963206135140128,12,0.4794207317073171,-0.5233736834856175,-0.8420637532673516,-0.6162844465030264,7,0.43872113676731794
macd_12_26_9,single,medium,trend,-,True,5.6382887088509595,0.8693801498257128,-0.8161777016067682,64,0.5178666666666667,13.564553878044372,1.3467330106624469,-0.8161777016067682,44,0.5129573170731707,-0.5275238334126761,-0.7204001231566276,-0.5916499594042889,21,0.5275310834813499
ts_momentum_60,single,medium,momentum,-,True,1.3226614401439676,0.5699059458752824,-0.7983771002607899,73,0.46986666666666665,3.927773684023796,0.9592450997272237,-0.6779409038841805,48,0.5175304878048781,-0.5107827446203952,-0.8742477343287861,-0.5130415321857276,25,0.35701598579040855
sma_regime_100,single,medium,regime-filter,-,True,-0.1647311806793701,0.22242792617176446,-0.8511678479386641,49,0.41386666666666666,0.34842268608812965,0.44257128307509364,-0.8511678479386641,37,0.4573170731707317,-0.35787264019775944,-0.5160292103146439,-0.4306665337344197,13,0.3108348134991119
breakout_20_10,single,medium,breakout,-,False,6.2068994844577405,0.9351527048320105,-0.6777455159416922,27,0.3568,8.601831696966396,1.2648095301120876,-0.6777455159416922,19,0.36890243902439024,-0.07537103158009051,0.01944954753975682,-0.33767896607634906,7,0.3037300177619893
bb_breakout_20_2,single,medium,breakout,-,True,17.467579168298744,1.3195231064717237,-0.5882106294444105,31,0.27466666666666667,28.436498227767007,1.8371340308706918,-0.5882106294444105,20,0.2888719512195122,-0.34883592066203917,-0.8412749893037021,-0.4094437570986807,11,0.23978685612788633
keltner_20_14_2,single,medium,breakout,-,False,5.952627072603865,1.004809607205277,-0.4150229433576467,21,0.2016,8.806713286448627,1.3905063623721354,-0.3571772719831355,15,0.23704268292682926,-0.2641453007917284,-0.8187917185966328,-0.30695912772488115,6,0.1172291296625222
rsi_14_30_50,single,medium,oscillator-reversion,-,False,-0.15695593489111725,0.1436651237322526,-0.6434041840781972,10,0.15733333333333333,-0.09598498784852494,0.16510153837256886,-0.6434041840781972,6,0.13033536585365854,-0.21865492151318544,-0.15668772072840892,-0.43061104593211225,4,0.23090586145648312
stoch_14_3,single,medium,oscillator-reversion,-,True,-0.34635033255151704,0.11427877988009282,-0.7921265577110351,31,0.28586666666666666,-0.20187118964827622,0.15306332415929896,-0.7921265577110351,20,0.2583841463414634,-0.18102233753417796,0.024031870074292652,-0.44400888099414176,11,0.3499111900532861
bb_reversion_20_2,single,medium,mean-reversion,-,True,-0.6564378586570219,-0.05840861261859698,-0.8659115211957995,30,0.28586666666666666,-0.6391432515237156,-0.15150285302375086,-0.8659115211957995,20,0.2804878048780488,-0.047926517118864975,0.1934363326478174,-0.5196514191248109,10,0.29840142095914746
zscore_20_-2,single,medium,mean-reversion,-,True,-0.5020682326842094,0.05339298471524742,-0.8659115211957995,29,0.26986666666666664,-0.6475064558226662,-0.16997488938170413,-0.8659115211957995,19,0.27439024390243905,0.41259826042456216,0.6991228778158074,-0.5196514191248108,10,0.25932504440497334
vwap_reversion_20_0.02,single,medium,mean-reversion,-,True,-0.8092784705083493,-0.11715490661602572,-0.8851315390944501,82,0.47253333333333336,-0.5859711147879609,0.032103427197653404,-0.8675359459334294,59,0.45503048780487804,-0.5393521169568274,-0.5315197617362964,-0.6180758712883737,23,0.5133214920071048
grid_50_4_0.05,single,medium,mean-reversion,-,True,-0.6142489556011961,-0.2614633141947562,-0.7238847131361547,293,0.27011211395128626,-0.3690731233476816,-0.11921159983156275,-0.7238847131361547,193,0.25063210021598564,-0.38859627212968206,-0.5896616590955187,-0.4847794669315064,100,0.3155078120342603
obv_trend_20,single,medium,volume-flow,-,True,5.034906106041488,0.8480725924275446,-0.7046606655500874,121,0.47786666666666666,19.32060537600388,1.4938744422026293,-0.7046606655500874,85,0.4809451219512195,-0.6921388896364886,-1.3834747575858606,-0.6921388896364886,37,0.4689165186500888
voltarget_100_20_0.6,single,medium,risk-overlay,-,True,-0.21852665777230806,0.08145199783793408,-0.7488272646276006,341,0.29801981972156744,0.15678702205102346,0.30734425858258346,-0.7488272646276006,267,0.3142990199923369,-0.3105913575969852,-0.56868177990001,-0.34800955588492327,73,0.2590929574640664
all(ma_crossover+ts_momentum),pair,medium,trend+momentum,all,True,3.256154770640199,0.7665938548933376,-0.6553249475686409,42,0.36106666666666665,4.547225447945377,1.0471175510010096,-0.6553249475686409,29,0.3948170731707317,-0.23274169932707223,-0.24094643560364756,-0.3550825094360249,13,0.28241563055062174
any(ma_crossover+ts_momentum),pair,medium,trend+momentum,any,True,0.28190185584190375,0.40910523551086186,-0.8931482984129238,47,0.5712,3.364087556960822,0.9067514127018488,-0.7408980559168077,30,0.5952743902439024,-0.6951207048464678,-1.3665107699773167,-0.703176755294669,17,0.5133214920071048
all(ma_crossover+sma_regime),pair,medium,trend+regime-filter,all,False,0.7759505488241698,0.47133744494001534,-0.6692675315474783,29,0.3296,1.3240968492893588,0.6878979005003449,-0.6673259536955686,21,0.36051829268292684,-0.23585346739435342,-0.2647137889819535,-0.31426654776902646,8,0.25754884547069273
any(ma_crossover+sma_regime),pair,medium,trend+regime-filter,any,True,-0.4813120863737621,0.10090348966591521,-0.8641395169552377,39,0.5258666666666667,0.3424698421398047,0.45360022008497414,-0.8641395169552377,28,0.5396341463414634,-0.599481532433265,-1.0403555412818073,-0.6318530867175185,12,0.4920071047957371
all(ma_crossover+breakout),pair,medium,trend+breakout,all,False,2.3660847223353048,0.7004904220072042,-0.720670133507968,24,0.2885333333333333,3.474460885394839,0.9827518383559213,-0.720670133507968,16,0.3125,-0.11420168928080676,-0.09277232056801661,-0.3167340281840215,7,0.21314387211367677
any(ma_crossover+breakout),pair,medium,trend+breakout,any,False,6.940095725329644,0.9216876140588973,-0.6964114317055393,22,0.5322666666666667,15.696970179806666,1.4006896005539164,-0.6651094998268946,15,0.53125,-0.5024798602261257,-0.7328305195071313,-0.6280469208070723,7,0.5293072824156305
all(ma_crossover+bb_breakout),pair,medium,trend+breakout,all,False,6.807715720150762,1.0651401621330014,-0.5224026940181481,27,0.21866666666666668,10.04595173339756,1.4837785916173098,-0.5224026940181481,18,0.2385670731707317,-0.29316043482753507,-0.7523302705059105,-0.36534703612949165,9,0.17229129662522205
any(ma_crossover+bb_breakout),pair,medium,trend+breakout,any,False,7.771791359982403,0.9522165904543035,-0.7286175691260561,23,0.52,19.73515575456198,1.4863774826602572,-0.6540724926828979,14,0.5251524390243902,-0.5609160099780139,-0.9113184391258281,-0.6429456277427731,9,0.5062166962699822
all(ma_crossover+keltner),pair,medium,trend+breakout,all,False,4.6706806384581165,0.9592373049576619,-0.40747520819061467,20,0.1904,6.645169761349797,1.3253654695385724,-0.36359058504298075,14,0.22332317073170732,-0.2582662235799815,-0.8181644283243799,-0.30695912772488104,6,0.11367673179396093
any(ma_crossover+keltner),pair,medium,trend+breakout,any,False,1.8662588609541189,0.6314295729294592,-0.7867410811430209,20,0.4736,5.291583887325585,1.0596441864625163,-0.6362222413920315,13,0.48628048780487804,-0.5271514849084717,-0.8469161393834039,-0.6162844465030267,7,0.44227353463587926
all(ma_crossover+rsi),pair,medium,trend+oscillator-reversion,all,False,-0.046765394967788754,-0.44798881237119487,-0.04676539496778878,1,0.0005333333333333335,0.0,0.0,0.0,0,0.0,-0.046765394967788754,-0.8180729743047588,-0.04676539496778878,1,0.00177619893428064
any(ma_crossover+rsi),pair,medium,trend+oscillator-reversion,any,True,2.522264037554227,0.6968123495194002,-0.8098195419576611,28,0.624,6.5538621977455955,1.0821964515130964,-0.8083413901751021,18,0.6097560975609756,-0.5337134904836593,-0.5123048556855961,-0.7315473386549753,10,0.6571936056838366
all(ma_crossover+stochastic),pair,medium,trend+oscillator-reversion,all,False,-0.19701807311928166,-0.11065459152489794,-0.29886632475608693,15,0.0752,-0.12691319632007458,-0.11999592892419708,-0.2677747470111944,7,0.052591463414634144,-0.08029542595733452,-0.09793793070627226,-0.25873711400987803,8,0.12788632326820606
any(ma_crossover+stochastic),pair,medium,trend+oscillator-reversion,any,True,1.773617101402479,0.6438471340999478,-0.8815130900041016,34,0.6714666666666667,5.534987757990301,1.031315911394461,-0.8815130900041016,24,0.6760670731707317,-0.5755742467901044,-0.5207429077275991,-0.6841074633447364,10,0.6607460035523979
all(ma_crossover+bb_reversion),pair,medium,trend+mean-reversion,all,False,-0.0654597597453267,0.03764713743601965,-0.3395506520971258,16,0.0608,-0.07760480278261184,-5.9573988498720554e-05,-0.3185397896074544,11,0.057164634146341466,0.013166854157440788,0.13942196983825023,-0.24855061853536511,5,0.06927175843694494
any(ma_crossover+bb_reversion),pair,medium,trend+mean-reversion,any,True,0.3384145266931071,0.487067415231281,-0.930230570412451,32,0.6848,1.9882926579963285,0.7927018071834409,-0.930230570412451,20,0.6920731707317073,-0.5521139728026088,-0.4602171028508157,-0.7058596974785433,12,0.6678507992895205
all(ma_crossover+zscore),pair,medium,trend+mean-reversion,all,False,-0.2538425693976848,-0.19048688463738356,-0.37110071397604905,14,0.05386666666666667,-0.22659333759601563,-0.2482369224194778,-0.3185397896074538,10,0.053353658536585365,-0.0352327347646193,-0.03847087006605428,-0.24855061853536475,4,0.05506216696269983
any(ma_crossover+zscore),pair,medium,trend+mean-reversion,any,True,1.2353399476011968,0.604752933136962,-0.9252412409602818,33,0.6762666666666667,2.203092302763171,0.8141676460071674,-0.9252412409602818,20,0.6905487804878049,-0.30213064866321004,-0.055192238083292815,-0.7058596974785436,13,0.6429840142095915
all(ma_crossover+vwap_reversion),pair,medium,trend+mean-reversion,all,True,-0.21378986201835382,0.0449567520200962,-0.5754992157232918,44,0.17546666666666666,0.16958007210687365,0.30340453467359535,-0.4638994955498916,33,0.16692073170731708,-0.32778425630545094,-0.7744251199738211,-0.3763813446498176,11,0.19538188277087037
any(ma_crossover+vwap_reversion),pair,medium,trend+mean-reversion,any,True,-0.04372962574719874,0.4234973562540545,-0.9425514148802198,53,0.7552,1.918451905993681,0.7894396816022228,-0.9425514148802198,36,0.7545731707317073,-0.6723364286768299,-0.6871437451096502,-0.705436005383914,17,0.7566607460035524
all(ma_crossover+obv_trend),pair,medium,trend+volume-flow,all,True,3.1505071254794252,0.7857402982854056,-0.6410110429237026,62,0.26453333333333334,7.133203807399006,1.2908385874899841,-0.5777111623013198,42,0.27210365853658536,-0.48968361991573506,-1.0998443434549865,-0.5893964709889574,20,0.2468916518650089
any(ma_crossover+obv_trend),pair,medium,trend+volume-flow,any,True,5.371238948184061,0.8450432486368636,-0.7816579301393294,75,0.6741333333333334,21.969498241533575,1.449249397975698,-0.7816579301393294,52,0.6791158536585366,-0.7124632624836393,-1.179316116547024,-0.7200610577421741,24,0.6607460035523979
all(macd+ts_momentum),pair,medium,trend+momentum,all,True,3.286384303349892,0.8056881478539649,-0.6751547948978363,62,0.2384,7.275631780886371,1.307144657921261,-0.4873469346797356,42,0.2576219512195122,-0.4624033449432403,-1.2356365367938464,-0.4994643064951311,20,0.19182948490230906
any(macd+ts_momentum),pair,medium,trend+momentum,any,True,1.1738021528582476,0.583662352404216,-0.8837241133750078,73,0.7450666666666667,4.224276000243331,0.952176873442008,-0.8837241133750078,50,0.7667682926829268,-0.568664843197296,-0.6298816976776139,-0.6283283492850413,24,0.6927175843694494
all(macd+sma_regime),pair,medium,trend+regime-filter,all,True,0.26250758363496374,0.31922282156141296,-0.6719746578042239,50,0.22773333333333334,0.9566865350085667,0.6181171500889001,-0.6719746578042239,37,0.24923780487804878,-0.3311423556422901,-0.753795169786098,-0.38637288125067476,14,0.17584369449378331
any(macd+sma_regime),pair,medium,trend+regime-filter,any,True,0.07252103352090344,0.3877787975320523,-0.8628884124224684,62,0.6848,1.4510907334952807,0.7050766813851389,-0.8628884124224684,43,0.6935975609756098,-0.5464059116622035,-0.6097043491293077,-0.6079692956269359,20,0.6625222024866785
all(macd+breakout),pair,medium,trend+breakout,all,True,11.780050210158052,1.215212165697611,-0.5560887539608024,35,0.2432,17.99432844399438,1.6886988444072586,-0.5560887539608024,22,0.24085365853658536,-0.22216881572905112,-0.46041642172838754,-0.40029092367236113,12,0.23090586145648312
any(macd+breakout),pair,medium,trend+breakout,any,True,2.3854897024126416,0.6840275378209328,-0.8742113085209645,56,0.6261333333333333,5.658505886381049,1.0401060984616952,-0.8742113085209645,41,0.6333841463414634,-0.438354800696119,-0.4209154898519798,-0.5214885372344112,16,0.6003552397868561
all(macd+bb_breakout),pair,medium,trend+breakout,all,True,11.879587708690124,1.2508014645560246,-0.5882106294444104,34,0.2224,19.213431285532078,1.7599811391309383,-0.5882106294444104,21,0.2332317073170732,-0.33865430750672554,-0.9613526550426298,-0.4163568854893365,13,0.19538188277087037
any(macd+bb_breakout),pair,medium,trend+breakout,any,True,5.5392938687619075,0.8600125218557849,-0.8274254277418723,61,0.5621333333333334,13.571692514729493,1.3294702847326594,-0.8274254277418723,43,0.5571646341463414,-0.5347977441796181,-0.6952681548276827,-0.5875254850295847,19,0.5719360568383659
all(macd+keltner),pair,medium,trend+breakout,all,False,6.854245903756097,1.112475085401346,-0.3417228039075272,23,0.1552,9.081516743787574,1.4906138586746056,-0.3417228039075272,17,0.18216463414634146,-0.19137860275369334,-0.6157655654688994,-0.2352607869640845,6,0.0905861456483126
any(macd+keltner),pair,medium,trend+breakout,any,True,2.539809648863541,0.6941866437495239,-0.8441452983509199,62,0.56,7.5344221294232945,1.142151569688866,-0.8441452983509199,42,0.5617378048780488,-0.5700412966671826,-0.8200788314484382,-0.6283968031052305,21,0.5541740674955595
all(macd+rsi),pair,medium,trend+oscillator-reversion,all,False,-0.12199103909534081,0.05121587273663226,-0.45499618611746767,13,0.0864,-0.13278924213456045,0.02515030108478737,-0.45499618611746767,8,0.07317073170731708,0.01245164793134923,0.14208945094356723,-0.20984568873982185,5,0.1172291296625222
any(macd+rsi),pair,medium,trend+oscillator-reversion,any,True,5.384139011094982,0.8456246453605221,-0.8649130374897253,60,0.5888,14.182670684862588,1.3159268535101014,-0.8649130374897253,42,0.5701219512195121,-0.5641117936632845,-0.5769815470515898,-0.6912858464637825,19,0.6305506216696269
all(macd+stochastic),pair,medium,trend+oscillator-reversion,all,True,0.18629270605162795,0.2572324942589852,-0.45499618611746756,30,0.0768,0.07986175949554752,0.22305639212667722,-0.45499618611746756,20,0.07850609756097561,0.09855978843606672,0.3913939984571594,-0.12432547428045904,10,0.07282415630550625
any(macd+stochastic),pair,medium,trend+oscillator-reversion,any,True,2.1645300153820135,0.6784912930186573,-0.9422415453987179,57,0.7205333333333334,8.25384935764406,1.1389839793994394,-0.9422415453987179,40,0.6836890243902439,-0.6455069298372322,-0.6070922853777417,-0.7183623940917412,18,0.8046181172291297
all(macd+bb_reversion),pair,medium,trend+mean-reversion,all,False,-0.09032437288290618,0.0556889644232591,-0.4549961861174676,24,0.06293333333333334,-0.2616699986127494,-0.15548992752125787,-0.4549961861174676,15,0.06478658536585367,0.23207187220877112,0.8388740664701476,-0.13761899395310512,9,0.0586145648312611
any(macd+bb_reversion),pair,medium,trend+mean-reversion,any,True,1.328817766420329,0.6237160058035525,-0.9488974562625124,59,0.7333333333333333,5.569958764094935,1.031910093116822,-0.9488974562625124,42,0.7179878048780488,-0.6325537514777044,-0.5835236743198943,-0.7080713547199277,18,0.7673179396092362
all(macd+zscore),pair,medium,trend+mean-reversion,all,False,-0.08676762656392933,0.05863311377537256,-0.4549961861174676,23,0.06240000000000001,-0.2616699986127494,-0.15548992752125787,-0.4549961861174676,15,0.06478658536585367,0.23688915758562623,0.8530373035783456,-0.13761899395310506,8,0.05683836589698048
any(macd+zscore),pair,medium,trend+mean-reversion,any,True,2.088384003522505,0.6854793681557154,-0.9533055600565968,60,0.7184,4.895287294558422,0.9994161504593041,-0.9533055600565968,42,0.7126524390243902,-0.45694067457095666,-0.256868033357823,-0.6970685307529033,19,0.7300177619893428
all(macd+vwap_reversion),pair,medium,trend+mean-reversion,all,True,-0.2118846167957268,-0.0008663417785444638,-0.5292174759458058,58,0.1024,-0.16329608655050565,0.007552360635281636,-0.4819456358541729,40,0.09832317073170732,-0.05807135530764351,-0.025782806666768257,-0.31392852019306833,18,0.1119005328596803
any(macd+vwap_reversion),pair,medium,trend+mean-reversion,any,True,0.6443964759062151,0.5673195926296428,-0.961271042806672,63,0.8789333333333333,6.260186861967729,1.0547692313647892,-0.961271042806672,48,0.8567073170731707,-0.7652099466167839,-0.8958424182690157,-0.8097517895396636,16,0.9289520426287744
all(macd+obv_trend),pair,medium,trend+volume-flow,all,True,5.350502960721645,0.8816540347038695,-0.7277451952315886,93,0.38453333333333334,16.356159618810757,1.491043460797303,-0.7277451952315886,65,0.38948170731707316,-0.620706462483682,-1.2581277938894033,-0.620995442346562,29,0.37122557726465366
any(macd+obv_trend),pair,medium,trend+volume-flow,any,True,6.1371170823578725,0.8793874421614662,-0.8005913786877294,85,0.6032,18.230684384909896,1.4134320381772774,-0.8005913786877294,59,0.5929878048780488,-0.6152762148932864,-0.879138880286737,-0.6527262046453555,27,0.6252220248667851
all(ts_momentum+sma_regime),pair,medium,momentum+regime-filter,all,True,-0.39745267783461213,0.08870005464200405,-0.8390429577342943,51,0.3562666666666667,0.11414126877310338,0.3457514015741635,-0.8390429577342943,37,0.3940548780487805,-0.4386709606361574,-0.7863935030159391,-0.47713873037317506,14,0.2664298401420959
any(ts_momentum+sma_regime),pair,medium,momentum+regime-filter,any,True,0.5213353372113818,0.44092399040013996,-0.7113367093289558,70,0.5066666666666667,1.8179966833243695,0.7518100985428978,-0.6804235177630366,47,0.5510670731707317,-0.4403642738265945,-0.6293376024451659,-0.5034512513128643,24,0.40142095914742454
all(ts_momentum+breakout),pair,medium,momentum+breakout,all,True,2.4588611422461937,0.7119955354524895,-0.520736200208113,37,0.2618666666666667,3.6140217788825355,1.0002165689494542,-0.520736200208113,24,0.28125,-0.02237159431470337,0.10027963091342797,-0.31039166784640415,10,0.2024866785079929
any(ts_momentum+breakout),pair,medium,momentum+breakout,any,True,1.0217955991390237,0.5351924030156727,-0.7703511925253315,63,0.5504,3.2841158106011905,0.900727445980401,-0.758561730252862,43,0.5846036585365854,-0.5373043136386979,-0.8704224175278781,-0.581077063203649,22,0.458259325044405
all(ts_momentum+bb_breakout),pair,medium,momentum+breakout,all,True,7.8724299584341715,1.104081336942948,-0.47270348587877004,32,0.20906666666666668,12.668152873913796,1.567420330552574,-0.47270348587877004,22,0.2301829268292683,-0.3262490931919051,-0.9189381503735062,-0.3530793794810583,10,0.15808170515097691
any(ts_momentum+bb_breakout),pair,medium,momentum+breakout,any,True,1.7752370429082904,0.6237275886622946,-0.75311324858817,71,0.5264,5.0921958310246325,1.031383607922974,-0.7210081507827046,45,0.5632621951219512,-0.5271832653930062,-0.8577420851989673,-0.55780886071438,26,0.43872113676731794
all(ts_momentum+keltner),pair,medium,momentum+breakout,all,False,7.168321694821898,1.0750629856872937,-0.41208831094384163,23,0.19146666666666667,10.224248135164151,1.4650601721964909,-0.32803533681108316,16,0.2263719512195122,-0.24466051997692861,-0.7729745266231268,-0.2912398637470987,7,0.10834813499111902
any(ts_momentum+keltner),pair,medium,momentum+breakout,any,True,0.9801444970442454,0.5237291714465608,-0.8014019475178452,70,0.48,3.312328576896517,0.9080649962654498,-0.7008673092568505,46,0.5282012195121951,-0.5234026211712646,-0.9029370559252099,-0.5342676861226976,24,0.3658969804618118
all(ts_momentum+rsi),pair,medium,momentum+oscillator-reversion,all,False,0.11298135655258945,0.34535766742450463,-0.07718413760152901,1,0.003200000000000001,0.11298135655258945,0.412888937597542,-0.07718413760152901,1,0.0045731707317073185,0.0,0.0,0.0,0,0.0
any(ts_momentum+rsi),pair,medium,momentum+oscillator-reversion,any,True,0.7649728877909274,0.5274170978671219,-0.843667562953076,80,0.624,3.00897527840678,0.8699484919201727,-0.8375563360738167,52,0.6432926829268293,-0.5430472755373013,-0.5652911936736656,-0.68599414470158,28,0.5772646536412078
all(ts_momentum+stochastic),pair,medium,momentum+oscillator-reversion,all,True,-0.18527945271158264,-0.1021976295912803,-0.33372844605259727,28,0.064,-0.22046378174338288,-0.2753526633990606,-0.3123920841615925,18,0.054878048780487805,0.04513495102317022,0.23979993795496676,-0.1803111353315168,10,0.08525754884547071
any(ts_momentum+stochastic),pair,medium,momentum+oscillator-reversion,any,True,0.6019269146548585,0.5162119175830188,-0.8883693344511793,72,0.6853333333333333,3.3302501531495663,0.895727056561738,-0.8883693344511793,47,0.711890243902439,-0.6160308581054398,-0.6338720708309499,-0.683964938226168,25,0.6216696269982238
all(ts_momentum+bb_reversion),pair,medium,momentum+mean-reversion,all,False,-0.21271522494922568,-0.09688945219344516,-0.4819619468561137,31,0.0768,-0.23598062220879767,-0.17406411762725849,-0.4819619468561137,23,0.08993902439024391,0.030451318298800212,0.2076094273318041,-0.19738984347055713,8,0.046181172291296625
any(ts_momentum+bb_reversion),pair,medium,momentum+mean-reversion,any,True,-0.06749588466565604,0.40715787165297423,-0.9333625855906127,67,0.6714666666666667,1.1310223122694203,0.6899191774334373,-0.9333625855906127,43,0.6974085365853658,-0.5458185725190012,-0.45537806291249017,-0.6605467738548181,24,0.6092362344582594
all(ts_momentum+zscore),pair,medium,momentum+mean-reversion,all,False,-0.33988024648182547,-0.26244164343541093,-0.48196194685611365,30,0.07413333333333333,-0.3593877344851347,-0.38795042907843513,-0.48196194685611365,22,0.0861280487804878,0.030451318298800212,0.2076094273318041,-0.19738984347055713,8,0.046181172291296625
any(ts_momentum+zscore),pair,medium,momentum+mean-reversion,any,True,0.48301410232819597,0.5110056054143444,-0.9333625855906127,67,0.6586666666666666,1.284201029367567,0.7108663571639102,-0.9333625855906127,43,0.6958841463414634,-0.326127755984457,-0.09882111188560233,-0.660546773854818,24,0.5701598579040853
all(ts_momentum+vwap_reversion),pair,medium,momentum+mean-reversion,all,True,-0.5774994521697157,-0.3025727024702468,-0.7145857118547181,60,0.15573333333333333,-0.43602684529507774,-0.21748926902873314,-0.6562679669141029,42,0.1760670731707317,-0.2508498954150724,-0.6435556391634408,-0.279809572094568,18,0.108348134991119
any(ts_momentum+vwap_reversion),pair,medium,momentum+mean-reversion,any,True,0.0595949222470229,0.4537843601522109,-0.9173802230410238,78,0.7776,2.6268543948508776,0.8556347571657121,-0.9173802230410238,53,0.7835365853658537,-0.6967670726199345,-0.7613736770073568,-0.7299780016391947,25,0.7619893428063943
all(ts_momentum+obv_trend),pair,medium,momentum+volume-flow,all,True,3.6525895398624604,0.8119295084281588,-0.6627921125950222,81,0.2832,8.0833208720257,1.2966605474298216,-0.45527791982488075,59,0.3079268292682927,-0.46836116873827904,-1.0603111914300225,-0.5248812171634631,22,0.22380106571936056
any(ts_momentum+obv_trend),pair,medium,momentum+volume-flow,any,True,1.0598474178994155,0.5547529409271589,-0.8286851169898453,104,0.6522666666666667,6.489220516799172,1.0807103025153215,-0.8286851169898453,69,0.6730182926829268,-0.7148854447059398,-1.2326057651855333,-0.7162018602761424,36,0.6021314387211367
all(sma_regime+breakout),pair,medium,regime-filter+breakout,all,False,0.11813387765796901,0.27854069324009395,-0.7670519208252665,29,0.26293333333333335,0.4426640293684918,0.4517711160741672,-0.7670519208252665,23,0.2896341463414634,-0.04522349666571268,0.03476011183733937,-0.310391667846404,5,0.17584369449378331
any(sma_regime+breakout),pair,medium,regime-filter+breakout,any,True,0.49626337409878096,0.4302339763924413,-0.7283825995929967,46,0.4805333333333333,1.4942619028893769,0.7042729510418663,-0.7283825995929967,32,0.49771341463414637,-0.37814812554067534,-0.4734779500136759,-0.43822950139794803,15,0.43872113676731794
all(sma_regime+bb_breakout),pair,medium,regime-filter+breakout,all,False,1.8779379052072507,0.6898863278402821,-0.5453776979058977,26,0.21013333333333334,2.700092122811286,0.9892642750329049,-0.5453776979058977,19,0.22484756097560976,-0.19269899522376077,-0.41997454721636684,-0.30756404121112063,7,0.17406749555950268
any(sma_regime+bb_breakout),pair,medium,regime-filter+breakout,any,True,0.3383054624741826,0.3916410807191263,-0.7180865563831799,53,0.4528,1.678552046480085,0.7338132117593743,-0.7180865563831799,37,0.4847560975609756,-0.48206397788488453,-0.8061228017363801,-0.49152373713223435,17,0.3765541740674956
all(sma_regime+keltner),pair,medium,regime-filter+breakout,all,False,1.2966951131324391,0.5952788946897104,-0.4200853591531196,20,0.17973333333333333,2.239499292235488,0.9284863628890085,-0.4200853591531196,14,0.20579268292682926,-0.2641453007917284,-0.8187917185966328,-0.30695912772488115,6,0.1172291296625222
any(sma_regime+keltner),pair,medium,regime-filter+breakout,any,True,0.22615976975964092,0.3577765648484315,-0.7815170480650885,49,0.4176,0.97946051865947,0.608444665971374,-0.7815170480650885,37,0.46265243902439024,-0.35787264019775944,-0.5160292103146439,-0.4306665337344197,13,0.3108348134991119
all(sma_regime+rsi),pair,medium,regime-filter+oscillator-reversion,all,False,0.06172171407416838,0.2343013180646888,-0.0764452938365983,1,0.0026666666666666674,0.06172171407416838,0.280106004778011,-0.0764452938365983,1,0.0038109756097560988,0.0,0.0,0.0,0,0.0
any(sma_regime+rsi),pair,medium,regime-filter+oscillator-reversion,any,True,-0.33676743014265054,0.24644574466650024,-0.8732751737383608,58,0.5685333333333333,0.14812981103269696,0.43356031347758817,-0.8732751737383608,42,0.5838414634146342,-0.401180674602991,-0.2960753639893863,-0.5713345147719531,17,0.5310834813499112
all(sma_regime+stochastic),pair,medium,regime-filter+oscillator-reversion,all,False,0.04377521798931028,0.1308401041260693,-0.3057428860456054,17,0.04106666666666667,0.04153770142856228,0.15135314839642272,-0.18684543068444787,9,0.028963414634146343,0.0021482818698537187,0.10397376930235924,-0.22216724234909987,8,0.06927175843694494
any(sma_regime+stochastic),pair,medium,regime-filter+oscillator-reversion,any,True,-0.550339493139483,0.177029601951381,-0.9302193684690788,59,0.6522666666666667,-0.11315119508312454,0.3625360991676444,-0.9302193684690788,45,0.6775914634146342,-0.47439908037207357,-0.3320689857933921,-0.592948775730894,15,0.5914742451154529
all(sma_regime+bb_reversion),pair,medium,regime-filter+mean-reversion,all,False,0.1458697587481308,0.23814885097549895,-0.42066846785808676,19,0.0448,-0.06621058763295262,-0.005593058598420121,-0.41394257680055246,15,0.04878048780487805,0.2271179599728852,1.060988490789759,-0.08554452332657217,4,0.03552397868561279
any(sma_regime+bb_reversion),pair,medium,regime-filter+mean-reversion,any,True,-0.7692282821790657,0.04017585773523831,-0.9663266512202144,54,0.6474666666666666,-0.5213605790644671,0.18973466611914497,-0.9663266512202144,38,0.6783536585365854,-0.5002013550674209,-0.3835530074662663,-0.6219889462592131,17,0.5737122557726465
all(sma_regime+zscore),pair,medium,regime-filter+mean-reversion,all,False,-0.03921517768463967,0.03720995760848802,-0.42066846785808637,18,0.042133333333333335,-0.21703955637925,-0.28646818520704936,-0.41394257680055224,14,0.04496951219512195,0.2271179599728852,1.060988490789759,-0.08554452332657217,4,0.03552397868561279
any(sma_regime+zscore),pair,medium,regime-filter+mean-reversion,any,True,-0.6329906685460128,0.14766630025770042,-0.9639061977426565,54,0.6346666666666667,-0.4869557903255701,0.2117054977791769,-0.9639061977426565,38,0.676829268292683,-0.2584451630164143,-0.015182043615162163,-0.6219889462592131,17,0.5346358792184724
all(sma_regime+vwap_reversion),pair,medium,regime-filter+mean-reversion,all,True,-0.37864965710658893,-0.179584071636245,-0.640329923977446,52,0.112,-0.2684937131583869,-0.12230369320359369,-0.5106242352672162,38,0.12347560975609756,-0.15058782942770998,-0.3825444289347512,-0.3466160182556179,14,0.0852575488454707
any(sma_regime+vwap_reversion),pair,medium,regime-filter+mean-reversion,any,True,-0.7464942458381264,0.09948955755518742,-0.959362951460354,62,0.7616,-0.24777587167452342,0.3603259070233541,-0.959362951460354,43,0.770579268292683,-0.6506493805317475,-0.6405970516106981,-0.6874566030725897,20,0.738898756660746
all(sma_regime+obv_trend),pair,medium,regime-filter+volume-flow,all,True,0.2448656672328613,0.3258136641641774,-0.6912757337511958,70,0.27253333333333335,1.2514386551812833,0.6799999877902014,-0.6912757337511958,53,0.2972560975609756,-0.42683016371882,-0.9775163883771258,-0.48637520818274266,18,0.21314387211367672
any(sma_regime+obv_trend),pair,medium,regime-filter+volume-flow,any,True,0.11162040401050888,0.3694356110201216,-0.7855492704451801,96,0.592,2.3410639356629064,0.8128536582870263,-0.7855492704451801,65,0.6021341463414634,-0.6551004092153074,-1.0321410049856254,-0.6613997723683255,32,0.566607460035524
all(breakout+rsi),pair,medium,breakout+oscillator-reversion,all,False,0.0,0.0,0.0,0,0.0,0.0,0.0,0.0,0,0.0,0.0,0.0,0.0,0,0.0
any(breakout+rsi),pair,medium,breakout+oscillator-reversion,any,True,5.075733838208359,0.8357391816861697,-0.8262051037247923,37,0.5141333333333333,7.680199998209494,1.138840179193909,-0.8262051037247923,25,0.4992378048780488,-0.1377322790259805,0.08095376873787322,-0.5792013502935245,11,0.5239786856127886
all(breakout+stochastic),pair,medium,breakout+oscillator-reversion,all,False,-0.03095940568279043,-0.10364309179057259,-0.14045083534969477,2,0.007466666666666668,-0.09581951130022714,-0.5083080144093609,-0.14045083534969477,1,0.006097560975609757,0.07173358242966144,1.2983713300084354,-0.004153809636838308,1,0.01065719360568384
any(breakout+stochastic),pair,medium,breakout+oscillator-reversion,any,True,3.869074395415617,0.7779955005144978,-0.9125543153848746,55,0.6352,7.489201017024996,1.1159148250051767,-0.9125543153848746,37,0.6211890243902439,-0.29343403657464406,-0.040953111795022284,-0.60602483810282,17,0.6429840142095916
all(breakout+bb_reversion),pair,medium,breakout+mean-reversion,all,False,-0.1077920184271578,-0.356209766739478,-0.14912904757716997,1,0.005333333333333334,-0.1077920184271578,-0.4258649660882322,-0.14912904757716997,1,0.0076219512195121976,0.0,0.0,0.0,0,0.0
any(breakout+bb_reversion),pair,medium,breakout+mean-reversion,any,True,1.80192747433727,0.6569186702597619,-0.9308650153113729,50,0.6373333333333333,2.9146881695893883,0.8747569177627407,-0.9308650153113729,33,0.6417682926829268,-0.11827564640291943,0.17397214439175934,-0.6184292172517163,16,0.6021314387211367
all(breakout+zscore),pair,medium,breakout+mean-reversion,all,False,-0.1077920184271578,-0.356209766739478,-0.14912904757716997,1,0.005333333333333334,-0.1077920184271578,-0.4258649660882322,-0.14912904757716997,1,0.0076219512195121976,0.0,0.0,0.0,0,0.0
any(breakout+zscore),pair,medium,breakout+mean-reversion,any,True,3.054399615196771,0.7427335906356788,-0.9420319425722465,50,0.6213333333333333,2.817848035921242,0.8668328852647973,-0.9420319425722465,33,0.635670731707317,0.30822075234786217,0.5837197115723681,-0.6184292172517163,16,0.5630550621669627
all(breakout+vwap_reversion),pair,medium,breakout+mean-reversion,all,False,-0.4241015941458448,-0.41521881430938895,-0.5443841592934124,28,0.047466666666666664,-0.3686480649582007,-0.43609066434943555,-0.45584018866462667,20,0.055640243902439025,-0.026433508336827116,-0.10821808727257581,-0.11716753030328164,7,0.021314387211367674
any(breakout+vwap_reversion),pair,medium,breakout+mean-reversion,any,True,1.421342089739753,0.6373944174628636,-0.9312108832938837,72,0.7818666666666667,5.3676225767418995,1.0201148405955576,-0.9312108832938837,51,0.7682926829268293,-0.5611049324919312,-0.43906842271979496,-0.6596270347900647,21,0.7957371225577264
all(breakout+obv_trend),pair,medium,breakout+volume-flow,all,True,12.60399770459562,1.1967852201077789,-0.5517699229618759,52,0.28053333333333336,20.25386040171257,1.682132167440906,-0.5517699229618759,34,0.2774390243902439,-0.23609858855931487,-0.4037654851972513,-0.4884190317492078,15,0.27175843694493784
any(breakout+obv_trend),pair,medium,breakout+volume-flow,any,True,2.197072114301275,0.6648596522654028,-0.7703380603090717,96,0.5541333333333334,8.180216163701632,1.167688698521231,-0.7703380603090717,70,0.5724085365853658,-0.6273638238798767,-1.056733324209915,-0.6273638238798767,29,0.5008880994671403
all(bb_breakout+rsi),pair,medium,breakout+oscillator-reversion,all,False,0.0,0.0,0.0,0,0.0,0.0,0.0,0.0,0,0.0,0.0,0.0,0.0,0,0.0
any(bb_breakout+rsi),pair,medium,breakout+oscillator-reversion,any,True,14.64389379124946,1.1098282907057588,-0.7815069689927401,38,0.432,25.653648050554622,1.5726714775069757,-0.7815069689927401,25,0.4192073170731707,-0.3908071313119422,-0.3992729032724223,-0.6235937746838142,13,0.46003552397868563
all(bb_breakout+stochastic),pair,medium,breakout+oscillator-reversion,all,False,0.0,0.0,0.0,0,0.0,0.0,0.0,0.0,0,0.0,0.0,0.0,0.0,0,0.0
any(bb_breakout+stochastic),pair,medium,breakout+oscillator-reversion,any,True,11.11001710771876,1.0127130166234823,-0.8976242892031756,60,0.5605333333333333,22.494117311448285,1.4805212354243096,-0.8976242892031756,40,0.5472560975609756,-0.4650019064293749,-0.36742346183449265,-0.5960233152174956,20,0.5896980461811723
all(bb_breakout+bb_reversion),pair,medium,breakout+mean-reversion,all,False,0.0,0.0,0.0,0,0.0,0.0,0.0,0.0,0,0.0,0.0,0.0,0.0,0,0.0
any(bb_breakout+bb_reversion),pair,medium,breakout+mean-reversion,any,True,5.3447610444816815,0.851830198445651,-0.9238915968263156,61,0.5605333333333333,9.622359036999901,1.199010935270761,-0.9238915968263156,40,0.569359756097561,-0.3800439470576191,-0.23341071062186253,-0.6205488091556437,21,0.5381882770870338
all(bb_breakout+zscore),pair,medium,breakout+mean-reversion,all,False,0.0,0.0,0.0,0,0.0,0.0,0.0,0.0,0,0.0,0.0,0.0,0.0,0,0.0
any(bb_breakout+zscore),pair,medium,breakout+mean-reversion,any,True,8.19559433331527,0.9454174845964629,-0.9238915968263156,60,0.5445333333333333,9.3761755884754,1.1930045528938569,-0.9238915968263156,39,0.5632621951219512,-0.08016675427623488,0.17657815766340207,-0.620548809155644,21,0.4991119005328597
all(bb_breakout+vwap_reversion),pair,medium,breakout+mean-reversion,all,False,-0.06306655349996149,-0.27539415007774537,-0.10721027190332323,1,0.002133333333333334,0.0,0.0,0.0,0,0.0,-0.06306655349996149,-0.5026965902289029,-0.10721027190332323,1,0.00710479573712256
any(bb_breakout+vwap_reversion),pair,medium,breakout+mean-reversion,any,True,2.88148912890426,0.7396346039333758,-0.9337159068282069,92,0.7450666666666667,11.503590082002333,1.2209170220247574,-0.9337159068282069,63,0.7439024390243902,-0.677796497154153,-0.7788440497211642,-0.7086108070108865,29,0.7460035523978685
all(bb_breakout+obv_trend),pair,medium,breakout+volume-flow,all,True,18.813626777735873,1.3635282173030938,-0.5882106294444104,42,0.2512,31.944812660789864,1.9129733363578425,-0.5882106294444104,27,0.2606707317073171,-0.3757715669345085,-1.0199022170807486,-0.4450676479898423,15,0.2273534635879219
any(bb_breakout+obv_trend),pair,medium,breakout+volume-flow,any,True,4.6249220567637215,0.825533873999631,-0.7126758141594937,110,0.5013333333333333,17.156650951298822,1.4424623346660157,-0.7126758141594937,78,0.5091463414634146,-0.6788545893218121,-1.2863402880314299,-0.6847200980693997,33,0.48134991119005327
all(keltner+rsi),pair,medium,breakout+oscillator-reversion,all,False,0.0,0.0,0.0,0,0.0,0.0,0.0,0.0,0,0.0,0.0,0.0,0.0,0,0.0
any(keltner+rsi),pair,medium,breakout+oscillator-reversion,any,True,4.861370990474034,0.8425723817174796,-0.7062599670377586,31,0.3589333333333333,7.8654160308148935,1.1891125147550248,-0.7062599670377586,21,0.3673780487804878,-0.313774739787098,-0.2999041332060566,-0.5743635522726236,10,0.33747779751332146
all(keltner+stochastic),pair,medium,breakout+oscillator-reversion,all,False,0.0,0.0,0.0,0,0.0,0.0,0.0,0.0,0,0.0,0.0,0.0,0.0,0,0.0
any(keltner+stochastic),pair,medium,breakout+oscillator-reversion,any,True,2.8880315354001613,0.7203463325672811,-0.8522033797783228,51,0.48106666666666664,5.6962593421784025,1.0635073942222681,-0.8522033797783228,34,0.48628048780487804,-0.39735143852791843,-0.28154845938899137,-0.4990475851329804,17,0.46714031971580816
all(keltner+bb_reversion),pair,medium,breakout+mean-reversion,all,False,0.0,0.0,0.0,0,0.0,0.0,0.0,0.0,0,0.0,0.0,0.0,0.0,0,0.0
any(keltner+bb_reversion),pair,medium,breakout+mean-reversion,any,True,1.1835651278838335,0.5802920925099655,-0.8914816142253558,50,0.48,2.2349697472998233,0.8126644477460344,-0.8914816142253558,34,0.506859756097561,-0.2994122536303305,-0.13471453507051256,-0.5525172908423267,16,0.41563055062166965
all(keltner+zscore),pair,medium,breakout+mean-reversion,all,False,0.0,0.0,0.0,0,0.0,0.0,0.0,0.0,0,0.0,0.0,0.0,0.0,0,0.0
any(keltner+zscore),pair,medium,breakout+mean-reversion,any,True,1.911733006874559,0.6532459185673825,-0.9020250912741304,49,0.46453333333333335,1.9074176699752758,0.7762231319534436,-0.9020250912741304,33,0.5015243902439024,0.03946706802684408,0.30505445751823657,-0.5525172908423265,16,0.3765541740674956
all(keltner+vwap_reversion),pair,medium,breakout+mean-reversion,all,False,-0.007290615423257485,0.027157243611132465,-0.13391127193775915,2,0.001066666666666667,-0.007290615423257485,0.032465308240887336,-0.13391127193775915,2,0.0015243902439024393,0.0,0.0,0.0,0,0.0
any(keltner+vwap_reversion),pair,medium,breakout+mean-reversion,any,True,0.3456071925185902,0.4870931299820837,-0.8981272509996376,86,0.664,3.0939664376202236,0.8900794056441034,-0.8981272509996376,61,0.6775914634146342,-0.6588537257589953,-0.7687610573143193,-0.7017654271092446,25,0.6305506216696269
all(keltner+obv_trend),pair,medium,breakout+volume-flow,all,False,7.679558786280058,1.1230534062506767,-0.3527393707194704,32,0.17866666666666667,11.01181316451286,1.5373851820239222,-0.3417228039075273,24,0.2073170731707317,-0.25000962266377824,-0.7869544128624566,-0.30695912772488093,8,0.11012433392539966
any(keltner+obv_trend),pair,medium,breakout+volume-flow,any,True,2.273602469577972,0.6709783464141419,-0.7126758141594938,107,0.4885333333333333,10.234550162697575,1.2720293672853675,-0.7126758141594938,73,0.49314024390243905,-0.6979413981695555,-1.399952344691915,-0.7034582989640555,35,0.47602131438721135
all(rsi+bb_reversion),pair,medium,oscillator-reversion+mean-reversion,all,False,-0.2295327076279029,0.08476403381305532,-0.6584391657763623,12,0.12213333333333333,-0.19605618327038343,0.0737003229991183,-0.6584391657763623,7,0.10823170731707317,-0.0416403779230492,0.11393662604732768,-0.405991167335343,5,0.15452930728241562
any(rsi+bb_reversion),pair,medium,oscillator-reversion+mean-reversion,any,False,-0.6240748606426039,-0.009478229211943585,-0.8562610831030865,28,0.32106666666666667,-0.5942254781114332,-0.07736390556406263,-0.8562610831030865,19,0.30259146341463417,-0.07356150009676532,0.1728122558593288,-0.5395604223162734,9,0.3641207815275311
all(rsi+zscore),pair,medium,oscillator-reversion+mean-reversion,all,False,-0.2295327076279029,0.08476403381305532,-0.6584391657763623,12,0.12213333333333333,-0.19605618327038343,0.0737003229991183,-0.6584391657763623,7,0.10823170731707317,-0.0416403779230492,0.11393662604732768,-0.405991167335343,5,0.15452930728241562
any(rsi+zscore),pair,medium,oscillator-reversion+mean-reversion,any,False,-0.4551638655907756,0.09991748079896733,-0.8562610831030864,27,0.30506666666666665,-0.6036296952701592,-0.09455574011299397,-0.8562610831030864,18,0.2964939024390244,0.37456345217529674,0.654937025052535,-0.5395604223162731,9,0.325044404973357
all(rsi+vwap_reversion),pair,medium,oscillator-reversion+mean-reversion,all,False,-0.2768580526276483,0.04677026561331851,-0.6317629034401228,17,0.12106666666666668,-0.22211786784446164,0.03996451627800436,-0.6317629034401228,10,0.10518292682926832,-0.07037079593472595,0.06388443738168478,-0.4020416303108261,7,0.15808170515097691
any(rsi+vwap_reversion),pair,medium,oscillator-reversion+mean-reversion,any,True,-0.7776554739900399,-0.050721534961019395,-0.8732662677588231,75,0.5088,-0.5188367077427813,0.10989348672347032,-0.8691912024014711,55,0.4801829268292683,-0.5379021434347078,-0.49827850750009933,-0.6374176389276042,20,0.5754884547069272
all(rsi+obv_trend),pair,medium,oscillator-reversion+volume-flow,all,False,-0.06625046344734842,0.0031269763933393035,-0.23491891314949387,20,0.025066666666666668,0.04710960751924387,0.16044243045510867,-0.23491891314949387,14,0.02972560975609756,-0.10825998553786487,-1.0769229232671815,-0.14869470003533844,6,0.014209591474245116
any(rsi+obv_trend),pair,medium,oscillator-reversion+volume-flow,any,True,4.474885079911563,0.8056736672189306,-0.8415791838292715,108,0.6101333333333333,16.543657496787798,1.357544340121769,-0.8415791838292715,77,0.5815548780487805,-0.6764988540753012,-0.8671688414299777,-0.7320172209036442,32,0.674955595026643
all(stochastic+bb_reversion),pair,medium,oscillator-reversion+mean-reversion,all,False,-0.32302760635048977,0.08715565270086607,-0.8013772424728011,24,0.20106666666666667,-0.3350595549191827,0.018634329584144366,-0.8013772424728011,16,0.19817073170731708,0.01809477624305189,0.25514057931799367,-0.4402459785804266,8,0.20781527531083482
any(stochastic+bb_reversion),pair,medium,oscillator-reversion+mean-reversion,any,True,-0.668274095748441,-0.023782975269986864,-0.8596664651758088,37,0.37066666666666664,-0.5668632138420109,-0.028775295006405365,-0.8596664651758088,24,0.3407012195121951,-0.23413130712347296,-0.011064871655405584,-0.5228805247055366,13,0.4404973357015986
all(stochastic+zscore),pair,medium,oscillator-reversion+mean-reversion,all,False,0.004428799687661522,0.23898718529461882,-0.8013772424728011,24,0.18933333333333333,-0.3350595549191827,0.018634329584144366,-0.8013772424728011,16,0.19817073170731708,0.5105545272788785,0.8321008745417539,-0.44024597858042674,8,0.16873889875666076
any(stochastic+zscore),pair,medium,oscillator-reversion+mean-reversion,any,True,-0.6759621645464454,-0.035391476351044934,-0.8596664651758087,36,0.3664,-0.5769015779500003,-0.045004533300287614,-0.8596664651758087,23,0.33460365853658536,-0.23413130712347296,-0.011064871655405584,-0.5228805247055366,13,0.4404973357015986
all(stochastic+vwap_reversion),pair,medium,oscillator-reversion+mean-reversion,all,True,-0.46749219735760383,0.016161584607034346,-0.7937783431117882,40,0.25760000000000005,-0.29403409139772907,0.0662619842105059,-0.7937783431117882,26,0.232469512195122,-0.24570323275709038,-0.09865789120474135,-0.43732267646623685,14,0.31616341030195383
any(stochastic+vwap_reversion),pair,medium,oscillator-reversion+mean-reversion,any,True,-0.7658906335102073,-0.038661715814014085,-0.8739482038397244,73,0.5008,-0.531920199574817,0.09684384365261066,-0.8739482038397244,53,0.4809451219512195,-0.4998515930891735,-0.4137117630672468,-0.5992258013093988,20,0.5470692717584369
all(stochastic+obv_trend),pair,medium,oscillator-reversion+volume-flow,all,True,0.3170679712889337,0.3834184785457074,-0.2430967510002541,41,0.04373333333333333,0.5357622380492715,0.7427975002861565,-0.20760636688270145,24,0.0350609756097561,-0.14240112261004856,-0.4658298886619357,-0.24245624078226702,17,0.06394316163410302
any(stochastic+obv_trend),pair,medium,oscillator-reversion+volume-flow,any,True,2.0385138155079856,0.6704295609425424,-0.9224167714898214,102,0.72,9.67947108999654,1.1760796172281118,-0.9224167714898214,74,0.7042682926829268,-0.705060848313003,-0.7988208765344028,-0.7301023689926786,29,0.7548845470692718
all(bb_reversion+obv_trend),pair,medium,mean-reversion+volume-flow,all,False,0.3432420323570051,0.4611730940639159,-0.14881229374123875,25,0.018666666666666668,0.346848938252448,0.5768794725713757,-0.14881229374123875,21,0.023628048780487805,-0.0026780329946446413,0.02079402987977016,-0.08312808232592342,4,0.00710479573712256
any(bb_reversion+obv_trend),pair,medium,mean-reversion+volume-flow,any,True,0.5886536651304437,0.5404950859710888,-0.9468378553709009,108,0.7450666666666667,4.549975182503918,0.9793101567688526,-0.9468378553709009,72,0.7378048780487805,-0.7032715802046663,-0.7859320324774456,-0.7301912639638714,37,0.7602131438721137
all(zscore+obv_trend),pair,medium,mean-reversion+volume-flow,all,False,0.21233040370642775,0.33534322335062194,-0.16039914209868777,23,0.017066666666666667,0.19808676203074893,0.39459495530849814,-0.16039914209868777,20,0.022103658536585365,0.01188865625352209,0.13180771555743226,-0.06973643073598342,3,0.0053285968028419185
any(zscore+obv_trend),pair,medium,mean-reversion+volume-flow,any,True,1.5388814644941542,0.6426907908910781,-0.947077666457817,112,0.7306666666666667,5.075027567344376,1.0062945196572437,-0.947077666457817,74,0.7332317073170732,-0.5667733865607538,-0.4782366880011442,-0.7282044699728328,39,0.7229129662522202
all(vwap_reversion+obv_trend),pair,medium,mean-reversion+volume-flow,all,True,-0.5240779112947267,-0.6495248865374232,-0.5862910674210275,68,0.06346666666666667,-0.21893493373128314,-0.24986628009077375,-0.42126878625303876,46,0.053353658536585365,-0.39067549009862146,-1.6529430668153091,-0.4544310090034038,22,0.08703374777975133
any(vwap_reversion+obv_trend),pair,medium,mean-reversion+volume-flow,any,True,1.5948288299987596,0.6679750209722125,-0.9462368444280584,91,0.8869333333333334,10.301242881854991,1.175370774113316,-0.9462368444280584,68,0.8826219512195121,-0.7619854746110923,-0.8788582275112112,-0.777193359153484,24,0.8952042628774423
all(zscore+stochastic+sma_regime),triple,medium,mean-reversion+oscillator-reversion+regime-filter,all,False,0.4184661319585983,0.7207877310742797,-0.14020961500148987,6,0.013866666666666671,0.14569455111243568,0.44962158856337836,-0.0764452938365983,3,0.008384146341463417,0.23808403433647252,1.2378759513506457,-0.08639132552495211,3,0.026642984014209597
vote(zscore+stochastic+sma_regime),triple,medium,mean-reversion+oscillator-reversion+regime-filter,vote,True,-0.2423203505920939,0.06110048981214363,-0.7376452413131702,655,0.3141581919393927,-0.1587463191986591,0.09193762681093401,-0.7376452413131702,471,0.3210197136046448,-0.08860539026053338,-0.001762949750837302,-0.3773456098874216,184,0.29759093903097644
all(zscore+stochastic+macd),triple,medium,mean-reversion+oscillator-reversion+trend,all,False,-0.05992063531288405,0.07394461120819787,-0.4549961861174676,18,0.05066666666666667,-0.24066717689666584,-0.13505330781749034,-0.4549961861174676,13,0.06021341463414635,0.2380333578167806,1.0006672854291976,-0.11068376111225758,5,0.02841918294849024
vote(zscore+stochastic+macd),triple,medium,mean-reversion+oscillator-reversion+trend,vote,True,0.842465797604752,0.4958965355280639,-0.7413734621459238,716,0.3358076147897866,1.232245739022329,0.7407673002800798,-0.7413734621459238,482,0.3213376715153202,-0.1647716203825521,-0.1443043608140933,-0.4197792933883762,234,0.3689506318652259
all(zscore+sma_regime+macd),triple,medium,mean-reversion+regime-filter+trend,all,False,0.05501772386440984,0.20151584282049415,-0.10318684903171792,3,0.0026666666666666666,0.05501772386440984,0.24090911378316146,-0.10318684903171792,3,0.0038109756097560975,0.0,0.0,0.0,0,0.0
vote(zscore+sma_regime+macd),triple,medium,mean-reversion+regime-filter+trend,vote,True,0.24770172035168425,0.3123640699109064,-0.7489845168555244,804,0.390723977958246,0.5525076879569932,0.4936265463316989,-0.7489845168555244,566,0.4009995745422576,-0.17695025660027386,-0.2384734896341427,-0.3589964403486855,238,0.3656092358267013
all(bb_reversion+stochastic+sma_regime),triple,medium,mean-reversion+oscillator-reversion+regime-filter,all,False,0.4184661319585983,0.7207877310742797,-0.14020961500148987,6,0.013866666666666671,0.14569455111243568,0.44962158856337836,-0.0764452938365983,3,0.008384146341463417,0.23808403433647252,1.2378759513506457,-0.08639132552495211,3,0.026642984014209597
vote(bb_reversion+stochastic+sma_regime),triple,medium,mean-reversion+oscillator-reversion+regime-filter,vote,True,-0.31099730558450644,0.020018606675649815,-0.7329950297217892,656,0.31930305138167947,-0.12762242433453175,0.1175075360988828,-0.7329950297217892,472,0.3227863546939431,-0.20078387583830848,-0.21775780072135184,-0.37734560988742144,184,0.31060830731717193
all(bb_reversion+stochastic+macd),triple,medium,mean-reversion+oscillator-reversion+trend,all,False,-0.06358194202643808,0.07088392260974366,-0.4549961861174676,19,0.05120000000000001,-0.24066717689666584,-0.13505330781749034,-0.4549961861174676,13,0.06021341463414635,0.2332116161480997,0.9835109005879429,-0.11068376111225738,6,0.03019538188277087
vote(bb_reversion+stochastic+macd),triple,medium,mean-reversion+oscillator-reversion+trend,vote,True,0.6807366309608289,0.45145104426062854,-0.7413734621459237,720,0.3407871426972961,1.3190194829153725,0.7653551153041703,-0.7413734621459237,487,0.3231352236668994,-0.2665963304145499,-0.34433230716329494,-0.41977929338837566,233,0.3813453501666617
all(bb_reversion+sma_regime+macd),triple,medium,mean-reversion+regime-filter+trend,all,False,0.05501772386440984,0.20151584282049415,-0.10318684903171792,3,0.0026666666666666666,0.05501772386440984,0.24090911378316146,-0.10318684903171792,3,0.0038109756097560975,0.0,0.0,0.0,0,0.0
vote(bb_reversion+sma_regime+macd),triple,medium,mean-reversion+regime-filter+trend,vote,True,0.1425925287423795,0.2730221056729954,-0.7338085295720523,812,0.39582609451458933,0.6107530743697998,0.5155090359280646,-0.7338085295720523,566,0.4027661514679347,-0.27354037795537445,-0.4774685298375721,-0.35899644034868544,246,0.3784844038847041
all(stochastic+sma_regime+vwap_reversion),triple,medium,oscillator-reversion+regime-filter+mean-reversion,all,False,0.17715909322186696,0.3101533698886652,-0.20165649963695972,18,0.0304,0.14704663337103874,0.406033189085843,-0.14261821380916262,10,0.01829268292682927,0.02625216706519562,0.1842708218309107,-0.15848692230495182,8,0.0586145648312611
vote(stochastic+sma_regime+vwap_reversion),triple,medium,oscillator-reversion+regime-filter+mean-reversion,vote,True,-0.3861047333297828,-0.003595726591557172,-0.7332134659213255,702,0.3726143168125616,-0.04530542513005453,0.19697871501391054,-0.7332134659213255,509,0.37503344915319,-0.34930474365377573,-0.5239365690838388,-0.4082469050778021,193,0.36639948804962696
all(stochastic+sma_regime+macd),triple,medium,oscillator-reversion+regime-filter+trend,all,False,0.06917944759767214,0.25537361989332436,-0.08414652149159967,5,0.0032,0.166426149604066,0.7775157961310036,-0.0017230484988453576,2,0.0022865853658536584,-0.08337150366476576,-0.9529597887849337,-0.08337150366476581,3,0.0053285968028419185
vote(stochastic+sma_regime+macd),triple,medium,oscillator-reversion+regime-filter+trend,vote,True,0.3225142974005615,0.3384082803631629,-0.7222125471140588,806,0.39591095050895936,0.9074123320290022,0.6182534150746686,-0.7222125471140588,559,0.3962634098524061,-0.28992392203193995,-0.493303022159537,-0.3501982950612046,247,0.39392081935749695
all(stochastic+vwap_reversion+macd),triple,medium,oscillator-reversion+mean-reversion+trend,all,False,-0.10495632758814333,0.041937063359338576,-0.4667765975585585,24,0.05973333333333334,-0.17154863886928906,-0.04597943051926298,-0.4549961861174677,17,0.06478658536585367,0.08038167888366687,0.36933622082140083,-0.10957063548217305,7,0.04795737122557727
vote(stochastic+vwap_reversion+macd),triple,medium,oscillator-reversion+mean-reversion+trend,vote,True,0.49491009151735166,0.39793748317108063,-0.7605004883659042,789,0.3992550633209845,1.5274941717882013,0.7992721072916767,-0.7605004883659042,550,0.37901947004775993,-0.40148819430020977,-0.6142609680412576,-0.4744436379564772,239,0.44583419549122055
all(sma_regime+vwap_reversion+macd),triple,medium,regime-filter+mean-reversion+trend,all,False,0.035372396120888494,0.14085049731446556,-0.11988627301005508,6,0.004266666666666667,0.035372396120888494,0.16838256078732483,-0.11988627301005508,6,0.006097560975609756,0.0,0.0,0.0,0,0.0
vote(sma_regime+vwap_reversion+macd),triple,medium,regime-filter+mean-reversion+trend,vote,True,-0.006287887399016423,0.2271412236549098,-0.7477515503683805,867,0.4557587150964305,0.7678120148780421,0.5655768502518974,-0.7477515503683805,596,0.4576932200744946,-0.4243300342287659,-0.8160956955723241,-0.47051125621072326,271,0.4500818276487281
buy_and_hold,single,long,baseline,-,False,0.8761443122910693,0.6170229927316624,-0.962745833059595,1,0.9994666666666666,5.652199869767727,1.0302169579281442,-0.962745833059595,1,0.9992378048780488,-0.7076373379954937,-0.6510521895056911,-0.758387435369125,1,0.9982238010657197
ma_crossover_50_200,single,long,trend,-,False,-0.1756230783124123,0.21791414790201763,-0.671979326854091,6,0.3781333333333333,1.2569483078982913,0.6737831576171688,-0.671979326854091,5,0.41615853658536583,-0.621361153144252,-0.9553887942209172,-0.6282767415181255,2,0.2877442273534636
macd_26_52_18,single,long,trend,-,False,2.628134401480163,0.7144371020665239,-0.8239095923930394,24,0.4976,2.916476302018734,0.8933984117684045,-0.8239095923930394,17,0.4603658536585366,-0.03848851865781289,0.18815687053669186,-0.37229567676969566,7,0.5825932504440497
ts_momentum_200,single,long,momentum,-,True,0.3358191818322773,0.38684235332058137,-0.7813759735592348,24,0.3984,5.0624800525589055,1.0982812348702864,-0.657269047675633,10,0.4535060975609756,-0.7715883196984433,-1.9758421861532864,-0.7773303709240132,15,0.2682060390763766
sma_regime_200,single,long,regime-filter,-,False,1.111641659801689,0.534984880751068,-0.5841841977455263,21,0.3562666666666667,2.44348297511805,0.8794010414586622,-0.5841841977455263,18,0.4024390243902439,-0.364313135958404,-0.5288062537394067,-0.3827226990889082,4,0.24689165186500894
breakout_60_30,single,long,breakout,-,False,2.697992285632425,0.7198676820909558,-0.6234410630058136,9,0.33973333333333333,3.514496588893614,0.9567025143863309,-0.6234410630058136,7,0.3910060975609756,-0.18086275782551742,-0.18365695542593743,-0.3838922279787525,2,0.22024866785079933
bb_breakout_60_2,single,long,breakout,-,False,1.6305495288868466,0.6058024091837898,-0.6892725177004327,17,0.2949333333333333,4.889120931465097,1.0733726765209641,-0.6651573370626134,11,0.33689024390243905,-0.44973849615714157,-1.1588199344919732,-0.5071974875202809,5,0.17229129662522205
keltner_50_30_2,single,long,breakout,-,False,0.10132762966339692,0.27772286801164087,-0.6321521338537153,18,0.2544,1.118604833181493,0.6453534401302726,-0.5894931407960559,12,0.27972560975609756,-0.46044814898584996,-1.020251769894125,-0.470302707066619,6,0.1936056838365897
rsi_30_35_55,single,long,oscillator-reversion,-,False,1.1635830684558637,0.5493711722131366,-0.5671780264527122,6,0.24320000000000003,0.7908161571247161,0.5658990638117573,-0.5671780264527122,4,0.25381097560975613,0.20815476220052176,0.5404824435859009,-0.17931392931392942,2,0.2184724689165187
stoch_40_5,single,long,oscillator-reversion,-,False,-0.6508491629112079,-0.04320015576438932,-0.8650114181383833,14,0.37653333333333333,-0.35733035595029916,0.1049139321133579,-0.8650114181383833,10,0.3757621951219512,-0.4565313245644601,-0.4154049726900285,-0.5949775353659049,4,0.3783303730017763
bb_reversion_60_2,single,long,mean-reversion,-,False,-0.5680195253957201,0.009143886302079402,-0.8341649988691066,12,0.2853333333333333,-0.549354249205237,-0.07987885141371327,-0.8341649988691066,7,0.24161585365853658,-0.041418955260457024,0.22506201727680267,-0.41278857863317925,5,0.3872113676731795
zscore_60_-2,single,long,mean-reversion,-,False,-0.5680195253957201,0.009143886302079402,-0.8341649988691066,12,0.2853333333333333,-0.549354249205237,-0.07987885141371327,-0.8341649988691066,7,0.24161585365853658,-0.041418955260457024,0.22506201727680267,-0.41278857863317925,5,0.3872113676731795
vwap_reversion_60_0.05,single,long,mean-reversion,-,False,-0.8792651109431716,-0.25876581990101616,-0.9364475770523044,23,0.45813333333333334,-0.7136528314699551,-0.13628486954728722,-0.9364475770523044,16,0.43597560975609756,-0.5783618546793481,-0.5754713091225558,-0.6797622134788097,7,0.5097690941385435
grid_120_4_0.1,single,long,mean-reversion,-,True,-0.4344893805841875,-0.09180231816420299,-0.6712057510263938,337,0.2569546687340248,-0.23108996701156215,0.0009846730181383451,-0.6712057510263938,194,0.20634742889662266,-0.26452953511621513,-0.29639509931834485,-0.3905437075957486,143,0.37488841414551977
obv_trend_60,single,long,volume-flow,-,True,6.939997088222654,0.9355620019553244,-0.721770151783308,52,0.4832,9.826548289818083,1.2710198861417727,-0.721770151783308,35,0.4916158536585366,-0.23975901018051637,-0.15291664852475365,-0.43699927257628174,18,0.46181172291296624
voltarget_200_60_0.6,single,long,risk-overlay,-,True,1.3849090283077263,0.6240872994717652,-0.46230407446789334,300,0.26207760960986975,2.199169835734964,0.9751772020194762,-0.46230407446789334,233,0.29213783120694975,-0.23628051804819128,-0.3945230025442171,-0.2794865736917289,67,0.19084169334656445
all(ma_crossover+ts_momentum),pair,long,trend+momentum,all,False,-0.14841446235842304,0.20790496081647655,-0.7592298851451369,13,0.31146666666666667,2.183785121440851,0.842268827146401,-0.533869357780209,8,0.3521341463414634,-0.722728338869432,-1.771277372184124,-0.7277925225686013,6,0.21492007104795738
any(ma_crossover+ts_momentum),pair,long,trend+momentum,any,True,0.31218300323645876,0.39181012086870715,-0.718625456333071,17,0.46453333333333335,3.3609124784054245,0.9476232128391616,-0.718625456333071,7,0.5167682926829268,-0.6880837555301444,-1.153498787346793,-0.6959250316481987,11,0.3410301953818828
all(ma_crossover+sma_regime),pair,long,trend+regime-filter,all,False,0.5057538436762545,0.40541270698885196,-0.6081037917636736,16,0.30506666666666665,1.1997899112887747,0.6701050751370372,-0.6081037917636736,15,0.3445121951219512,-0.29043247568666364,-0.40088927750530157,-0.3299515592179674,2,0.2113676731793961
any(ma_crossover+sma_regime),pair,long,trend+regime-filter,any,False,0.15609112241380596,0.3433018851098908,-0.681786197618598,11,0.42933333333333334,2.53295695833793,0.8695259404493715,-0.6506374520226226,8,0.4740853658536585,-0.6607852911602979,-1.0371316871595666,-0.6669808237005511,4,0.3232682060390764
all(ma_crossover+breakout),pair,long,trend+breakout,all,False,1.6798413265465362,0.6726612217433384,-0.5929510983116568,6,0.16693333333333332,1.332180374918202,0.7470494997794661,-0.5929510983116568,5,0.18826219512195122,0.1490712105149794,0.4557333852625262,-0.23784562934238163,1,0.11722912966252223
any(ma_crossover+breakout),pair,long,trend+breakout,any,False,-0.4012608015906637,0.16263472034592324,-0.8004036036652297,8,0.49493333333333334,1.2994488359275493,0.6727526832474757,-0.8004036036652297,6,0.5388719512195121,-0.7300801047355974,-1.2482520697369401,-0.7350100132884796,3,0.3907637655417407
all(ma_crossover+bb_breakout),pair,long,trend+breakout,all,False,0.9672664397649122,0.5332117064649646,-0.5398737623183404,8,0.1456,1.5380030970863192,0.8198820553319451,-0.5032121355844291,6,0.16463414634146342,-0.04513020535952206,-0.027276664616970057,-0.22178158022297634,1,0.07637655417406751
any(ma_crossover+bb_breakout),pair,long,trend+breakout,any,False,-0.643863237938905,0.006840401328632622,-0.8107490672772506,14,0.4730666666666667,0.6919503620631104,0.5474618171011726,-0.8107490672772506,9,0.510670731707317,-0.7818023122591113,-1.5019914325553374,-0.7857875488640649,6,0.3836589698046181
all(ma_crossover+keltner),pair,long,trend+breakout,all,False,0.9392079340001427,0.5205341207527976,-0.5679956965383546,10,0.17013333333333333,1.96371443139292,0.9104140809548371,-0.4946538190967377,7,0.19283536585365854,-0.3208673108110547,-0.7420715896345292,-0.3753308188416263,3,0.11545293072824156
any(ma_crossover+keltner),pair,long,trend+breakout,any,False,-0.4279141615439167,0.14651939552344234,-0.7851364252801278,13,0.4608,0.9714167069950497,0.6090285625213465,-0.7851364252801278,9,0.5007621951219512,-0.6991820686310035,-1.1443066146665428,-0.7046763093992273,5,0.36589698046181174
all(ma_crossover+rsi),pair,long,trend+oscillator-reversion,all,False,0.3174123407922771,0.5817709215627389,-0.10288519334802641,2,0.009600000000000003,0.3174123407922771,0.6956202222694547,-0.10288519334802641,2,0.013719512195121955,0.0,0.0,0.0,0,0.0
any(ma_crossover+rsi),pair,long,trend+oscillator-reversion,any,False,0.3538722042913214,0.4452745951873164,-0.7216199269079849,10,0.6117333333333334,2.067968448776538,0.7836071259423241,-0.6452063370320501,7,0.65625,-0.5425456740171143,-0.5227483271614448,-0.6852718307285585,4,0.5062166962699822
all(ma_crossover+stochastic),pair,long,trend+oscillator-reversion,all,False,-0.4304584543513491,-0.15932588744735104,-0.5329341086575882,8,0.11573333333333335,0.20255969320516876,0.3199126886272882,-0.5083729332486487,6,0.12347560975609756,-0.5262295355381934,-1.1128251583144848,-0.5329341086575882,2,0.09769094138543519
any(ma_crossover+stochastic),pair,long,trend+oscillator-reversion,any,False,-0.37938894871721984,0.248535084560644,-0.8430790639325892,12,0.624,0.48118313134794866,0.5275780427611138,-0.8430790639325892,9,0.6471036585365854,-0.5656581234904681,-0.4702746016095324,-0.6776551807724043,4,0.5683836589698048
all(ma_crossover+bb_reversion),pair,long,trend+mean-reversion,all,False,-0.44233149974994457,-0.3545835496560878,-0.49778520765271944,5,0.045866666666666674,-0.1626004336483955,-0.1623883342802876,-0.409144893111639,3,0.03810975609756098,-0.33404730231744184,-0.64558078982978,-0.47123448214629904,2,0.06394316163410305
any(ma_crossover+bb_reversion),pair,long,trend+mean-reversion,any,False,-0.36142218231128487,0.2788327627386639,-0.8524363259765405,13,0.6176,0.21457450610948214,0.47872459816188606,-0.8524363259765405,9,0.6196646341463415,-0.45498227928048696,-0.23314908825480382,-0.5953015678421096,5,0.61101243339254
all(ma_crossover+zscore),pair,long,trend+mean-reversion,all,False,-0.44233149974994457,-0.3545835496560878,-0.49778520765271944,5,0.045866666666666674,-0.1626004336483955,-0.1623883342802876,-0.409144893111639,3,0.03810975609756098,-0.33404730231744184,-0.64558078982978,-0.47123448214629904,2,0.06394316163410305
any(ma_crossover+zscore),pair,long,trend+mean-reversion,any,False,-0.36142218231128487,0.2788327627386639,-0.8524363259765405,13,0.6176,0.21457450610948214,0.47872459816188606,-0.8524363259765405,9,0.6196646341463415,-0.45498227928048696,-0.23314908825480382,-0.5953015678421096,5,0.61101243339254
all(ma_crossover+vwap_reversion),pair,long,trend+mean-reversion,all,False,-0.5959859688920248,-0.28689657751486,-0.5959859688920248,14,0.16,-0.02496196403051476,0.15640933731058632,-0.5626561726173696,11,0.16463414634146342,-0.5856427993537074,-1.166145550113167,-0.5920925310261178,3,0.14920071047957373
any(ma_crossover+vwap_reversion),pair,long,trend+mean-reversion,any,False,-0.7243653289971571,0.09125596136592114,-0.92612185741363,15,0.6618666666666667,-0.2584086970416346,0.327573969088888,-0.92612185741363,10,0.666920731707317,-0.6147078393096667,-0.5310509714667119,-0.7081695174787256,6,0.6483126110124334
all(ma_crossover+obv_trend),pair,long,trend+volume-flow,all,False,2.6570042435780494,0.7941012068678676,-0.4735808917832344,21,0.2032,3.2743315072730006,1.0809867892026888,-0.4735808917832344,14,0.22865853658536586,-0.1130927232381933,-0.09110188964849686,-0.2822437550492811,8,0.14209591474245115
any(ma_crossover+obv_trend),pair,long,trend+volume-flow,any,True,0.20311432276175,0.3960062547248407,-0.71085872523851,32,0.6106666666666667,2.842639303154462,0.8690613176284198,-0.6846097259895942,21,0.6112804878048781,-0.6754375803875265,-0.8658651656284421,-0.6910199252817938,12,0.6074600355239788
all(macd+ts_momentum),pair,long,trend+momentum,all,True,2.879054941470436,0.8289387753274982,-0.39786875708438624,22,0.20693333333333333,4.65820603933032,1.2330999438440962,-0.38304570242080427,12,0.23932926829268292,-0.28843630173948254,-0.8470522338322418,-0.3310858780718093,10,0.12966252220248667
any(macd+ts_momentum),pair,long,trend+momentum,any,True,0.12954929299187246,0.4195014753617763,-0.853973329802371,25,0.6757333333333333,2.7937363377039772,0.8675043246661572,-0.853973329802371,14,0.6554878048780488,-0.6913551750609397,-0.9392857566142058,-0.7223517679408537,12,0.7211367673179396
all(macd+sma_regime),pair,long,trend+regime-filter,all,False,3.6267431743097553,0.9255233383486363,-0.3562363544653033,16,0.19733333333333333,4.492450175356564,1.2634405939044373,-0.32954083825534686,12,0.2225609756097561,-0.1256689982279826,-0.16731552107656691,-0.2934169728203775,4,0.13676731793960925
any(macd+sma_regime),pair,long,trend+regime-filter,any,False,0.4970223075850564,0.4770362284001296,-0.8347051652371401,28,0.6432,1.2198692427263698,0.6814455744141861,-0.8347051652371401,22,0.6211890243902439,-0.30092811866943237,-0.13158297918961728,-0.4852638975432206,7,0.6927175843694494
all(macd+breakout),pair,long,trend+breakout,all,False,2.687006301024765,0.7868809589899715,-0.4056719191018514,12,0.19626666666666667,3.260173887571953,1.0471114982112864,-0.4056719191018514,9,0.22027439024390244,-0.13454089003720437,-0.21941029155189112,-0.35421858502287806,3,0.14031971580817051
any(macd+breakout),pair,long,trend+breakout,any,False,0.45022076287727986,0.4637525140288727,-0.8727299155071903,21,0.6053333333333333,0.6540024061375065,0.5754581564710506,-0.8727299155071903,15,0.5800304878048781,-0.08995138640391909,0.1559828908738246,-0.39816832191769497,6,0.6625222024866785
all(macd+bb_breakout),pair,long,trend+breakout,all,False,0.5097085005364459,0.3965523427606748,-0.6259177134942957,18,0.20853333333333332,1.8396338005741417,0.811023797448858,-0.6259177134942957,12,0.21798780487804878,-0.3450564290255397,-0.8268180577804771,-0.41344645217844433,5,0.16163410301953818
any(macd+bb_breakout),pair,long,trend+breakout,any,False,0.8727388854529228,0.5258924815920961,-0.8455368511453629,23,0.5466666666666666,1.4061578633073002,0.707298556498082,-0.8455368511453629,16,0.5259146341463414,-0.1921704752390676,-0.03620587462813886,-0.3854834197370689,7,0.5932504440497336
all(macd+keltner),pair,long,trend+breakout,all,False,1.2114146659014544,0.5567994084985527,-0.4716379670813285,17,0.2144,2.110738220604539,0.8596193318959042,-0.4716379670813285,12,0.22942073170731708,-0.26214108154675064,-0.5078249499659292,-0.32611022861988065,5,0.17761989342806395
any(macd+keltner),pair,long,trend+breakout,any,False,0.49963511497897173,0.45929117541388104,-0.8296199256029815,25,0.5253333333333333,1.2137974433725947,0.6747092867819496,-0.8296199256029815,17,0.49314024390243905,-0.29690448057868857,-0.19564066519933052,-0.5067328667045997,8,0.5985790408525755
all(macd+rsi),pair,long,trend+oscillator-reversion,all,False,0.9098860787490295,0.5359981914309997,-0.5137314941979327,8,0.15146666666666667,0.5148598278237426,0.48854764688526914,-0.5137314941979327,6,0.15777439024390244,0.26076752691553273,0.8621472560186635,-0.1793139293139293,2,0.13676731793960925
any(macd+rsi),pair,long,trend+oscillator-reversion,any,False,3.116653834286681,0.7447545021974541,-0.8624526697702636,21,0.5893333333333334,3.63733990353289,0.9362539681696588,-0.8624526697702636,14,0.5564024390243902,-0.07861310646536945,0.17635335406762084,-0.3973485451366825,7,0.6642984014209592
all(macd+stochastic),pair,long,trend+oscillator-reversion,all,False,0.3929123953661784,0.3596151827553753,-0.4514528286044854,14,0.13493333333333335,0.06639270243433981,0.22394375318743498,-0.4514528286044854,10,0.13033536585365857,0.30619085463213147,0.7834135829227666,-0.2668244136683138,4,0.14564831261101244
any(macd+stochastic),pair,long,trend+oscillator-reversion,any,False,-0.08764807253355666,0.3972728354442915,-0.9530197168540292,22,0.7392,1.3640736196169128,0.7185610103048938,-0.9530197168540292,16,0.7057926829268293,-0.5999425586789375,-0.506701471291517,-0.6733355671811377,7,0.8152753108348135
all(macd+bb_reversion),pair,long,trend+mean-reversion,all,False,-0.37414351042236893,-0.05105488388923409,-0.7079645394400994,13,0.128,-0.5146107896049104,-0.28931870931615533,-0.7079645394400994,8,0.11356707317073171,0.2893910210080821,0.7311768146085298,-0.2668244136683138,5,0.16163410301953818
any(macd+bb_reversion),pair,long,trend+mean-reversion,any,False,1.5042214098270685,0.6251647455365237,-0.8889642266964807,23,0.6549333333333334,2.6361405770773687,0.8534516690538736,-0.8889642266964807,16,0.5884146341463414,-0.2851767498788237,0.017958189843581177,-0.5917478381406764,7,0.808170515097691
all(macd+zscore),pair,long,trend+mean-reversion,all,False,-0.37414351042236893,-0.05105488388923409,-0.7079645394400994,13,0.128,-0.5146107896049104,-0.28931870931615533,-0.7079645394400994,8,0.11356707317073171,0.2893910210080821,0.7311768146085298,-0.2668244136683138,5,0.16163410301953818
any(macd+zscore),pair,long,trend+mean-reversion,any,False,1.5042214098270685,0.6251647455365237,-0.8889642266964807,23,0.6549333333333334,2.6361405770773687,0.8534516690538736,-0.8889642266964807,16,0.5884146341463414,-0.2851767498788237,0.017958189843581177,-0.5917478381406764,7,0.808170515097691
all(macd+vwap_reversion),pair,long,trend+mean-reversion,all,False,-0.4317591615531887,-0.07235924381140312,-0.7516464416729435,21,0.1424,-0.5536200470322864,-0.3003137885825243,-0.7516464416729435,13,0.12576219512195125,0.27299811442901456,0.6761741268642416,-0.2668244136683138,8,0.1811722912966252
any(macd+vwap_reversion),pair,long,trend+mean-reversion,any,False,-0.22665469308283837,0.3768762137563716,-0.9556331164428035,24,0.8133333333333334,1.5204231308575467,0.7433596079600235,-0.9556331164428035,18,0.770579268292683,-0.6815314075469203,-0.6395905617887667,-0.7329092475263542,6,0.911190053285968
all(macd+obv_trend),pair,long,trend+volume-flow,all,True,5.7647762354568215,0.9562112508569856,-0.6058742466283839,38,0.33866666666666667,7.593975342931046,1.3118487579140903,-0.6058742466283839,25,0.31859756097560976,-0.18299268861434803,-0.12869575275413964,-0.3465487748048428,13,0.3836589698046181
any(macd+obv_trend),pair,long,trend+volume-flow,any,True,1.7266616269642974,0.6362006257826244,-0.875375780123812,35,0.6224,2.1541149553695162,0.80489639030892,-0.875375780123812,25,0.6051829268292683,-0.10386243157945374,0.1357794343855009,-0.4188100408651317,11,0.6607460035523979
all(ts_momentum+sma_regime),pair,long,momentum+regime-filter,all,False,1.269213617966873,0.5640930423498116,-0.6643199392592007,20,0.2949333333333333,3.5428034389025287,1.0276329667235438,-0.5947630219880794,17,0.3445121951219512,-0.48218766564452165,-1.096440211175197,-0.4916451658166613,4,0.17761989342806395
any(ts_momentum+sma_regime),pair,long,momentum+regime-filter,any,True,0.26136768409528477,0.37659052352850675,-0.7316085142211586,25,0.4592,3.663086819936222,0.976033296168814,-0.716196628384069,11,0.510670731707317,-0.7195928039410329,-1.4404743530589552,-0.726641972712364,15,0.33747779751332146
all(ts_momentum+breakout),pair,long,momentum+breakout,all,False,1.6522059245670269,0.6659304404455199,-0.5367976638106469,13,0.184,2.1529932010475403,0.9201783710019034,-0.5367976638106469,8,0.22027439024390244,-0.15882916471692166,-0.3240440762198403,-0.2378456293423818,5,0.0994671403197158
any(ts_momentum+breakout),pair,long,momentum+breakout,any,True,-0.019694631204589474,0.3169193430663713,-0.7871026020160306,19,0.4981333333333333,3.568688658378152,0.9414154611077078,-0.7601197889368742,8,0.5442073170731707,-0.7775713255444814,-1.6729348671550568,-0.7831629697242929,12,0.38898756660746014
all(ts_momentum+bb_breakout),pair,long,momentum+breakout,all,False,1.3468167788794907,0.6234606029248576,-0.5399758473746065,14,0.1536,2.365964540713729,0.9957755857811087,-0.4949900613108168,8,0.17759146341463414,-0.14109967298135706,-0.4334593774027142,-0.22178158022297634,5,0.07282415630550622
any(ts_momentum+bb_breakout),pair,long,momentum+breakout,any,True,-0.5154735097126615,0.10985102515253199,-0.8587231470330493,25,0.48533333333333334,2.4268803340938305,0.8277435906839014,-0.8097193751930205,12,0.5350609756097561,-0.8534318714377707,-2.2832661545123174,-0.8561088414694576,14,0.36767317939609245
all(ts_momentum+keltner),pair,long,momentum+breakout,all,False,1.536641830579275,0.6440472609151211,-0.624381289287287,17,0.1888,3.532532510142633,1.143668676117862,-0.48629010063481215,10,0.22179878048780488,-0.4191221278709337,-1.2474411510837968,-0.4297314784235634,7,0.11012433392539966
any(ts_momentum+keltner),pair,long,momentum+breakout,any,True,-0.2913230997564832,0.21500644480387857,-0.8174768671164606,24,0.4624,2.4626019568849444,0.8340942042271967,-0.8174768671164606,11,0.5091463414634146,-0.7878384582834062,-1.8154535743676055,-0.7917134486692641,14,0.3516873889875667
all(ts_momentum+rsi),pair,long,momentum+oscillator-reversion,all,False,0.2933386964161626,0.3512320042565587,-0.3304710083319164,2,0.04000000000000001,0.2933386964161626,0.41991295430869924,-0.3304710083319164,2,0.05716463414634147,0.0,0.0,0.0,0,0.0
any(ts_momentum+rsi),pair,long,momentum+oscillator-reversion,any,True,1.2346472523705474,0.5758813071116294,-0.8135915229728244,28,0.6016,7.394388307140982,1.134332216043041,-0.6399813170730063,12,0.6501524390243903,-0.7240433407014514,-1.2587967440356955,-0.8101420639258652,17,0.4866785079928953
all(ts_momentum+stochastic),pair,long,momentum+oscillator-reversion,all,False,-0.4694598153960684,-0.1853981174133801,-0.6204221325408952,15,0.11573333333333335,0.30701025600671006,0.38504803126059434,-0.6204221325408952,7,0.13490853658536586,-0.593941594276329,-1.8836773611274158,-0.593941594276329,8,0.0710479573712256
any(ts_momentum+stochastic),pair,long,momentum+oscillator-reversion,any,True,0.08302435476449777,0.396213174113542,-0.8407681009461445,21,0.6442666666666667,2.6665700519667475,0.8496975906972389,-0.8407681009461445,12,0.6730182926829268,-0.6938042262793231,-0.8454840113126634,-0.772758219581714,10,0.5754884547069272
all(ts_momentum+bb_reversion),pair,long,momentum+mean-reversion,all,False,-0.6008378310133167,-0.564715027837638,-0.6405299102950054,10,0.061333333333333344,-0.30178271247204147,-0.23565129949654925,-0.5455542725417735,3,0.07164634146341464,-0.42831239484212924,-1.495245089417411,-0.4283123948421292,7,0.037300177619893425
any(ts_momentum+bb_reversion),pair,long,momentum+mean-reversion,any,True,0.45028101393029485,0.48732869695728304,-0.8502631666941776,24,0.6224,2.919131870611854,0.8821290662113174,-0.8502631666941776,13,0.6234756097560976,-0.6163958997732024,-0.595902921230199,-0.7094480991625992,12,0.6181172291296626
all(ts_momentum+zscore),pair,long,momentum+mean-reversion,all,False,-0.6008378310133167,-0.564715027837638,-0.6405299102950054,10,0.061333333333333344,-0.30178271247204147,-0.23565129949654925,-0.5455542725417735,3,0.07164634146341464,-0.42831239484212924,-1.495245089417411,-0.4283123948421292,7,0.037300177619893425
any(ts_momentum+zscore),pair,long,momentum+mean-reversion,any,True,0.45028101393029485,0.48732869695728304,-0.8502631666941776,24,0.6224,2.919131870611854,0.8821290662113174,-0.8502631666941776,13,0.6234756097560976,-0.6163958997732024,-0.595902921230199,-0.7094480991625992,12,0.6181172291296626
all(ts_momentum+vwap_reversion),pair,long,momentum+mean-reversion,all,False,-0.5868496333526496,-0.26148620475791085,-0.657269047675633,21,0.16213333333333332,0.1633562561416726,0.30340342694741973,-0.657269047675633,12,0.1791158536585366,-0.6448634161150398,-1.7905170883571646,-0.6503913414643322,9,0.12255772646536414
any(ts_momentum+vwap_reversion),pair,long,momentum+mean-reversion,any,True,-0.5560970240816103,0.21213849817159267,-0.9250338594873938,25,0.6794666666666667,0.6968608206939666,0.606887652592284,-0.9250338594873938,13,0.6890243902439024,-0.7288167943770081,-0.8916690633151196,-0.7945986609049395,13,0.655417406749556
all(ts_momentum+obv_trend),pair,long,momentum+volume-flow,all,True,4.608228347575464,0.9672400990065799,-0.5078017087088942,34,0.2256,8.960802103757672,1.5175543378085006,-0.4293055071804185,19,0.25609756097560976,-0.41635021173595366,-1.0973050344495927,-0.42369521292732487,16,0.15275310834813502
any(ts_momentum+obv_trend),pair,long,momentum+volume-flow,any,True,0.27327846681110834,0.4135298536165026,-0.7578387517793984,36,0.6085333333333334,3.4292706743200663,0.9177864287923587,-0.7578387517793984,21,0.6211890243902439,-0.7020028370806675,-1.0866903686479912,-0.7163097755600716,16,0.5772646536412078
all(sma_regime+breakout),pair,long,regime-filter+breakout,all,False,0.9072374560783285,0.5081538971061135,-0.6188300738591024,13,0.18453333333333333,1.2121634473307452,0.7144684001998184,-0.5926312172933622,10,0.2027439024390244,-0.1378406245796837,-0.14800371542816568,-0.2562819057521168,3,0.14209591474245115
any(sma_regime+breakout),pair,long,regime-filter+breakout,any,False,1.1549460443704098,0.5421040042424373,-0.6071989279788347,16,0.4554666666666667,2.6986650458784767,0.8705153806975167,-0.6071989279788347,14,0.510670731707317,-0.396034190959506,-0.531182544727273,-0.43357828204549465,3,0.3250444049733571
all(sma_regime+bb_breakout),pair,long,regime-filter+breakout,all,False,0.7084740438064174,0.4568326865504359,-0.587430440482643,11,0.1744,1.63462484626336,0.8278654686426777,-0.4675576462117088,7,0.1951219512195122,-0.2011546309000738,-0.4491294408348241,-0.32811524647651974,3,0.10124333925399645
any(sma_regime+bb_breakout),pair,long,regime-filter+breakout,any,False,0.05042729968259363,0.3068646254450749,-0.7034403672725384,26,0.4224,1.4867796802438655,0.7050771201107929,-0.6275585600763097,21,0.46646341463414637,-0.5621255085013526,-1.0278657702472702,-0.5701229967880667,6,0.3179396092362345
all(sma_regime+keltner),pair,long,regime-filter+breakout,all,False,1.2740895118903257,0.5839745129166356,-0.5845072207048763,13,0.21333333333333335,2.8729843271007063,1.0353428150313517,-0.4583850989303208,8,0.24161585365853658,-0.390563548729282,-0.8768939814953612,-0.40169450286148733,5,0.14564831261101244
any(sma_regime+keltner),pair,long,regime-filter+breakout,any,False,0.24960403122854857,0.35869448150396116,-0.655280331924161,25,0.3957333333333333,1.3016822889715174,0.6728386255361957,-0.655280331924161,21,0.4382621951219512,-0.4372078935484195,-0.6710047839916818,-0.44748691954008446,5,0.29484902309058625
all(sma_regime+rsi),pair,long,regime-filter+oscillator-reversion,all,False,0.0,0.0,0.0,0,0.0,0.0,0.0,0.0,0,0.0,0.0,0.0,0.0,0,0.0
any(sma_regime+rsi),pair,long,regime-filter+oscillator-reversion,any,False,3.5760279338534904,0.7660321589300413,-0.6354798784434268,26,0.5994666666666667,5.176519480168329,1.0310974319997261,-0.5841841977455263,21,0.65625,-0.23199188793983028,-0.07237789101954031,-0.47161110221229763,6,0.46536412078152756
all(sma_regime+stochastic),pair,long,regime-filter+oscillator-reversion,all,False,0.128106710713775,0.21494108197676048,-0.2713878313617288,12,0.06026666666666668,0.27961476740516744,0.40175069535376456,-0.2713878313617288,11,0.07469512195121951,-0.11809834881908243,-0.6047670078324281,-0.1709042235217674,1,0.0266429840142096
any(sma_regime+stochastic),pair,long,regime-filter+oscillator-reversion,any,False,-0.1935568788296984,0.3236789824243915,-0.8430790639325892,20,0.6576,1.1340131881969056,0.6596864941644004,-0.8430790639325892,14,0.6821646341463414,-0.6082602889677706,-0.5471718390813405,-0.7092721812786492,7,0.5985790408525756
all(sma_regime+bb_reversion),pair,long,regime-filter+mean-reversion,all,False,-0.009212281150296042,-0.0030699636252731997,-0.1077347057271048,1,0.006400000000000002,-0.009212281150296042,-0.0036700069453888566,-0.1077347057271048,1,0.009146341463414637,0.0,0.0,0.0,0,0.0
any(sma_regime+bb_reversion),pair,long,regime-filter+mean-reversion,any,False,-0.07637970627748714,0.37356067014099037,-0.8524363259765405,30,0.6352,0.5687273817961527,0.5684419953054486,-0.8524363259765405,23,0.634908536585366,-0.3896668693326608,-0.12742208671185276,-0.5953015678421094,8,0.6341030195381883
all(sma_regime+zscore),pair,long,regime-filter+mean-reversion,all,False,-0.009212281150296042,-0.0030699636252731997,-0.1077347057271048,1,0.006400000000000002,-0.009212281150296042,-0.0036700069453888566,-0.1077347057271048,1,0.009146341463414637,0.0,0.0,0.0,0,0.0
any(sma_regime+zscore),pair,long,regime-filter+mean-reversion,any,False,-0.07637970627748714,0.37356067014099037,-0.8524363259765405,30,0.6352,0.5687273817961527,0.5684419953054486,-0.8524363259765405,23,0.634908536585366,-0.3896668693326608,-0.12742208671185276,-0.5953015678421094,8,0.6341030195381883
all(sma_regime+vwap_reversion),pair,long,regime-filter+mean-reversion,all,False,-0.3017946129599832,-0.16120861276848356,-0.4068051565676129,18,0.09066666666666669,-0.10083427584298355,0.01424847139927054,-0.4068051565676129,15,0.09832317073170734,-0.2234964386630769,-0.6536446211943805,-0.23558320729044133,3,0.07282415630550622
any(sma_regime+vwap_reversion),pair,long,regime-filter+mean-reversion,any,False,-0.5875125669546846,0.2035741855527475,-0.92612185741363,20,0.7093333333333334,0.23877376165712993,0.5064179758131676,-0.92612185741363,13,0.7195121951219512,-0.6548247249533187,-0.6068652458758399,-0.7385551086977672,8,0.6838365896980462
all(sma_regime+obv_trend),pair,long,regime-filter+volume-flow,all,False,4.001649658284929,0.8989961319024956,-0.48112132132809543,26,0.25066666666666665,5.381799832679255,1.2579203698922954,-0.48112132132809543,18,0.2820121951219512,-0.1875604708605494,-0.2211361227273371,-0.282243755049281,9,0.17584369449378331
any(sma_regime+obv_trend),pair,long,regime-filter+volume-flow,any,True,1.253271321536353,0.5604470660602506,-0.6846097259895938,42,0.5413333333333333,2.926729381657028,0.8862324851491049,-0.6846097259895938,30,0.5442073170731707,-0.4051554689293363,-0.4081477291889502,-0.48745836099859197,13,0.5328596802841918
all(breakout+rsi),pair,long,breakout+oscillator-reversion,all,False,0.0,0.0,0.0,0,0.0,0.0,0.0,0.0,0,0.0,0.0,0.0,0.0,0,0.0
any(breakout+rsi),pair,long,breakout+oscillator-reversion,any,False,7.01372520743784,0.905782985679816,-0.7126689041581676,14,0.5829333333333333,7.097579202783468,1.100638048232498,-0.7126689041581676,10,0.6448170731707317,0.20421156912204252,0.5047760327883317,-0.4105304386750225,4,0.5648312611012435
all(breakout+stochastic),pair,long,breakout+oscillator-reversion,all,False,0.0,0.0,0.0,0,0.0,0.0,0.0,0.0,0,0.0,0.0,0.0,0.0,0,0.0
any(breakout+stochastic),pair,long,breakout+oscillator-reversion,any,False,0.2911571020764545,0.47163916947786244,-0.9303405811557581,23,0.7162666666666667,1.9013299158478447,0.7719356889309872,-0.9303405811557581,17,0.7667682926829268,-0.554824567995513,-0.4494084499040285,-0.6682310153009154,6,0.5985790408525755
all(breakout+bb_reversion),pair,long,breakout+mean-reversion,all,False,0.0,0.0,0.0,0,0.0,0.0,0.0,0.0,0,0.0,0.0,0.0,0.0,0,0.0
any(breakout+bb_reversion),pair,long,breakout+mean-reversion,any,False,0.5974604626304598,0.5214551087283971,-0.9169388247303376,21,0.6250666666666667,1.034438704762358,0.6663440305866112,-0.9169388247303376,14,0.6326219512195121,-0.21479056661131646,0.08964534395917789,-0.5404070118977468,7,0.6074600355239786
all(breakout+zscore),pair,long,breakout+mean-reversion,all,False,0.0,0.0,0.0,0,0.0,0.0,0.0,0.0,0,0.0,0.0,0.0,0.0,0,0.0
any(breakout+zscore),pair,long,breakout+mean-reversion,any,False,0.5974604626304598,0.5214551087283971,-0.9169388247303376,21,0.6250666666666667,1.034438704762358,0.6663440305866112,-0.9169388247303376,14,0.6326219512195121,-0.21479056661131646,0.08964534395917789,-0.5404070118977468,7,0.6074600355239786
all(breakout+vwap_reversion),pair,long,breakout+mean-reversion,all,False,0.04904450193608212,0.1355739629729246,-0.3036398710475637,8,0.026666666666666672,0.04881604807309681,0.16202062581280377,-0.3036398710475637,6,0.03201219512195122,0.00021782071642073575,0.04318229568640266,-0.0847252238708416,2,0.01420959147424512
any(breakout+vwap_reversion),pair,long,breakout+mean-reversion,any,False,-0.5723490016628638,0.25679978938072173,-0.9653977096082245,21,0.7712,0.2364957870388671,0.5386736621436301,-0.9653977096082245,15,0.7949695121951219,-0.6541427776626191,-0.5991128343786418,-0.7373184742346766,6,0.7158081705150977
all(breakout+obv_trend),pair,long,breakout+volume-flow,all,False,1.5703759972465452,0.6023235539447186,-0.6162828510042033,20,0.2848,1.8766866177841308,0.7774579742868105,-0.6162828510042033,17,0.3231707317073171,-0.1064803578686413,-0.04410002078356827,-0.32794607835262846,3,0.19538188277087037
any(breakout+obv_trend),pair,long,breakout+volume-flow,any,True,10.423250143809573,1.0244573983122243,-0.684609725989594,41,0.5381333333333334,15.990524800899056,1.4067229327292303,-0.684609725989594,25,0.5594512195121951,-0.30304642626179645,-0.2550122990644763,-0.4369992725762814,17,0.4866785079928952
all(bb_breakout+rsi),pair,long,breakout+oscillator-reversion,all,False,-0.13834687650625566,-0.37168466550981244,-0.23614316962676157,2,0.005333333333333335,-0.13834687650625566,-0.44436885750911675,-0.23614316962676157,2,0.0076219512195121976,0.0,0.0,0.0,0,0.0
any(bb_breakout+rsi),pair,long,breakout+oscillator-reversion,any,False,5.626395193774445,0.8579358325614553,-0.7162102791457199,19,0.5328,11.278879927747736,1.242493109665389,-0.7088347861946678,11,0.583079268292683,-0.191061967575737,0.06472597711815474,-0.5499197997617798,7,0.5168738898756662
all(bb_breakout+stochastic),pair,long,breakout+oscillator-reversion,all,False,0.0,0.0,0.0,0,0.0,0.0,0.0,0.0,0,0.0,0.0,0.0,0.0,0,0.0
any(bb_breakout+stochastic),pair,long,breakout+oscillator-reversion,any,False,-0.0800707197053836,0.38775626204896196,-0.9421457598638472,30,0.6714666666666667,2.7847592527903138,0.854128848259456,-0.9421457598638472,21,0.7126524390243902,-0.7009501093633537,-0.906261401830766,-0.777131729520302,9,0.5506216696269982
all(bb_breakout+bb_reversion),pair,long,breakout+mean-reversion,all,False,0.0,0.0,0.0,0,0.0,0.0,0.0,0.0,0,0.0,0.0,0.0,0.0,0,0.0
any(bb_breakout+bb_reversion),pair,long,breakout+mean-reversion,any,True,0.136346033958604,0.43567704829706694,-0.9310151985220109,29,0.5802666666666667,1.6539073236812403,0.7502407086985055,-0.9310151985220109,18,0.5785060975609756,-0.47252975276636067,-0.34909387396829583,-0.6768801602049908,10,0.5595026642984015
all(bb_breakout+zscore),pair,long,breakout+mean-reversion,all,False,0.0,0.0,0.0,0,0.0,0.0,0.0,0.0,0,0.0,0.0,0.0,0.0,0,0.0
any(bb_breakout+zscore),pair,long,breakout+mean-reversion,any,True,0.136346033958604,0.43567704829706694,-0.9310151985220109,29,0.5802666666666667,1.6539073236812403,0.7502407086985055,-0.9310151985220109,18,0.5785060975609756,-0.47252975276636067,-0.34909387396829583,-0.6768801602049908,10,0.5595026642984015
all(bb_breakout+vwap_reversion),pair,long,breakout+mean-reversion,all,False,0.0,0.0,0.0,0,0.0,0.0,0.0,0.0,0,0.0,0.0,0.0,0.0,0,0.0
any(bb_breakout+vwap_reversion),pair,long,breakout+mean-reversion,any,True,-0.6793372604902728,0.19511188210805894,-0.97518440816295,34,0.7530666666666667,0.6944469621668585,0.6339347390398231,-0.97518440816295,24,0.7728658536585366,-0.7672451347860475,-1.0120614233469112,-0.8232206842161555,10,0.6820603907637656
all(bb_breakout+obv_trend),pair,long,breakout+volume-flow,all,False,0.6089002229240497,0.43335233043075094,-0.6839816047574702,26,0.27626666666666666,2.286284218051086,0.8339265654579108,-0.6839816047574702,18,0.31478658536585363,-0.4157044524577599,-1.0441963324770474,-0.4767173210398551,5,0.17051509769094142
any(bb_breakout+obv_trend),pair,long,breakout+volume-flow,any,True,10.086285491489567,1.0233462199279693,-0.7468595020008761,43,0.5008,15.568519847945645,1.4132344999010495,-0.7468595020008761,28,0.5121951219512195,-0.28404152299173513,-0.233326370335587,-0.43699927257628157,18,0.4635879218472469
all(keltner+rsi),pair,long,breakout+oscillator-reversion,all,False,0.0,0.0,0.0,0,0.0,0.0,0.0,0.0,0,0.0,0.0,0.0,0.0,0,0.0
any(keltner+rsi),pair,long,breakout+oscillator-reversion,any,False,1.3981127283360872,0.5837839460248659,-0.7077201097767146,20,0.4976,2.818391442138493,0.8599090846324777,-0.7077201097767146,12,0.5335365853658537,-0.3481378617431483,-0.35902328131810873,-0.5162235223406842,8,0.41207815275310833
all(keltner+stochastic),pair,long,breakout+oscillator-reversion,all,False,0.0,0.0,0.0,0,0.0,0.0,0.0,0.0,0,0.0,0.0,0.0,0.0,0,0.0
any(keltner+stochastic),pair,long,breakout+oscillator-reversion,any,True,-0.614238070753904,0.1446234815191327,-0.9165581935594425,30,0.6309333333333333,0.3637432590411773,0.5098073806714892,-0.9165581935594425,21,0.6554878048780488,-0.7067704702005457,-0.8786860811523869,-0.7823810576705384,10,0.5719360568383659
all(keltner+bb_reversion),pair,long,breakout+mean-reversion,all,False,0.0,0.0,0.0,0,0.0,0.0,0.0,0.0,0,0.0,0.0,0.0,0.0,0,0.0
any(keltner+bb_reversion),pair,long,breakout+mean-reversion,any,True,-0.5242479678431986,0.18911999396865842,-0.9005048473764391,30,0.5397333333333333,-0.045259734313510824,0.3871465914445457,-0.9005048473764391,19,0.5213414634146342,-0.48279582296370194,-0.33757146937714066,-0.6626390828662223,11,0.5808170515097691
all(keltner+zscore),pair,long,breakout+mean-reversion,all,False,0.0,0.0,0.0,0,0.0,0.0,0.0,0.0,0,0.0,0.0,0.0,0.0,0,0.0
any(keltner+zscore),pair,long,breakout+mean-reversion,any,True,-0.5242479678431986,0.18911999396865842,-0.9005048473764391,30,0.5397333333333333,-0.045259734313510824,0.3871465914445457,-0.9005048473764391,19,0.5213414634146342,-0.48279582296370194,-0.33757146937714066,-0.6626390828662223,11,0.5808170515097691
all(keltner+vwap_reversion),pair,long,breakout+mean-reversion,all,False,0.0,0.0,0.0,0,0.0,0.0,0.0,0.0,0,0.0,0.0,0.0,0.0,0,0.0
any(keltner+vwap_reversion),pair,long,breakout+mean-reversion,any,True,-0.8661776021347469,-0.04355161588823757,-0.9642662767372648,37,0.7125333333333334,-0.39237207725003764,0.2926255296375627,-0.9642662767372648,27,0.7157012195121951,-0.7714097539714864,-0.9846989884839145,-0.8268596960845676,10,0.7033747779751334
all(keltner+obv_trend),pair,long,breakout+volume-flow,all,False,0.3147038528958901,0.34553151286288175,-0.6008890038920279,23,0.24053333333333332,1.4501734290573864,0.7208923337074732,-0.5483454738424369,15,0.26371951219512196,-0.4430737085872889,-1.0021515708412772,-0.4430737085872889,8,0.1847246891651865
any(keltner+obv_trend),pair,long,breakout+volume-flow,any,True,2.629979855874359,0.7089011473827206,-0.7133431343887016,43,0.4608,4.109029648033349,1.0071535938832377,-0.7133431343887016,28,0.4557926829268293,-0.2634762631991442,-0.1863042531328849,-0.4369992725762814,16,0.4706927175843694
all(rsi+bb_reversion),pair,long,oscillator-reversion+mean-reversion,all,False,0.23502370758161217,0.3077329560925909,-0.5468904710038736,7,0.18133333333333335,0.05979032262422046,0.26912542560728486,-0.5468904710038736,5,0.20045731707317074,0.2041208678361408,0.4896379292336683,-0.4105304386750225,3,0.2291296625222025
any(rsi+bb_reversion),pair,long,oscillator-reversion+mean-reversion,any,False,-0.2432326318759459,0.22416169856478796,-0.8129781464459226,11,0.3472,-0.23850626446132017,0.20373339532591292,-0.8129781464459226,6,0.29496951219512196,0.1684496591952389,0.4626606784675218,-0.4105304386750225,5,0.5026642984014209
all(rsi+zscore),pair,long,oscillator-reversion+mean-reversion,all,False,0.23502370758161217,0.3077329560925909,-0.5468904710038736,7,0.18133333333333335,0.05979032262422046,0.26912542560728486,-0.5468904710038736,5,0.20045731707317074,0.2041208678361408,0.4896379292336683,-0.4105304386750225,3,0.2291296625222025
any(rsi+zscore),pair,long,oscillator-reversion+mean-reversion,any,False,-0.2432326318759459,0.22416169856478796,-0.8129781464459226,11,0.3472,-0.23850626446132017,0.20373339532591292,-0.8129781464459226,6,0.29496951219512196,0.1684496591952389,0.4626606784675218,-0.4105304386750225,5,0.5026642984014209
all(rsi+vwap_reversion),pair,long,oscillator-reversion+mean-reversion,all,False,0.34121407747258914,0.3463771547067712,-0.5743987488703856,8,0.18933333333333333,0.06613444003498126,0.2765779969536188,-0.5743987488703856,5,0.21036585365853658,0.25330939485938675,0.5439204217028138,-0.4105304386750225,4,0.2291296625222025
any(rsi+vwap_reversion),pair,long,oscillator-reversion+mean-reversion,any,False,-0.8052361915053117,-0.09046407596737728,-0.9237411368149547,21,0.512,-0.5190145663677334,0.09812416737649354,-0.9237411368149547,15,0.47942073170731714,-0.5062207320988155,-0.36697567263384306,-0.6325366388257598,6,0.6252220248667851
all(rsi+obv_trend),pair,long,oscillator-reversion+volume-flow,all,False,0.3933821392681074,0.4318141043515964,-0.4049359867725781,12,0.061866666666666674,0.30134349156270757,0.4629233467224529,-0.4049359867725781,11,0.04420731707317074,0.22360666297563703,0.6250938110793943,-0.2580650549149815,6,0.1793960923623446
any(rsi+obv_trend),pair,long,oscillator-reversion+volume-flow,any,True,11.348623492799847,1.0065885672686425,-0.7899384660784866,45,0.6645333333333333,13.922581115851383,1.2883329268822519,-0.7899384660784866,27,0.7012195121951219,-0.0880716845601841,0.22597742435793902,-0.5047665386877794,15,0.6269982238010657
all(stochastic+bb_reversion),pair,long,oscillator-reversion+mean-reversion,all,False,-0.5107176223839387,-0.011565687400218606,-0.7678810778897992,11,0.2672,-0.40002652299502983,-0.023530458146634004,-0.7678810778897992,7,0.23780487804878048,-0.1844933211739156,0.015100061645316722,-0.5168893115150243,4,0.33570159857904086
any(stochastic+bb_reversion),pair,long,oscillator-reversion+mean-reversion,any,False,-0.691739675871893,-0.022738341776059687,-0.9035587817564869,15,0.39466666666666667,-0.5172847544836033,0.04498719015371855,-0.9035587817564869,10,0.3795731707317073,-0.36118393115782743,-0.20231354070828536,-0.5403778717017762,5,0.42984014209591487
all(stochastic+zscore),pair,long,oscillator-reversion+mean-reversion,all,False,-0.5107176223839387,-0.011565687400218606,-0.7678810778897992,11,0.2672,-0.40002652299502983,-0.023530458146634004,-0.7678810778897992,7,0.23780487804878048,-0.1844933211739156,0.015100061645316722,-0.5168893115150243,4,0.33570159857904086
any(stochastic+zscore),pair,long,oscillator-reversion+mean-reversion,any,False,-0.691739675871893,-0.022738341776059687,-0.9035587817564869,15,0.39466666666666667,-0.5172847544836033,0.04498719015371855,-0.9035587817564869,10,0.3795731707317073,-0.36118393115782743,-0.20231354070828536,-0.5403778717017762,5,0.42984014209591487
all(stochastic+vwap_reversion),pair,long,oscillator-reversion+mean-reversion,all,False,-0.6862530056681644,-0.09346558674038809,-0.8684131464094292,17,0.36106666666666665,-0.38592974221481735,0.06856197374448586,-0.8684131464094292,13,0.35823170731707316,-0.4890698737576826,-0.4894145548348103,-0.6113867580164032,4,0.36767317939609245
any(stochastic+vwap_reversion),pair,long,oscillator-reversion+mean-reversion,any,False,-0.8656411428903473,-0.21250049036164304,-0.9348046464104083,20,0.4736,-0.700316648558118,-0.10020182020481569,-0.9348046464104083,13,0.4535060975609756,-0.5515098590177172,-0.5089907762007693,-0.666240149451072,7,0.5204262877442274
all(stochastic+obv_trend),pair,long,oscillator-reversion+volume-flow,all,False,0.4970282351669115,0.4835389408783699,-0.2580650549149812,23,0.0512,0.4000674648446254,0.5366818829305393,-0.2458578848281839,16,0.051067073170731704,0.06962179713646921,0.33929736092149126,-0.2580650549149815,7,0.05150976909413854
any(stochastic+obv_trend),pair,long,oscillator-reversion+volume-flow,any,True,0.8548052244740822,0.5651740274721693,-0.9519165245461744,42,0.8085333333333333,3.9776426166789305,0.9390289136438386,-0.9519165245461744,28,0.8163109756097561,-0.613725931114057,-0.5125088248808468,-0.7267268586084534,15,0.7886323268206039
all(bb_reversion+obv_trend),pair,long,mean-reversion+volume-flow,all,False,0.06840687727097006,0.16263023877353042,-0.266990338363865,15,0.03253333333333333,0.0428564266355016,0.1630907998296392,-0.17359960584019138,9,0.018292682926829267,0.024500448942813335,0.17656814642781285,-0.2580650549149815,6,0.06571936056838366
any(bb_reversion+obv_trend),pair,long,mean-reversion+volume-flow,any,True,2.215456634888334,0.6952953464140931,-0.9437313020722454,48,0.736,3.6859283872463626,0.9303096363913284,-0.9437313020722454,32,0.7149390243902439,-0.2886751752749471,0.029887370508021104,-0.6678462409564832,17,0.783303730017762
all(zscore+obv_trend),pair,long,mean-reversion+volume-flow,all,False,0.06840687727097006,0.16263023877353042,-0.266990338363865,15,0.03253333333333333,0.0428564266355016,0.1630907998296392,-0.17359960584019138,9,0.018292682926829267,0.024500448942813335,0.17656814642781285,-0.2580650549149815,6,0.06571936056838366
any(zscore+obv_trend),pair,long,mean-reversion+volume-flow,any,True,2.215456634888334,0.6952953464140931,-0.9437313020722454,48,0.736,3.6859283872463626,0.9303096363913284,-0.9437313020722454,32,0.7149390243902439,-0.2886751752749471,0.029887370508021104,-0.6678462409564832,17,0.783303730017762
all(vwap_reversion+obv_trend),pair,long,mean-reversion+volume-flow,all,True,0.2396212089506653,0.3064197780113316,-0.31608248742122863,30,0.06080000000000001,0.20716611051713785,0.3589091065483572,-0.31608248742122863,18,0.054115853658536585,0.026885362462357953,0.1855417978357924,-0.2630912607440076,12,0.07637655417406751
any(vwap_reversion+obv_trend),pair,long,mean-reversion+volume-flow,any,True,-0.2179613241397148,0.4094108801912778,-0.977461515033156,38,0.8805333333333333,1.592896034767659,0.7641034651669099,-0.977461515033156,27,0.8734756097560976,-0.6873459318146089,-0.6237979608412647,-0.7675072495029529,12,0.8952042628774423
